Focos,Temperatura,Precipitação,Focos_m1,Temperatura_m1,Precipitação_m1,Focos_m2,Temperatura_m2,Precipitação_m2,Focos_m3,Temperatura_m3,Precipitação_m3,Focos_m4,Temperatura_m4,Precipitação_m4,Categoria
2.0,28.492285714285718,8875,4.0,26.936414285714285,3.0625,1.0,27.00745714285714,11625,1.0,24.7584,38625,0.0,25.03531428571429,36875,2
2.0,26.89097142857143,22.6875,2.0,28.492285714285718,8875,4.0,26.936414285714285,3.0625,1.0,27.00745714285714,11625,1.0,24.7584,38625,2
5.0,24.285671428571423,16.6875,2.0,26.89097142857143,22.6875,2.0,28.492285714285718,8875,4.0,26.936414285714285,3.0625,1.0,27.00745714285714,11625,4
3.0,24.61802857142857,65125,5.0,24.285671428571423,16.6875,2.0,26.89097142857143,22.6875,2.0,28.492285714285718,8875,4.0,26.936414285714285,3.0625,3
1.0,23.73314285714286,6.0,3.0,24.61802857142857,65125,5.0,24.285671428571423,16.6875,2.0,26.89097142857143,22.6875,2.0,28.492285714285718,8875,1
3.0,24.172357142857145,52375,1.0,23.73314285714286,6.0,3.0,24.61802857142857,65125,5.0,24.285671428571423,16.6875,2.0,26.89097142857143,22.6875,3
4.0,24.674157142857144,29.1875,3.0,24.172357142857145,52375,1.0,23.73314285714286,6.0,3.0,24.61802857142857,65125,5.0,24.285671428571423,16.6875,3
2.0,22.58452857142857,22625,4.0,24.674157142857144,29.1875,3.0,24.172357142857145,52375,1.0,23.73314285714286,6.0,3.0,24.61802857142857,65125,2
2.0,24.1703,45.25,2.0,22.58452857142857,22625,4.0,24.674157142857144,29.1875,3.0,24.172357142857145,52375,1.0,23.73314285714286,6.0,2
1.0,23.9854,22.75,2.0,24.1703,45.25,2.0,22.58452857142857,22625,4.0,24.674157142857144,29.1875,3.0,24.172357142857145,52375,1
1.0,21.35587142857143,12375,1.0,23.9854,22.75,2.0,24.1703,45.25,2.0,22.58452857142857,22625,4.0,24.674157142857144,29.1875,1
0.0,20.47745714285714,11625,1.0,21.35587142857143,12375,1.0,23.9854,22.75,2.0,24.1703,45.25,2.0,22.58452857142857,22625,1
0.0,19.8415,5375,0.0,20.47745714285714,11625,1.0,21.35587142857143,12375,1.0,23.9854,22.75,2.0,24.1703,45.25,1
0.0,21.575071428571427,9125,0.0,19.8415,5375,0.0,20.47745714285714,11625,1.0,21.35587142857143,12375,1.0,23.9854,22.75,1
2.0,20.210214285714283,8875,0.0,21.575071428571427,9125,0.0,19.8415,5375,0.0,20.47745714285714,11625,1.0,21.35587142857143,12375,2
3.0,19.52584285714286,19625,2.0,20.210214285714283,8875,0.0,21.575071428571427,9125,0.0,19.8415,5375,0.0,20.47745714285714,11625,3
1.0,16.43522857142857,35.0,3.0,19.52584285714286,19625,2.0,20.210214285714283,8875,0.0,21.575071428571427,9125,0.0,19.8415,5375,1
1.0,16.975442857142856,45625,1.0,16.43522857142857,35.0,3.0,19.52584285714286,19625,2.0,20.210214285714283,8875,0.0,21.575071428571427,9125,1
0.0,18.84142857142857,45.5,1.0,16.975442857142856,45625,1.0,16.43522857142857,35.0,3.0,19.52584285714286,19625,2.0,20.210214285714283,8875,1
2.0,16.6333,15.0,0.0,18.84142857142857,45.5,1.0,16.975442857142856,45625,1.0,16.43522857142857,35.0,3.0,19.52584285714286,19625,2
0.0,18.745842857142858,55625,2.0,16.6333,15.0,0.0,18.84142857142857,45.5,1.0,16.975442857142856,45625,1.0,16.43522857142857,35.0,1
2.0,18.685214285714288,41.75,0.0,18.745842857142858,55625,2.0,16.6333,15.0,0.0,18.84142857142857,45.5,1.0,16.975442857142856,45625,2
1.0,17.4342,2875,2.0,18.685214285714288,41.75,0.0,18.745842857142858,55625,2.0,16.6333,15.0,0.0,18.84142857142857,45.5,1
3.0,18.43547142857143,7.5,1.0,17.4342,2875,2.0,18.685214285714288,41.75,0.0,18.745842857142858,55625,2.0,16.6333,15.0,3
0.0,16.773885714285715,22.5,3.0,18.43547142857143,7.5,1.0,17.4342,2875,2.0,18.685214285714288,41.75,0.0,18.745842857142858,55625,1
0.0,17.449214285714284,9.75,0.0,16.773885714285715,22.5,3.0,18.43547142857143,7.5,1.0,17.4342,2875,2.0,18.685214285714288,41.75,1
0.0,17.473185714285712,13.25,0.0,17.449214285714284,9.75,0.0,16.773885714285715,22.5,3.0,18.43547142857143,7.5,1.0,17.4342,2875,1
0.0,16.432157142857143,26.5,0.0,17.473185714285712,13.25,0.0,17.449214285714284,9.75,0.0,16.773885714285715,22.5,3.0,18.43547142857143,7.5,1
1.0,18.6608,6875,0.0,16.432157142857143,26.5,0.0,17.473185714285712,13.25,0.0,17.449214285714284,9.75,0.0,16.773885714285715,22.5,1
0.0,17.287457142857143,12.5,1.0,18.6608,6875,0.0,16.432157142857143,26.5,0.0,17.473185714285712,13.25,0.0,17.449214285714284,9.75,1
1.0,18.484614285714287,65375,0.0,17.287457142857143,12.5,1.0,18.6608,6875,0.0,16.432157142857143,26.5,0.0,17.473185714285712,13.25,1
0.0,20.241942857142856,2.25,1.0,18.484614285714287,65375,0.0,17.287457142857143,12.5,1.0,18.6608,6875,0.0,16.432157142857143,26.5,1
1.0,20.39992857142857,20.5,0.0,20.241942857142856,2.25,1.0,18.484614285714287,65375,0.0,17.287457142857143,12.5,1.0,18.6608,6875,1
1.0,19.6889,36.25,1.0,20.39992857142857,20.5,0.0,20.241942857142856,2.25,1.0,18.484614285714287,65375,0.0,17.287457142857143,12.5,1
3.0,19.6348,70125,1.0,19.6889,36.25,1.0,20.39992857142857,20.5,0.0,20.241942857142856,2.25,1.0,18.484614285714287,65375,3
2.0,21.582914285714285,375,3.0,19.6348,70125,1.0,19.6889,36.25,1.0,20.39992857142857,20.5,0.0,20.241942857142856,2.25,2
1.0,22.31648571428571,76.0,2.0,21.582914285714285,375,3.0,19.6348,70125,1.0,19.6889,36.25,1.0,20.39992857142857,20.5,1
0.0,21.843714285714288,9.25,1.0,22.31648571428571,76.0,2.0,21.582914285714285,375,3.0,19.6348,70125,1.0,19.6889,36.25,1
1.0,23.72467142857143,2.5,0.0,21.843714285714288,9.25,1.0,22.31648571428571,76.0,2.0,21.582914285714285,375,3.0,19.6348,70125,1
4.0,22.959485714285712,21.75,1.0,23.72467142857143,2.5,0.0,21.843714285714288,9.25,1.0,22.31648571428571,76.0,2.0,21.582914285714285,375,3
0.0,22.943357142857145,0.25,4.0,22.959485714285712,21.75,1.0,23.72467142857143,2.5,0.0,21.843714285714288,9.25,1.0,22.31648571428571,76.0,1
2.0,22.999357142857143,5.0,0.0,22.943357142857145,0.25,4.0,22.959485714285712,21.75,1.0,23.72467142857143,2.5,0.0,21.843714285714288,9.25,2
0.0,23.7191,33125,2.0,22.999357142857143,5.0,0.0,22.943357142857145,0.25,4.0,22.959485714285712,21.75,1.0,23.72467142857143,2.5,1
3.0,24.6366,3625,0.0,23.7191,33125,2.0,22.999357142857143,5.0,0.0,22.943357142857145,0.25,4.0,22.959485714285712,21.75,3
0.0,26.27752857142857,37.4375,3.0,24.6366,3625,0.0,23.7191,33125,2.0,22.999357142857143,5.0,0.0,22.943357142857145,0.25,1
0.0,24.075242857142857,31.5625,0.0,26.27752857142857,37.4375,3.0,24.6366,3625,0.0,23.7191,33125,2.0,22.999357142857143,5.0,1
0.0,23.67452857142857,59625,0.0,24.075242857142857,31.5625,0.0,26.27752857142857,37.4375,3.0,24.6366,3625,0.0,23.7191,33125,1
2.0,25.9907,35.5,0.0,23.67452857142857,59625,0.0,24.075242857142857,31.5625,0.0,26.27752857142857,37.4375,3.0,24.6366,3625,2
3.0,27.140271428571427,48.5,2.0,25.9907,35.5,0.0,23.67452857142857,59625,0.0,24.075242857142857,31.5625,0.0,26.27752857142857,37.4375,3
4.0,28.26647142857143,20625,3.0,27.140271428571427,48.5,2.0,25.9907,35.5,0.0,23.67452857142857,59625,0.0,24.075242857142857,31.5625,3
9.0,25.230914285714285,76.5625,4.0,28.26647142857143,20625,3.0,27.140271428571427,48.5,2.0,25.9907,35.5,0.0,23.67452857142857,59625,5
3.0,26.162928571428573,30.25,9.0,25.230914285714285,76.5625,4.0,28.26647142857143,20625,3.0,27.140271428571427,48.5,2.0,25.9907,35.5,3
2.0,24.99742857142857,38.75,3.0,26.162928571428573,30.25,9.0,25.230914285714285,76.5625,4.0,28.26647142857143,20625,3.0,27.140271428571427,48.5,2
8.0,26.704285714285717,143125,2.0,24.99742857142857,38.75,3.0,26.162928571428573,30.25,9.0,25.230914285714285,76.5625,4.0,28.26647142857143,20625,5
7.0,25.372857142857143,43.0,8.0,26.704285714285717,143125,2.0,24.99742857142857,38.75,3.0,26.162928571428573,30.25,9.0,25.230914285714285,76.5625,4
5.0,25.746771428571428,27.6875,7.0,25.372857142857143,43.0,8.0,26.704285714285717,143125,2.0,24.99742857142857,38.75,3.0,26.162928571428573,30.25,4
5.0,26.08391428571429,17.75,5.0,25.746771428571428,27.6875,7.0,25.372857142857143,43.0,8.0,26.704285714285717,143125,2.0,24.99742857142857,38.75,4
10.0,25.330071428571426,35.25,5.0,26.08391428571429,17.75,5.0,25.746771428571428,27.6875,7.0,25.372857142857143,43.0,8.0,26.704285714285717,143125,5
13.0,25.19087142857143,9.75,10.0,25.330071428571426,35.25,5.0,26.08391428571429,17.75,5.0,25.746771428571428,27.6875,7.0,25.372857142857143,43.0,6
8.0,23.002557142857142,15.6875,13.0,25.19087142857143,9.75,10.0,25.330071428571426,35.25,5.0,26.08391428571429,17.75,5.0,25.746771428571428,27.6875,5
9.0,23.292585714285718,80625,8.0,23.002557142857142,15.6875,13.0,25.19087142857143,9.75,10.0,25.330071428571426,35.25,5.0,26.08391428571429,17.75,5
2.0,22335,51.0625,9.0,23.292585714285718,80625,8.0,23.002557142857142,15.6875,13.0,25.19087142857143,9.75,10.0,25.330071428571426,35.25,2
11.0,23.549385714285712,29.25,2.0,22335,51.0625,9.0,23.292585714285718,80625,8.0,23.002557142857142,15.6875,13.0,25.19087142857143,9.75,5
0.0,22.257585714285717,45375,11.0,23.549385714285712,29.25,2.0,22335,51.0625,9.0,23.292585714285718,80625,8.0,23.002557142857142,15.6875,1
0.0,20.99242857142857,6375,0.0,22.257585714285717,45375,11.0,23.549385714285712,29.25,2.0,22335,51.0625,9.0,23.292585714285718,80625,1
5.0,20.051614285714287,9875,0.0,20.99242857142857,6375,0.0,22.257585714285717,45375,11.0,23.549385714285712,29.25,2.0,22335,51.0625,4
1.0,19.581157142857144,44.6875,5.0,20.051614285714287,9875,0.0,20.99242857142857,6375,0.0,22.257585714285717,45375,11.0,23.549385714285712,29.25,1
3.0,21.46112857142857,49.9375,1.0,19.581157142857144,44.6875,5.0,20.051614285714287,9875,0.0,20.99242857142857,6375,0.0,22.257585714285717,45375,3
1.0,19.917785714285717,95.75,3.0,21.46112857142857,49.9375,1.0,19.581157142857144,44.6875,5.0,20.051614285714287,9875,0.0,20.99242857142857,6375,1
9.0,19.10065714285714,0.0,1.0,19.917785714285717,95.75,3.0,21.46112857142857,49.9375,1.0,19.581157142857144,44.6875,5.0,20.051614285714287,9875,5
9.0,20.73267142857143,12.5,9.0,19.10065714285714,0.0,1.0,19.917785714285717,95.75,3.0,21.46112857142857,49.9375,1.0,19.581157142857144,44.6875,5
2.0,15.784114285714285,76125,9.0,20.73267142857143,12.5,9.0,19.10065714285714,0.0,1.0,19.917785714285717,95.75,3.0,21.46112857142857,49.9375,2
2.0,18.03824285714285,0.9375,2.0,15.784114285714285,76125,9.0,20.73267142857143,12.5,9.0,19.10065714285714,0.0,1.0,19.917785714285717,95.75,2
5.0,18.708571428571425,4125,2.0,18.03824285714285,0.9375,2.0,15.784114285714285,76125,9.0,20.73267142857143,12.5,9.0,19.10065714285714,0.0,4
5.0,17.816585714285715,46.25,5.0,18.708571428571425,4125,2.0,18.03824285714285,0.9375,2.0,15.784114285714285,76125,9.0,20.73267142857143,12.5,4
10.0,18.718414285714285,58.75,5.0,17.816585714285715,46.25,5.0,18.708571428571425,4125,2.0,18.03824285714285,0.9375,2.0,15.784114285714285,76125,5
5.0,17.616442857142857,156687,10.0,18.718414285714285,58.75,5.0,17.816585714285715,46.25,5.0,18.708571428571425,4125,2.0,18.03824285714285,0.9375,4
0.0,19.301414285714287,0.0,5.0,17.616442857142857,156687,10.0,18.718414285714285,58.75,5.0,17.816585714285715,46.25,5.0,18.708571428571425,4125,1
5.0,21.2301,0.0,0.0,19.301414285714287,0.0,5.0,17.616442857142857,156687,10.0,18.718414285714285,58.75,5.0,17.816585714285715,46.25,4
4.0,21.725057142857143,125,5.0,21.2301,0.0,0.0,19.301414285714287,0.0,5.0,17.616442857142857,156687,10.0,18.718414285714285,58.75,3
4.0,20.23592857142857,17375,4.0,21.725057142857143,125,5.0,21.2301,0.0,0.0,19.301414285714287,0.0,5.0,17.616442857142857,156687,3
4.0,18.964971428571427,53.25,4.0,20.23592857142857,17375,4.0,21.725057142857143,125,5.0,21.2301,0.0,0.0,19.301414285714287,0.0,3
18.0,18.631614285714285,25.75,4.0,18.964971428571427,53.25,4.0,20.23592857142857,17375,4.0,21.725057142857143,125,5.0,21.2301,0.0,6
4.0,18.405857142857144,52875,18.0,18.631614285714285,25.75,4.0,18.964971428571427,53.25,4.0,20.23592857142857,17375,4.0,21.725057142857143,125,3
6.0,20.18777142857143,57625,4.0,18.405857142857144,52875,18.0,18.631614285714285,25.75,4.0,18.964971428571427,53.25,4.0,20.23592857142857,17375,4
4.0,22.024228571428573,26625,6.0,20.18777142857143,57625,4.0,18.405857142857144,52875,18.0,18.631614285714285,25.75,4.0,18.964971428571427,53.25,3
3.0,20.12884285714286,109.25,4.0,22.024228571428573,26625,6.0,20.18777142857143,57625,4.0,18.405857142857144,52875,18.0,18.631614285714285,25.75,3
3.0,19.473785714285714,60.3125,3.0,20.12884285714286,109.25,4.0,22.024228571428573,26625,6.0,20.18777142857143,57625,4.0,18.405857142857144,52875,3
6.0,20.143185714285718,85125,3.0,19.473785714285714,60.3125,3.0,20.12884285714286,109.25,4.0,22.024228571428573,26625,6.0,20.18777142857143,57625,4
3.0,19.873914285714285,66.25,6.0,20.143185714285718,85125,3.0,19.473785714285714,60.3125,3.0,20.12884285714286,109.25,4.0,22.024228571428573,26625,3
0.0,20.876214285714287,54.75,3.0,19.873914285714285,66.25,6.0,20.143185714285718,85125,3.0,19.473785714285714,60.3125,3.0,20.12884285714286,109.25,1
5.0,19.34337142857143,76.5,0.0,20.876214285714287,54.75,3.0,19.873914285714285,66.25,6.0,20.143185714285718,85125,3.0,19.473785714285714,60.3125,4
3.0,23.12885714285714,12625,5.0,19.34337142857143,76.5,0.0,20.876214285714287,54.75,3.0,19.873914285714285,66.25,6.0,20.143185714285718,85125,3
7.0,22.82792857142857,31125,3.0,23.12885714285714,12625,5.0,19.34337142857143,76.5,0.0,20.876214285714287,54.75,3.0,19.873914285714285,66.25,4
5.0,22.20202857142857,33125,7.0,22.82792857142857,31125,3.0,23.12885714285714,12625,5.0,19.34337142857143,76.5,0.0,20.876214285714287,54.75,4
3.0,21.851785714285715,31125,5.0,22.20202857142857,33125,7.0,22.82792857142857,31125,3.0,23.12885714285714,12625,5.0,19.34337142857143,76.5,3
3.0,22.97695714285714,20.0625,3.0,21.851785714285715,31125,5.0,22.20202857142857,33125,7.0,22.82792857142857,31125,3.0,23.12885714285714,12625,3
4.0,25.413100000000004,39125,3.0,22.97695714285714,20.0625,3.0,21.851785714285715,31125,5.0,22.20202857142857,33125,7.0,22.82792857142857,31125,3
3.0,24.392757142857143,68125,4.0,25.413100000000004,39125,3.0,22.97695714285714,20.0625,3.0,21.851785714285715,31125,5.0,22.20202857142857,33125,3
2.0,25.72002857142857,69.5,3.0,24.392757142857143,68125,4.0,25.413100000000004,39125,3.0,22.97695714285714,20.0625,3.0,21.851785714285715,31125,2
7.0,25.01694285714285,15875,2.0,25.72002857142857,69.5,3.0,24.392757142857143,68125,4.0,25.413100000000004,39125,3.0,22.97695714285714,20.0625,4
5.0,25.48127142857143,120.0625,7.0,25.01694285714285,15875,2.0,25.72002857142857,69.5,3.0,24.392757142857143,68125,4.0,25.413100000000004,39125,4
13.0,25.536671428571427,0.0,5.0,25.48127142857143,120.0625,7.0,25.01694285714285,15875,2.0,25.72002857142857,69.5,3.0,24.392757142857143,68125,6
12.0,25.548228571428574,68125,13.0,25.536671428571427,0.0,5.0,25.48127142857143,120.0625,7.0,25.01694285714285,15875,2.0,25.72002857142857,69.5,6
13.0,24.209457142857143,78.6875,12.0,25.548228571428574,68125,13.0,25.536671428571427,0.0,5.0,25.48127142857143,120.0625,7.0,25.01694285714285,15875,6
1.0,26.246214285714284,3.6875,13.0,24.209457142857143,78.6875,12.0,25.548228571428574,68125,13.0,25.536671428571427,0.0,5.0,25.48127142857143,120.0625,1
24.0,26.48674285714285,34375,1.0,26.246214285714284,3.6875,13.0,24.209457142857143,78.6875,12.0,25.548228571428574,68125,13.0,25.536671428571427,0.0,7
29.0,26.894457142857146,113375,24.0,26.48674285714285,34375,1.0,26.246214285714284,3.6875,13.0,24.209457142857143,78.6875,12.0,25.548228571428574,68125,7
9.0,23.32144285714286,131.0625,29.0,26.894457142857146,113375,24.0,26.48674285714285,34375,1.0,26.246214285714284,3.6875,13.0,24.209457142857143,78.6875,5
0.0,24.25655714285714,86.5,9.0,23.32144285714286,131.0625,29.0,26.894457142857146,113375,24.0,26.48674285714285,34375,1.0,26.246214285714284,3.6875,1
8.0,24.766114285714284,0.5,0.0,24.25655714285714,86.5,9.0,23.32144285714286,131.0625,29.0,26.894457142857146,113375,24.0,26.48674285714285,34375,5
0.0,24.132842857142855,86.4375,8.0,24.766114285714284,0.5,0.0,24.25655714285714,86.5,9.0,23.32144285714286,131.0625,29.0,26.894457142857146,113375,1
7.0,24.6801,5.5,0.0,24.132842857142855,86.4375,8.0,24.766114285714284,0.5,0.0,24.25655714285714,86.5,9.0,23.32144285714286,131.0625,4
3.0,26.0397,8625,7.0,24.6801,5.5,0.0,24.132842857142855,86.4375,8.0,24.766114285714284,0.5,0.0,24.25655714285714,86.5,3
28.0,24.94235714285714,37.5,3.0,26.0397,8625,7.0,24.6801,5.5,0.0,24.132842857142855,86.4375,8.0,24.766114285714284,0.5,7
14.0,26.487671428571428,26.0,28.0,24.94235714285714,37.5,3.0,26.0397,8625,7.0,24.6801,5.5,0.0,24.132842857142855,86.4375,6
14.0,19.2976,28125,14.0,26.487671428571428,26.0,28.0,24.94235714285714,37.5,3.0,26.0397,8625,7.0,24.6801,5.5,6
7.0,18.217285714285715,11.25,14.0,19.2976,28125,14.0,26.487671428571428,26.0,28.0,24.94235714285714,37.5,3.0,26.0397,8625,4
4.0,20.005757142857146,0.5625,7.0,18.217285714285715,11.25,14.0,19.2976,28125,14.0,26.487671428571428,26.0,28.0,24.94235714285714,37.5,3
13.0,16.552542857142857,23.5,4.0,20.005757142857146,0.5625,7.0,18.217285714285715,11.25,14.0,19.2976,28125,14.0,26.487671428571428,26.0,6
1.0,17.386985714285714,22875,13.0,16.552542857142857,23.5,4.0,20.005757142857146,0.5625,7.0,18.217285714285715,11.25,14.0,19.2976,28125,1
14.0,16.937014285714287,19125,1.0,17.386985714285714,22875,13.0,16.552542857142857,23.5,4.0,20.005757142857146,0.5625,7.0,18.217285714285715,11.25,6
4.0,12.420742857142857,125,14.0,16.937014285714287,19125,1.0,17.386985714285714,22875,13.0,16.552542857142857,23.5,4.0,20.005757142857146,0.5625,3
3.0,13.855098571428572,20125,4.0,12.420742857142857,125,14.0,16.937014285714287,19125,1.0,17.386985714285714,22875,13.0,16.552542857142857,23.5,3
1.0,14.184542857142857,15625,3.0,13.855098571428572,20125,4.0,12.420742857142857,125,14.0,16.937014285714287,19125,1.0,17.386985714285714,22875,1
2.0,16.536385714285714,0.0,1.0,14.184542857142857,15625,3.0,13.855098571428572,20125,4.0,12.420742857142857,125,14.0,16.937014285714287,19125,2
7.0,16.356514285714287,0.0,2.0,16.536385714285714,0.0,1.0,14.184542857142857,15625,3.0,13.855098571428572,20125,4.0,12.420742857142857,125,4
2.0,17.790157142857144,113.75,7.0,16.356514285714287,0.0,2.0,16.536385714285714,0.0,1.0,14.184542857142857,15625,3.0,13.855098571428572,20125,2
2.0,12.177254285714286,1125,2.0,17.790157142857144,113.75,7.0,16.356514285714287,0.0,2.0,16.536385714285714,0.0,1.0,14.184542857142857,15625,2
0.0,16.133285714285712,125,2.0,12.177254285714286,1125,2.0,17.790157142857144,113.75,7.0,16.356514285714287,0.0,2.0,16.536385714285714,0.0,1
9.0,18579,4.0,0.0,16.133285714285712,125,2.0,12.177254285714286,1125,2.0,17.790157142857144,113.75,7.0,16.356514285714287,0.0,5
0.0,15.723885714285714,14625,9.0,18579,4.0,0.0,16.133285714285712,125,2.0,12.177254285714286,1125,2.0,17.790157142857144,113.75,1
0.0,17.661914285714285,37875,0.0,15.723885714285714,14625,9.0,18579,4.0,0.0,16.133285714285712,125,2.0,12.177254285714286,1125,1
0.0,16.068514285714286,16125,0.0,17.661914285714285,37875,0.0,15.723885714285714,14625,9.0,18579,4.0,0.0,16.133285714285712,125,1
7.0,19.32822857142857,4.0,0.0,16.068514285714286,16125,0.0,17.661914285714285,37875,0.0,15.723885714285714,14625,9.0,18579,4.0,4
4.0,18.655485714285717,107625,7.0,19.32822857142857,4.0,0.0,16.068514285714286,16125,0.0,17.661914285714285,37875,0.0,15.723885714285714,14625,3
2.0,20.045385714285715,1.0,4.0,18.655485714285717,107625,7.0,19.32822857142857,4.0,0.0,16.068514285714286,16125,0.0,17.661914285714285,37875,2
0.0,18.430271428571427,3.25,2.0,20.045385714285715,1.0,4.0,18.655485714285717,107625,7.0,19.32822857142857,4.0,0.0,16.068514285714286,16125,1
1.0,17.438357142857143,0.0,0.0,18.430271428571427,3.25,2.0,20.045385714285715,1.0,4.0,18.655485714285717,107625,7.0,19.32822857142857,4.0,1
10.0,18171,52125,1.0,17.438357142857143,0.0,0.0,18.430271428571427,3.25,2.0,20.045385714285715,1.0,4.0,18.655485714285717,107625,5
1.0,19.99032857142857,17.75,10.0,18171,52125,1.0,17.438357142857143,0.0,0.0,18.430271428571427,3.25,2.0,20.045385714285715,1.0,1
0.0,22.11952857142857,37.75,1.0,19.99032857142857,17.75,10.0,18171,52125,1.0,17.438357142857143,0.0,0.0,18.430271428571427,3.25,1
1.0,21.04077142857143,62875,0.0,22.11952857142857,37.75,1.0,19.99032857142857,17.75,10.0,18171,52125,1.0,17.438357142857143,0.0,1
14.0,21.16752857142857,2.0,1.0,21.04077142857143,62875,0.0,22.11952857142857,37.75,1.0,19.99032857142857,17.75,10.0,18171,52125,6
0.0,23.098285714285712,8.0,14.0,21.16752857142857,2.0,1.0,21.04077142857143,62875,0.0,22.11952857142857,37.75,1.0,19.99032857142857,17.75,1
3.0,21.167957142857144,32375,0.0,23.098285714285712,8.0,14.0,21.16752857142857,2.0,1.0,21.04077142857143,62875,0.0,22.11952857142857,37.75,3
4.0,21.384871428571422,2.0,3.0,21.167957142857144,32375,0.0,23.098285714285712,8.0,14.0,21.16752857142857,2.0,1.0,21.04077142857143,62875,3
7.0,22.618242857142857,7.25,4.0,21.384871428571422,2.0,3.0,21.167957142857144,32375,0.0,23.098285714285712,8.0,14.0,21.16752857142857,2.0,4
9.0,22.07097142857143,126625,7.0,22.618242857142857,7.25,4.0,21.384871428571422,2.0,3.0,21.167957142857144,32375,0.0,23.098285714285712,8.0,5
5.0,22.62774285714286,32.5625,9.0,22.07097142857143,126625,7.0,22.618242857142857,7.25,4.0,21.384871428571422,2.0,3.0,21.167957142857144,32375,4
2.0,24.854257142857143,30.75,5.0,22.62774285714286,32.5625,9.0,22.07097142857143,126625,7.0,22.618242857142857,7.25,4.0,21.384871428571422,2.0,2
0.0,26.39184285714285,56375,2.0,24.854257142857143,30.75,5.0,22.62774285714286,32.5625,9.0,22.07097142857143,126625,7.0,22.618242857142857,7.25,1
4.0,26.536471428571428,35.9375,0.0,26.39184285714285,56375,2.0,24.854257142857143,30.75,5.0,22.62774285714286,32.5625,9.0,22.07097142857143,126625,3
12.0,26.62467142857143,12.5625,4.0,26.536471428571428,35.9375,0.0,26.39184285714285,56375,2.0,24.854257142857143,30.75,5.0,22.62774285714286,32.5625,6
11.0,26.594385714285718,18.5625,12.0,26.62467142857143,12.5625,4.0,26.536471428571428,35.9375,0.0,26.39184285714285,56375,2.0,24.854257142857143,30.75,5
4.0,24.609514285714283,67.4375,11.0,26.594385714285718,18.5625,12.0,26.62467142857143,12.5625,4.0,26.536471428571428,35.9375,0.0,26.39184285714285,56375,3
7.0,25.582985714285712,102.25,4.0,24.609514285714283,67.4375,11.0,26.594385714285718,18.5625,12.0,26.62467142857143,12.5625,4.0,26.536471428571428,35.9375,4
9.0,25.97904285714285,4.75,7.0,25.582985714285712,102.25,4.0,24.609514285714283,67.4375,11.0,26.594385714285718,18.5625,12.0,26.62467142857143,12.5625,5
12.0,27.34707142857143,83625,9.0,25.97904285714285,4.75,7.0,25.582985714285712,102.25,4.0,24.609514285714283,67.4375,11.0,26.594385714285718,18.5625,6
18.0,27.43237142857143,7125,12.0,27.34707142857143,83625,9.0,25.97904285714285,4.75,7.0,25.582985714285712,102.25,4.0,24.609514285714283,67.4375,6
3.0,27.03752857142857,6125,18.0,27.43237142857143,7125,12.0,27.34707142857143,83625,9.0,25.97904285714285,4.75,7.0,25.582985714285712,102.25,3
17.0,25.9321,101.0625,3.0,27.03752857142857,6125,18.0,27.43237142857143,7125,12.0,27.34707142857143,83625,9.0,25.97904285714285,4.75,6
18.0,24.202771428571427,15.0625,17.0,25.9321,101.0625,3.0,27.03752857142857,6125,18.0,27.43237142857143,7125,12.0,27.34707142857143,83625,6
12.0,22.76377142857143,56.0625,18.0,24.202771428571427,15.0625,17.0,25.9321,101.0625,3.0,27.03752857142857,6125,18.0,27.43237142857143,7125,6
17.0,22.561585714285712,39625,12.0,22.76377142857143,56.0625,18.0,24.202771428571427,15.0625,17.0,25.9321,101.0625,3.0,27.03752857142857,6125,6
7.0,22.86858571428572,73.9375,17.0,22.561585714285712,39625,12.0,22.76377142857143,56.0625,18.0,24.202771428571427,15.0625,17.0,25.9321,101.0625,4
8.0,23.27264285714286,13.5,7.0,22.86858571428572,73.9375,17.0,22.561585714285712,39625,12.0,22.76377142857143,56.0625,18.0,24.202771428571427,15.0625,5
17.0,21.647257142857143,24.0,8.0,23.27264285714286,13.5,7.0,22.86858571428572,73.9375,17.0,22.561585714285712,39625,12.0,22.76377142857143,56.0625,6
24.0,19.5649,17875,17.0,21.647257142857143,24.0,8.0,23.27264285714286,13.5,7.0,22.86858571428572,73.9375,17.0,22.561585714285712,39625,7
5.0,20.703985714285714,4.25,24.0,19.5649,17875,17.0,21.647257142857143,24.0,8.0,23.27264285714286,13.5,7.0,22.86858571428572,73.9375,4
9.0,21.07791428571429,5125,5.0,20.703985714285714,4.25,24.0,19.5649,17875,17.0,21.647257142857143,24.0,8.0,23.27264285714286,13.5,5
4.0,19.946428571428573,62625,9.0,21.07791428571429,5125,5.0,20.703985714285714,4.25,24.0,19.5649,17875,17.0,21.647257142857143,24.0,3
7.0,20.701114285714286,63.0,4.0,19.946428571428573,62625,9.0,21.07791428571429,5125,5.0,20.703985714285714,4.25,24.0,19.5649,17875,4
5.0,18.9125,160375,7.0,20.701114285714286,63.0,4.0,19.946428571428573,62625,9.0,21.07791428571429,5125,5.0,20.703985714285714,4.25,4
11.0,18.57602857142857,94.25,5.0,18.9125,160375,7.0,20.701114285714286,63.0,4.0,19.946428571428573,62625,9.0,21.07791428571429,5125,5
9.0,17.518785714285716,0.0,11.0,18.57602857142857,94.25,5.0,18.9125,160375,7.0,20.701114285714286,63.0,4.0,19.946428571428573,62625,5
10.0,18.055914285714287,8.75,9.0,17.518785714285716,0.0,11.0,18.57602857142857,94.25,5.0,18.9125,160375,7.0,20.701114285714286,63.0,5
14.0,19.5502,125,10.0,18.055914285714287,8.75,9.0,17.518785714285716,0.0,11.0,18.57602857142857,94.25,5.0,18.9125,160375,6
8.0,17.4012,3.5,14.0,19.5502,125,10.0,18.055914285714287,8.75,9.0,17.518785714285716,0.0,11.0,18.57602857142857,94.25,5
2.0,19.75781428571429,125,8.0,17.4012,3.5,14.0,19.5502,125,10.0,18.055914285714287,8.75,9.0,17.518785714285716,0.0,2
8.0,14.648392857142856,5.75,2.0,19.75781428571429,125,8.0,17.4012,3.5,14.0,19.5502,125,10.0,18.055914285714287,8.75,5
7.0,18.81442857142857,0.0,8.0,14.648392857142856,5.75,2.0,19.75781428571429,125,8.0,17.4012,3.5,14.0,19.5502,125,4
10.0,19.10602857142857,45.75,7.0,18.81442857142857,0.0,8.0,14.648392857142856,5.75,2.0,19.75781428571429,125,8.0,17.4012,3.5,5
7.0,18.320457142857144,18625,10.0,19.10602857142857,45.75,7.0,18.81442857142857,0.0,8.0,14.648392857142856,5.75,2.0,19.75781428571429,125,4
12.0,18.754985714285716,22.0,7.0,18.320457142857144,18625,10.0,19.10602857142857,45.75,7.0,18.81442857142857,0.0,8.0,14.648392857142856,5.75,6
2.0,18.106571428571428,28.6875,12.0,18.754985714285716,22.0,7.0,18.320457142857144,18625,10.0,19.10602857142857,45.75,7.0,18.81442857142857,0.0,2
6.0,20.098385714285712,0.0,2.0,18.106571428571428,28.6875,12.0,18.754985714285716,22.0,7.0,18.320457142857144,18625,10.0,19.10602857142857,45.75,4
12.0,20.982642857142856,0.0,6.0,20.098385714285712,0.0,2.0,18.106571428571428,28.6875,12.0,18.754985714285716,22.0,7.0,18.320457142857144,18625,6
6.0,21.91907142857143,0.25,12.0,20.982642857142856,0.0,6.0,20.098385714285712,0.0,2.0,18.106571428571428,28.6875,12.0,18.754985714285716,22.0,4
14.0,21.63095714285714,0.0,6.0,21.91907142857143,0.25,12.0,20.982642857142856,0.0,6.0,20.098385714285712,0.0,2.0,18.106571428571428,28.6875,6
8.0,20.390142857142852,101.25,14.0,21.63095714285714,0.0,6.0,21.91907142857143,0.25,12.0,20.982642857142856,0.0,6.0,20.098385714285712,0.0,5
7.0,21.140828571428568,51.75,8.0,20.390142857142852,101.25,14.0,21.63095714285714,0.0,6.0,21.91907142857143,0.25,12.0,20.982642857142856,0.0,4
6.0,21.576557142857144,37875,7.0,21.140828571428568,51.75,8.0,20.390142857142852,101.25,14.0,21.63095714285714,0.0,6.0,21.91907142857143,0.25,4
1.0,21.88668571428571,1.0,6.0,21.576557142857144,37875,7.0,21.140828571428568,51.75,8.0,20.390142857142852,101.25,14.0,21.63095714285714,0.0,1
6.0,21.339114285714285,33.5,1.0,21.88668571428571,1.0,6.0,21.576557142857144,37875,7.0,21.140828571428568,51.75,8.0,20.390142857142852,101.25,4
11.0,21.450614285714288,0.0,6.0,21.339114285714285,33.5,1.0,21.88668571428571,1.0,6.0,21.576557142857144,37875,7.0,21.140828571428568,51.75,5
9.0,21.62412857142857,62625,11.0,21.450614285714288,0.0,6.0,21.339114285714285,33.5,1.0,21.88668571428571,1.0,6.0,21.576557142857144,37875,5
11.0,22.20785714285714,44.0,9.0,21.62412857142857,62625,11.0,21.450614285714288,0.0,6.0,21.339114285714285,33.5,1.0,21.88668571428571,1.0,5
11.0,22.12954285714286,5.8125,11.0,22.20785714285714,44.0,9.0,21.62412857142857,62625,11.0,21.450614285714288,0.0,6.0,21.339114285714285,33.5,5
12.0,22.845242857142857,22.75,11.0,22.12954285714286,5.8125,11.0,22.20785714285714,44.0,9.0,21.62412857142857,62625,11.0,21.450614285714288,0.0,6
18.0,23.63105714285714,51.9375,12.0,22.845242857142857,22.75,11.0,22.12954285714286,5.8125,11.0,22.20785714285714,44.0,9.0,21.62412857142857,62625,6
9.0,24.199585714285718,1.0,18.0,23.63105714285714,51.9375,12.0,22.845242857142857,22.75,11.0,22.12954285714286,5.8125,11.0,22.20785714285714,44.0,5
1.0,24.23207142857143,51.4375,9.0,24.199585714285718,1.0,18.0,23.63105714285714,51.9375,12.0,22.845242857142857,22.75,11.0,22.12954285714286,5.8125,1
6.0,23.305857142857143,59.4375,1.0,24.23207142857143,51.4375,9.0,24.199585714285718,1.0,18.0,23.63105714285714,51.9375,12.0,22.845242857142857,22.75,4
13.0,25.319157142857144,25.0625,6.0,23.305857142857143,59.4375,1.0,24.23207142857143,51.4375,9.0,24.199585714285718,1.0,18.0,23.63105714285714,51.9375,6
0.0,23343,208.1875,13.0,25.319157142857144,25.0625,6.0,23.305857142857143,59.4375,1.0,24.23207142857143,51.4375,9.0,24.199585714285718,1.0,1
29.0,26.201042857142856,33.25,0.0,23343,208.1875,13.0,25.319157142857144,25.0625,6.0,23.305857142857143,59.4375,1.0,24.23207142857143,51.4375,7
27.0,24.5018,121.4375,29.0,26.201042857142856,33.25,0.0,23343,208.1875,13.0,25.319157142857144,25.0625,6.0,23.305857142857143,59.4375,7
23.0,24.407342857142854,6875,27.0,24.5018,121.4375,29.0,26.201042857142856,33.25,0.0,23343,208.1875,13.0,25.319157142857144,25.0625,7
10.0,25.19825714285714,5.3125,23.0,24.407342857142854,6875,27.0,24.5018,121.4375,29.0,26.201042857142856,33.25,0.0,23343,208.1875,5
4.0,23.5736,66.3125,10.0,25.19825714285714,5.3125,23.0,24.407342857142854,6875,27.0,24.5018,121.4375,29.0,26.201042857142856,33.25,3
11.0,24.61744285714286,38.5,4.0,23.5736,66.3125,10.0,25.19825714285714,5.3125,23.0,24.407342857142854,6875,27.0,24.5018,121.4375,5
10.0,25.165457142857143,20.5625,11.0,24.61744285714286,38.5,4.0,23.5736,66.3125,10.0,25.19825714285714,5.3125,23.0,24.407342857142854,6875,5
10.0,24.40932857142857,27375,10.0,25.165457142857143,20.5625,11.0,24.61744285714286,38.5,4.0,23.5736,66.3125,10.0,25.19825714285714,5.3125,5
4.0,25.1621,15.5625,10.0,24.40932857142857,27375,10.0,25.165457142857143,20.5625,11.0,24.61744285714286,38.5,4.0,23.5736,66.3125,3
2.0,24.70798571428572,15.8125,4.0,25.1621,15.5625,10.0,24.40932857142857,27375,10.0,25.165457142857143,20.5625,11.0,24.61744285714286,38.5,2
9.0,23.73671428571429,109.3125,2.0,24.70798571428572,15.8125,4.0,25.1621,15.5625,10.0,24.40932857142857,27375,10.0,25.165457142857143,20.5625,5
19.0,23.59301428571429,64625,9.0,23.73671428571429,109.3125,2.0,24.70798571428572,15.8125,4.0,25.1621,15.5625,10.0,24.40932857142857,27375,7
14.0,24.608942857142857,3.4375,19.0,23.59301428571429,64625,9.0,23.73671428571429,109.3125,2.0,24.70798571428572,15.8125,4.0,25.1621,15.5625,6
37.0,22.545114285714284,39.1875,14.0,24.608942857142857,3.4375,19.0,23.59301428571429,64625,9.0,23.73671428571429,109.3125,2.0,24.70798571428572,15.8125,7
19.0,24.30337142857143,125,37.0,22.545114285714284,39.1875,14.0,24.608942857142857,3.4375,19.0,23.59301428571429,64625,9.0,23.73671428571429,109.3125,7
19.0,23.861914285714285,9.75,19.0,24.30337142857143,125,37.0,22.545114285714284,39.1875,14.0,24.608942857142857,3.4375,19.0,23.59301428571429,64625,7
5.0,22.0621,10.75,19.0,23.861914285714285,9.75,19.0,24.30337142857143,125,37.0,22.545114285714284,39.1875,14.0,24.608942857142857,3.4375,4
20.0,20.56332857142857,27.75,5.0,22.0621,10.75,19.0,23.861914285714285,9.75,19.0,24.30337142857143,125,37.0,22.545114285714284,39.1875,7
19.0,16.83674285714286,4125,20.0,20.56332857142857,27.75,5.0,22.0621,10.75,19.0,23.861914285714285,9.75,19.0,24.30337142857143,125,7
9.0,20.49395714285714,5.75,19.0,16.83674285714286,4125,20.0,20.56332857142857,27.75,5.0,22.0621,10.75,19.0,23.861914285714285,9.75,5
15.0,15.897628571428571,16875,9.0,20.49395714285714,5.75,19.0,16.83674285714286,4125,20.0,20.56332857142857,27.75,5.0,22.0621,10.75,6
3.0,16.805457142857144,35375,15.0,15.897628571428571,16875,9.0,20.49395714285714,5.75,19.0,16.83674285714286,4125,20.0,20.56332857142857,27.75,3
12.0,17.259885714285712,0.0,3.0,16.805457142857144,35375,15.0,15.897628571428571,16875,9.0,20.49395714285714,5.75,19.0,16.83674285714286,4125,6
15.0,17.9241,13375,12.0,17.259885714285712,0.0,3.0,16.805457142857144,35375,15.0,15.897628571428571,16875,9.0,20.49395714285714,5.75,6
14.0,16.753042857142855,36875,15.0,17.9241,13375,12.0,17.259885714285712,0.0,3.0,16.805457142857144,35375,15.0,15.897628571428571,16875,6
6.0,15.852214285714284,0.0,14.0,16.753042857142855,36875,15.0,17.9241,13375,12.0,17.259885714285712,0.0,3.0,16.805457142857144,35375,4
7.0,18.954471428571427,12.6875,6.0,15.852214285714284,0.0,14.0,16.753042857142855,36875,15.0,17.9241,13375,12.0,17.259885714285712,0.0,4
9.0,17.071671428571427,59.25,7.0,18.954471428571427,12.6875,6.0,15.852214285714284,0.0,14.0,16.753042857142855,36875,15.0,17.9241,13375,5
15.0,16.075385714285716,12375,9.0,17.071671428571427,59.25,7.0,18.954471428571427,12.6875,6.0,15.852214285714284,0.0,14.0,16.753042857142855,36875,6
8.0,15.618428571428572,6.25,15.0,16.075385714285716,12375,9.0,17.071671428571427,59.25,7.0,18.954471428571427,12.6875,6.0,15.852214285714284,0.0,5
7.0,17.240985714285717,0.0,8.0,15.618428571428572,6.25,15.0,16.075385714285716,12375,9.0,17.071671428571427,59.25,7.0,18.954471428571427,12.6875,4
2.0,16.445485714285713,51.25,7.0,17.240985714285717,0.0,8.0,15.618428571428572,6.25,15.0,16.075385714285716,12375,9.0,17.071671428571427,59.25,2
6.0,17.134885714285712,19.75,2.0,16.445485714285713,51.25,7.0,17.240985714285717,0.0,8.0,15.618428571428572,6.25,15.0,16.075385714285716,12375,4
22.0,18.10182857142857,87.75,6.0,17.134885714285712,19.75,2.0,16.445485714285713,51.25,7.0,17.240985714285717,0.0,8.0,15.618428571428572,6.25,7
3.0,18.174314285714285,57.25,22.0,18.10182857142857,87.75,6.0,17.134885714285712,19.75,2.0,16.445485714285713,51.25,7.0,17.240985714285717,0.0,3
4.0,20.778757142857145,28375,3.0,18.174314285714285,57.25,22.0,18.10182857142857,87.75,6.0,17.134885714285712,19.75,2.0,16.445485714285713,51.25,3
0.0,22.641871428571427,5.75,4.0,20.778757142857145,28375,3.0,18.174314285714285,57.25,22.0,18.10182857142857,87.75,6.0,17.134885714285712,19.75,1
21.0,20.60327142857143,8.5,0.0,22.641871428571427,5.75,4.0,20.778757142857145,28375,3.0,18.174314285714285,57.25,22.0,18.10182857142857,87.75,7
3.0,21.1835,5.0,21.0,20.60327142857143,8.5,0.0,22.641871428571427,5.75,4.0,20.778757142857145,28375,3.0,18.174314285714285,57.25,3
0.0,21.11284285714285,15.0,3.0,21.1835,5.0,21.0,20.60327142857143,8.5,0.0,22.641871428571427,5.75,4.0,20.778757142857145,28375,1
2.0,20.784942857142852,61.6875,0.0,21.11284285714285,15.0,3.0,21.1835,5.0,21.0,20.60327142857143,8.5,0.0,22.641871428571427,5.75,2
8.0,21.07615714285714,29.0,2.0,20.784942857142852,61.6875,0.0,21.11284285714285,15.0,3.0,21.1835,5.0,21.0,20.60327142857143,8.5,5
13.0,22.12014285714286,34.1875,8.0,21.07615714285714,29.0,2.0,20.784942857142852,61.6875,0.0,21.11284285714285,15.0,3.0,21.1835,5.0,6
1.0,25.234728571428573,6625,13.0,22.12014285714286,34.1875,8.0,21.07615714285714,29.0,2.0,20.784942857142852,61.6875,0.0,21.11284285714285,15.0,1
3.0,22.849642857142857,20.5,1.0,25.234728571428573,6625,13.0,22.12014285714286,34.1875,8.0,21.07615714285714,29.0,2.0,20.784942857142852,61.6875,3
6.0,22.9811,44.0625,3.0,22.849642857142857,20.5,1.0,25.234728571428573,6625,13.0,22.12014285714286,34.1875,8.0,21.07615714285714,29.0,4
11.0,21.585571428571427,8875,6.0,22.9811,44.0625,3.0,22.849642857142857,20.5,1.0,25.234728571428573,6625,13.0,22.12014285714286,34.1875,5
4.0,25.77872857142857,18.75,11.0,21.585571428571427,8875,6.0,22.9811,44.0625,3.0,22.849642857142857,20.5,1.0,25.234728571428573,6625,3
10.0,26.4731,69125,4.0,25.77872857142857,18.75,11.0,21.585571428571427,8875,6.0,22.9811,44.0625,3.0,22.849642857142857,20.5,5
8.0,24.670242857142856,36.0625,10.0,26.4731,69125,4.0,25.77872857142857,18.75,11.0,21.585571428571427,8875,6.0,22.9811,44.0625,5
45.0,27.21764285714286,12.5625,8.0,24.670242857142856,36.0625,10.0,26.4731,69125,4.0,25.77872857142857,18.75,11.0,21.585571428571427,8875,8
3.0,27.68365714285714,8.5,45.0,27.21764285714286,12.5625,8.0,24.670242857142856,36.0625,10.0,26.4731,69125,4.0,25.77872857142857,18.75,3
45.0,27.397085714285712,67.5,3.0,27.68365714285714,8.5,45.0,27.21764285714286,12.5625,8.0,24.670242857142856,36.0625,10.0,26.4731,69125,8
66.0,26.573542857142854,139875,45.0,27.397085714285712,67.5,3.0,27.68365714285714,8.5,45.0,27.21764285714286,12.5625,8.0,24.670242857142856,36.0625,8
47.0,28.415714285714284,38375,66.0,26.573542857142854,139875,45.0,27.397085714285712,67.5,3.0,27.68365714285714,8.5,45.0,27.21764285714286,12.5625,8
20.0,24.826871428571422,23375,47.0,28.415714285714284,38375,66.0,26.573542857142854,139875,45.0,27.397085714285712,67.5,3.0,27.68365714285714,8.5,7
57.0,24.709385714285716,14.25,20.0,24.826871428571422,23375,47.0,28.415714285714284,38375,66.0,26.573542857142854,139875,45.0,27.397085714285712,67.5,8
104.0,25.431971428571423,160875,57.0,24.709385714285716,14.25,20.0,24.826871428571422,23375,47.0,28.415714285714284,38375,66.0,26.573542857142854,139875,9
55.0,24.86435714285714,40.5,104.0,25.431971428571423,160875,57.0,24.709385714285716,14.25,20.0,24.826871428571422,23375,47.0,28.415714285714284,38375,8
20.0,27.2417,12375,55.0,24.86435714285714,40.5,104.0,25.431971428571423,160875,57.0,24.709385714285716,14.25,20.0,24.826871428571422,23375,7
24.0,24.448642857142858,27.9375,20.0,27.2417,12375,55.0,24.86435714285714,40.5,104.0,25.431971428571423,160875,57.0,24.709385714285716,14.25,7
41.0,23.862285714285715,11.0,24.0,24.448642857142858,27.9375,20.0,27.2417,12375,55.0,24.86435714285714,40.5,104.0,25.431971428571423,160875,7
35.0,23.639000000000003,16125,41.0,23.862285714285715,11.0,24.0,24.448642857142858,27.9375,20.0,27.2417,12375,55.0,24.86435714285714,40.5,7
38.0,24.828957142857146,0.25,35.0,23.639000000000003,16125,41.0,23.862285714285715,11.0,24.0,24.448642857142858,27.9375,20.0,27.2417,12375,7
15.0,22.6769,43.6875,38.0,24.828957142857146,0.25,35.0,23.639000000000003,16125,41.0,23.862285714285715,11.0,24.0,24.448642857142858,27.9375,6
22.0,24.135042857142857,18.0,15.0,22.6769,43.6875,38.0,24.828957142857146,0.25,35.0,23.639000000000003,16125,41.0,23.862285714285715,11.0,7
44.0,23.432514285714287,5.5625,22.0,24.135042857142857,18.0,15.0,22.6769,43.6875,38.0,24.828957142857146,0.25,35.0,23.639000000000003,16125,7
38.0,23.146742857142858,3.3125,44.0,23.432514285714287,5.5625,22.0,24.135042857142857,18.0,15.0,22.6769,43.6875,38.0,24.828957142857146,0.25,7
27.0,23.22787142857143,2875,38.0,23.146742857142858,3.3125,44.0,23.432514285714287,5.5625,22.0,24.135042857142857,18.0,15.0,22.6769,43.6875,7
44.0,20.75468571428572,41125,27.0,23.22787142857143,2875,38.0,23.146742857142858,3.3125,44.0,23.432514285714287,5.5625,22.0,24.135042857142857,18.0,7
35.0,20.63192857142857,36125,44.0,20.75468571428572,41125,27.0,23.22787142857143,2875,38.0,23.146742857142858,3.3125,44.0,23.432514285714287,5.5625,7
19.0,20.030357142857145,74.5,35.0,20.63192857142857,36125,44.0,20.75468571428572,41125,27.0,23.22787142857143,2875,38.0,23.146742857142858,3.3125,7
36.0,19.06447142857143,32875,19.0,20.030357142857145,74.5,35.0,20.63192857142857,36125,44.0,20.75468571428572,41125,27.0,23.22787142857143,2875,7
17.0,21.63384285714286,0.0,36.0,19.06447142857143,32875,19.0,20.030357142857145,74.5,35.0,20.63192857142857,36125,44.0,20.75468571428572,41125,6
19.0,20.48562857142857,0.0,17.0,21.63384285714286,0.0,36.0,19.06447142857143,32875,19.0,20.030357142857145,74.5,35.0,20.63192857142857,36125,7
23.0,19.7685,11125,19.0,20.48562857142857,0.0,17.0,21.63384285714286,0.0,36.0,19.06447142857143,32875,19.0,20.030357142857145,74.5,7
36.0,15.999685714285716,17.5625,23.0,19.7685,11125,19.0,20.48562857142857,0.0,17.0,21.63384285714286,0.0,36.0,19.06447142857143,32875,7
4.0,16.49835714285714,0.0,36.0,15.999685714285716,17.5625,23.0,19.7685,11125,19.0,20.48562857142857,0.0,17.0,21.63384285714286,0.0,3
7.0,16.89634285714286,17875,4.0,16.49835714285714,0.0,36.0,15.999685714285716,17.5625,23.0,19.7685,11125,19.0,20.48562857142857,0.0,4
13.0,19.617485714285717,4375,7.0,16.89634285714286,17875,4.0,16.49835714285714,0.0,36.0,15.999685714285716,17.5625,23.0,19.7685,11125,6
22.0,17.2301,3875,13.0,19.617485714285717,4375,7.0,16.89634285714286,17875,4.0,16.49835714285714,0.0,36.0,15.999685714285716,17.5625,7
19.0,18.570271428571427,125,22.0,17.2301,3875,13.0,19.617485714285717,4375,7.0,16.89634285714286,17875,4.0,16.49835714285714,0.0,7
22.0,17353,1.5,19.0,18.570271428571427,125,22.0,17.2301,3875,13.0,19.617485714285717,4375,7.0,16.89634285714286,17875,7
10.0,16.0138,3.75,22.0,17353,1.5,19.0,18.570271428571427,125,22.0,17.2301,3875,13.0,19.617485714285717,4375,5
15.0,19.130157142857144,1.5,10.0,16.0138,3.75,22.0,17353,1.5,19.0,18.570271428571427,125,22.0,17.2301,3875,6
29.0,16.286771428571427,19125,15.0,19.130157142857144,1.5,10.0,16.0138,3.75,22.0,17353,1.5,19.0,18.570271428571427,125,7
9.0,19.714142857142857,0.75,29.0,16.286771428571427,19125,15.0,19.130157142857144,1.5,10.0,16.0138,3.75,22.0,17353,1.5,5
6.0,19.65892857142857,33.25,9.0,19.714142857142857,0.75,29.0,16.286771428571427,19125,15.0,19.130157142857144,1.5,10.0,16.0138,3.75,4
5.0,18.766057142857143,0.0,6.0,19.65892857142857,33.25,9.0,19.714142857142857,0.75,29.0,16.286771428571427,19125,15.0,19.130157142857144,1.5,4
19.0,21.375157142857145,3.5,5.0,18.766057142857143,0.0,6.0,19.65892857142857,33.25,9.0,19.714142857142857,0.75,29.0,16.286771428571427,19125,7
20.0,21.515385714285717,9.9375,19.0,21.375157142857145,3.5,5.0,18.766057142857143,0.0,6.0,19.65892857142857,33.25,9.0,19.714142857142857,0.75,7
1.0,21.435285714285715,34625,20.0,21.515385714285717,9.9375,19.0,21.375157142857145,3.5,5.0,18.766057142857143,0.0,6.0,19.65892857142857,33.25,1
12.0,20.94112857142857,14125,1.0,21.435285714285715,34625,20.0,21.515385714285717,9.9375,19.0,21.375157142857145,3.5,5.0,18.766057142857143,0.0,6
27.0,23.85404285714285,35.5625,12.0,20.94112857142857,14125,1.0,21.435285714285715,34625,20.0,21.515385714285717,9.9375,19.0,21.375157142857145,3.5,7
27.0,22.876942857142858,29.25,27.0,23.85404285714285,35.5625,12.0,20.94112857142857,14125,1.0,21.435285714285715,34625,20.0,21.515385714285717,9.9375,7
6.0,22.383728571428573,39.1875,27.0,22.876942857142858,29.25,27.0,23.85404285714285,35.5625,12.0,20.94112857142857,14125,1.0,21.435285714285715,34625,4
10.0,24.211671428571428,0.25,6.0,22.383728571428573,39.1875,27.0,22.876942857142858,29.25,27.0,23.85404285714285,35.5625,12.0,20.94112857142857,14125,5
6.0,22.43321428571429,10.6875,10.0,24.211671428571428,0.25,6.0,22.383728571428573,39.1875,27.0,22.876942857142858,29.25,27.0,23.85404285714285,35.5625,4
36.0,22.555642857142857,35.0,6.0,22.43321428571429,10.6875,10.0,24.211671428571428,0.25,6.0,22.383728571428573,39.1875,27.0,22.876942857142858,29.25,7
15.0,24333,21.75,36.0,22.555642857142857,35.0,6.0,22.43321428571429,10.6875,10.0,24.211671428571428,0.25,6.0,22.383728571428573,39.1875,6
16.0,23.81167142857143,39.25,15.0,24333,21.75,36.0,22.555642857142857,35.0,6.0,22.43321428571429,10.6875,10.0,24.211671428571428,0.25,6
4.0,25.66491428571429,6.0,16.0,23.81167142857143,39.25,15.0,24333,21.75,36.0,22.555642857142857,35.0,6.0,22.43321428571429,10.6875,3
11.0,26.061371428571427,18.0,4.0,25.66491428571429,6.0,16.0,23.81167142857143,39.25,15.0,24333,21.75,36.0,22.555642857142857,35.0,5
26.0,26.775185714285715,53.9375,11.0,26.061371428571427,18.0,4.0,25.66491428571429,6.0,16.0,23.81167142857143,39.25,15.0,24333,21.75,7
53.0,25.151642857142857,1625,26.0,26.775185714285715,53.9375,11.0,26.061371428571427,18.0,4.0,25.66491428571429,6.0,16.0,23.81167142857143,39.25,8
15.0,24.0054,39.1875,53.0,25.151642857142857,1625,26.0,26.775185714285715,53.9375,11.0,26.061371428571427,18.0,4.0,25.66491428571429,6.0,6
54.0,25.641428571428573,16.5625,15.0,24.0054,39.1875,53.0,25.151642857142857,1625,26.0,26.775185714285715,53.9375,11.0,26.061371428571427,18.0,8
32.0,25.125857142857143,141.75,54.0,25.641428571428573,16.5625,15.0,24.0054,39.1875,53.0,25.151642857142857,1625,26.0,26.775185714285715,53.9375,7
67.0,24.1938,9375,32.0,25.125857142857143,141.75,54.0,25.641428571428573,16.5625,15.0,24.0054,39.1875,53.0,25.151642857142857,1625,8
44.0,25.963014285714284,2.4375,67.0,24.1938,9375,32.0,25.125857142857143,141.75,54.0,25.641428571428573,16.5625,15.0,24.0054,39.1875,7
13.0,23.441842857142856,29.25,44.0,25.963014285714284,2.4375,67.0,24.1938,9375,32.0,25.125857142857143,141.75,54.0,25.641428571428573,16.5625,6
53.0,22.724985714285715,22125,13.0,23.441842857142856,29.25,44.0,25.963014285714284,2.4375,67.0,24.1938,9375,32.0,25.125857142857143,141.75,8
73.0,25.367128571428573,625,53.0,22.724985714285715,22125,13.0,23.441842857142856,29.25,44.0,25.963014285714284,2.4375,67.0,24.1938,9375,9
17.0,25.1183,7.5625,73.0,25.367128571428573,625,53.0,22.724985714285715,22125,13.0,23.441842857142856,29.25,44.0,25.963014285714284,2.4375,6
1.0,23.606242857142856,7125,17.0,25.1183,7.5625,73.0,25.367128571428573,625,53.0,22.724985714285715,22125,13.0,23.441842857142856,29.25,1
13.0,24.677785714285715,875,1.0,23.606242857142856,7125,17.0,25.1183,7.5625,73.0,25.367128571428573,625,53.0,22.724985714285715,22125,6
56.0,20.56725714285714,8875,13.0,24.677785714285715,875,1.0,23.606242857142856,7125,17.0,25.1183,7.5625,73.0,25.367128571428573,625,8
87.0,20.14195714285714,1.8125,56.0,20.56725714285714,8875,13.0,24.677785714285715,875,1.0,23.606242857142856,7125,17.0,25.1183,7.5625,9
47.0,22.292485714285714,125,87.0,20.14195714285714,1.8125,56.0,20.56725714285714,8875,13.0,24.677785714285715,875,1.0,23.606242857142856,7125,8
33.0,22.793957142857145,5625,47.0,22.292485714285714,125,87.0,20.14195714285714,1.8125,56.0,20.56725714285714,8875,13.0,24.677785714285715,875,7
36.0,18.79907142857143,2.5,33.0,22.793957142857145,5625,47.0,22.292485714285714,125,87.0,20.14195714285714,1.8125,56.0,20.56725714285714,8875,7
61.0,20.02864285714286,4625,36.0,18.79907142857143,2.5,33.0,22.793957142857145,5625,47.0,22.292485714285714,125,87.0,20.14195714285714,1.8125,8
72.0,20.249528571428574,2.75,61.0,20.02864285714286,4625,36.0,18.79907142857143,2.5,33.0,22.793957142857145,5625,47.0,22.292485714285714,125,9
71.0,17.17695714285714,0.5,72.0,20.249528571428574,2.75,61.0,20.02864285714286,4625,36.0,18.79907142857143,2.5,33.0,22.793957142857145,5625,9
19.0,18.0488,74.3125,71.0,17.17695714285714,0.5,72.0,20.249528571428574,2.75,61.0,20.02864285714286,4625,36.0,18.79907142857143,2.5,7
46.0,19.854642857142856,21.9375,19.0,18.0488,74.3125,71.0,17.17695714285714,0.5,72.0,20.249528571428574,2.75,61.0,20.02864285714286,4625,8
81.0,19.410457142857144,7.0625,46.0,19.854642857142856,21.9375,19.0,18.0488,74.3125,71.0,17.17695714285714,0.5,72.0,20.249528571428574,2.75,9
92.0,20.07102857142857,9.0625,81.0,19.410457142857144,7.0625,46.0,19.854642857142856,21.9375,19.0,18.0488,74.3125,71.0,17.17695714285714,0.5,9
46.0,14.860557142857145,23.5625,92.0,20.07102857142857,9.0625,81.0,19.410457142857144,7.0625,46.0,19.854642857142856,21.9375,19.0,18.0488,74.3125,8
37.0,16.584314285714285,31125,46.0,14.860557142857145,23.5625,92.0,20.07102857142857,9.0625,81.0,19.410457142857144,7.0625,46.0,19.854642857142856,21.9375,7
107.0,15.619985714285717,51.4375,37.0,16.584314285714285,31125,46.0,14.860557142857145,23.5625,92.0,20.07102857142857,9.0625,81.0,19.410457142857144,7.0625,9
85.0,20.064242857142855,0.1875,107.0,15.619985714285717,51.4375,37.0,16.584314285714285,31125,46.0,14.860557142857145,23.5625,92.0,20.07102857142857,9.0625,9
75.0,15.484985714285711,13.0,85.0,20.064242857142855,0.1875,107.0,15.619985714285717,51.4375,37.0,16.584314285714285,31125,46.0,14.860557142857145,23.5625,9
67.0,18.672742857142858,375,75.0,15.484985714285711,13.0,85.0,20.064242857142855,0.1875,107.0,15.619985714285717,51.4375,37.0,16.584314285714285,31125,8
75.0,17.986271428571428,79125,67.0,18.672742857142858,375,75.0,15.484985714285711,13.0,85.0,20.064242857142855,0.1875,107.0,15.619985714285717,51.4375,9
63.0,15.600014285714284,26.0,75.0,17.986271428571428,79125,67.0,18.672742857142858,375,75.0,15.484985714285711,13.0,85.0,20.064242857142855,0.1875,8
59.0,17.5894,0.25,63.0,15.600014285714284,26.0,75.0,17.986271428571428,79125,67.0,18.672742857142858,375,75.0,15.484985714285711,13.0,8
35.0,18.1578,9.5625,59.0,17.5894,0.25,63.0,15.600014285714284,26.0,75.0,17.986271428571428,79125,67.0,18.672742857142858,375,7
116.0,19.624571428571425,78.1875,35.0,18.1578,9.5625,59.0,17.5894,0.25,63.0,15.600014285714284,26.0,75.0,17.986271428571428,79125,9
55.0,19.89442857142857,10125,116.0,19.624571428571425,78.1875,35.0,18.1578,9.5625,59.0,17.5894,0.25,63.0,15.600014285714284,26.0,8
40.0,18.282957142857143,0.0,55.0,19.89442857142857,10125,116.0,19.624571428571425,78.1875,35.0,18.1578,9.5625,59.0,17.5894,0.25,7
45.0,22.197557142857143,27875,40.0,18.282957142857143,0.0,55.0,19.89442857142857,10125,116.0,19.624571428571425,78.1875,35.0,18.1578,9.5625,8
52.0,19.055542857142857,45375,45.0,22.197557142857143,27875,40.0,18.282957142857143,0.0,55.0,19.89442857142857,10125,116.0,19.624571428571425,78.1875,8
79.0,19.980814285714285,1.0,52.0,19.055542857142857,45375,45.0,22.197557142857143,27875,40.0,18.282957142857143,0.0,55.0,19.89442857142857,10125,9
59.0,22.557214285714284,28125,79.0,19.980814285714285,1.0,52.0,19.055542857142857,45375,45.0,22.197557142857143,27875,40.0,18.282957142857143,0.0,8
62.0,21.98037142857143,40.0,59.0,22.557214285714284,28125,79.0,19.980814285714285,1.0,52.0,19.055542857142857,45375,45.0,22.197557142857143,27875,8
44.0,19.117285714285718,8.8125,62.0,21.98037142857143,40.0,59.0,22.557214285714284,28125,79.0,19.980814285714285,1.0,52.0,19.055542857142857,45375,7
70.0,22.665914285714283,48.4375,44.0,19.117285714285718,8.8125,62.0,21.98037142857143,40.0,59.0,22.557214285714284,28125,79.0,19.980814285714285,1.0,9
85.0,21.837342857142858,28.6875,70.0,22.665914285714283,48.4375,44.0,19.117285714285718,8.8125,62.0,21.98037142857143,40.0,59.0,22.557214285714284,28125,9
120.0,23.968442857142858,12.8125,85.0,21.837342857142858,28.6875,70.0,22.665914285714283,48.4375,44.0,19.117285714285718,8.8125,62.0,21.98037142857143,40.0,9
54.0,24.06405714285714,76.8125,120.0,23.968442857142858,12.8125,85.0,21.837342857142858,28.6875,70.0,22.665914285714283,48.4375,44.0,19.117285714285718,8.8125,8
46.0,22.93052857142857,71.5,54.0,24.06405714285714,76.8125,120.0,23.968442857142858,12.8125,85.0,21.837342857142858,28.6875,70.0,22.665914285714283,48.4375,8
101.0,24.447142857142858,99.5625,46.0,22.93052857142857,71.5,54.0,24.06405714285714,76.8125,120.0,23.968442857142858,12.8125,85.0,21.837342857142858,28.6875,9
113.0,23.617242857142852,12625,101.0,24.447142857142858,99.5625,46.0,22.93052857142857,71.5,54.0,24.06405714285714,76.8125,120.0,23.968442857142858,12.8125,9
31.0,24.38152857142857,42875,113.0,23.617242857142852,12625,101.0,24.447142857142858,99.5625,46.0,22.93052857142857,71.5,54.0,24.06405714285714,76.8125,7
144.0,25.600185714285715,25.25,31.0,24.38152857142857,42875,113.0,23.617242857142852,12625,101.0,24.447142857142858,99.5625,46.0,22.93052857142857,71.5,10
50.0,25.667414285714283,38875,144.0,25.600185714285715,25.25,31.0,24.38152857142857,42875,113.0,23.617242857142852,12625,101.0,24.447142857142858,99.5625,8
82.0,23.13187142857143,146.9375,50.0,25.667414285714283,38875,144.0,25.600185714285715,25.25,31.0,24.38152857142857,42875,113.0,23.617242857142852,12625,9
196.0,24.72722857142857,118.3125,82.0,23.13187142857143,146.9375,50.0,25.667414285714283,38875,144.0,25.600185714285715,25.25,31.0,24.38152857142857,42875,10
124.0,25.962857142857143,32.9375,196.0,24.72722857142857,118.3125,82.0,23.13187142857143,146.9375,50.0,25.667414285714283,38875,144.0,25.600185714285715,25.25,10
82.0,23.864571428571427,37875,124.0,25.962857142857143,32.9375,196.0,24.72722857142857,118.3125,82.0,23.13187142857143,146.9375,50.0,25.667414285714283,38875,9
261.0,24.625985714285715,39.0,82.0,23.864571428571427,37875,124.0,25.962857142857143,32.9375,196.0,24.72722857142857,118.3125,82.0,23.13187142857143,146.9375,10
223.0,24.419985714285712,91.5625,261.0,24.625985714285715,39.0,82.0,23.864571428571427,37875,124.0,25.962857142857143,32.9375,196.0,24.72722857142857,118.3125,10
170.0,24.1884,214.0,223.0,24.419985714285712,91.5625,261.0,24.625985714285715,39.0,82.0,23.864571428571427,37875,124.0,25.962857142857143,32.9375,10
69.0,24.143485714285717,51375,170.0,24.1884,214.0,223.0,24.419985714285712,91.5625,261.0,24.625985714285715,39.0,82.0,23.864571428571427,37875,8
195.0,25.415942857142856,9.25,69.0,24.143485714285717,51375,170.0,24.1884,214.0,223.0,24.419985714285712,91.5625,261.0,24.625985714285715,39.0,10
121.0,25.51567142857143,37375,195.0,25.415942857142856,9.25,69.0,24.143485714285717,51375,170.0,24.1884,214.0,223.0,24.419985714285712,91.5625,10
225.0,23.221157142857145,13.6875,121.0,25.51567142857143,37375,195.0,25.415942857142856,9.25,69.0,24.143485714285717,51375,170.0,24.1884,214.0,10
121.0,22.83932857142857,28.8125,225.0,23.221157142857145,13.6875,121.0,25.51567142857143,37375,195.0,25.415942857142856,9.25,69.0,24.143485714285717,51375,10
222.0,23.0805,0.1875,121.0,22.83932857142857,28.8125,225.0,23.221157142857145,13.6875,121.0,25.51567142857143,37375,195.0,25.415942857142856,9.25,10
283.0,21.229214285714285,45625,222.0,23.0805,0.1875,121.0,22.83932857142857,28.8125,225.0,23.221157142857145,13.6875,121.0,25.51567142857143,37375,10
283.0,20.26224285714286,1.9375,283.0,21.229214285714285,45625,222.0,23.0805,0.1875,121.0,22.83932857142857,28.8125,225.0,23.221157142857145,13.6875,10
201.0,20.463114285714287,32625,283.0,20.26224285714286,1.9375,283.0,21.229214285714285,45625,222.0,23.0805,0.1875,121.0,22.83932857142857,28.8125,10
183.0,17.464828571428573,23.6875,201.0,20.463114285714287,32625,283.0,20.26224285714286,1.9375,283.0,21.229214285714285,45625,222.0,23.0805,0.1875,10
252.0,18.32512857142857,15125,183.0,17.464828571428573,23.6875,201.0,20.463114285714287,32625,283.0,20.26224285714286,1.9375,283.0,21.229214285714285,45625,10
199.0,17.375785714285715,22.75,252.0,18.32512857142857,15125,183.0,17.464828571428573,23.6875,201.0,20.463114285714287,32625,283.0,20.26224285714286,1.9375,10
115.0,18.48478571428572,2125,199.0,17.375785714285715,22.75,252.0,18.32512857142857,15125,183.0,17.464828571428573,23.6875,201.0,20.463114285714287,32625,9
72.0,18.685742857142856,149.4375,115.0,18.48478571428572,2125,199.0,17.375785714285715,22.75,252.0,18.32512857142857,15125,183.0,17.464828571428573,23.6875,9
174.0,15.462714285714286,7.0,72.0,18.685742857142856,149.4375,115.0,18.48478571428572,2125,199.0,17.375785714285715,22.75,252.0,18.32512857142857,15125,10
146.0,16.926014285714285,106.25,174.0,15.462714285714286,7.0,72.0,18.685742857142856,149.4375,115.0,18.48478571428572,2125,199.0,17.375785714285715,22.75,10
101.0,14.480842857142855,42875,146.0,16.926014285714285,106.25,174.0,15.462714285714286,7.0,72.0,18.685742857142856,149.4375,115.0,18.48478571428572,2125,9
152.0,16.280185714285714,6625,101.0,14.480842857142855,42875,146.0,16.926014285714285,106.25,174.0,15.462714285714286,7.0,72.0,18.685742857142856,149.4375,10
124.0,18.28297142857143,5.3125,152.0,16.280185714285714,6625,101.0,14.480842857142855,42875,146.0,16.926014285714285,106.25,174.0,15.462714285714286,7.0,10
87.0,14.652528571428572,125,124.0,18.28297142857143,5.3125,152.0,16.280185714285714,6625,101.0,14.480842857142855,42875,146.0,16.926014285714285,106.25,9
52.0,14.121038571428572,6875,87.0,14.652528571428572,125,124.0,18.28297142857143,5.3125,152.0,16.280185714285714,6625,101.0,14.480842857142855,42875,8
195.0,16.44225714285714,8.9375,52.0,14.121038571428572,6875,87.0,14.652528571428572,125,124.0,18.28297142857143,5.3125,152.0,16.280185714285714,6625,10
79.0,16.31472857142857,23.5,195.0,16.44225714285714,8.9375,52.0,14.121038571428572,6875,87.0,14.652528571428572,125,124.0,18.28297142857143,5.3125,9
70.0,19.59502857142857,1625,79.0,16.31472857142857,23.5,195.0,16.44225714285714,8.9375,52.0,14.121038571428572,6875,87.0,14.652528571428572,125,9
63.0,18.516571428571428,5625,70.0,19.59502857142857,1625,79.0,16.31472857142857,23.5,195.0,16.44225714285714,8.9375,52.0,14.121038571428572,6875,8
155.0,19.2278,10.6875,63.0,18.516571428571428,5625,70.0,19.59502857142857,1625,79.0,16.31472857142857,23.5,195.0,16.44225714285714,8.9375,10
115.0,19.296042857142854,44.9375,155.0,19.2278,10.6875,63.0,18.516571428571428,5625,70.0,19.59502857142857,1625,79.0,16.31472857142857,23.5,9
73.0,19.10981428571429,39.5,115.0,19.296042857142854,44.9375,155.0,19.2278,10.6875,63.0,18.516571428571428,5625,70.0,19.59502857142857,1625,9
107.0,19.420885714285717,14.0,73.0,19.10981428571429,39.5,115.0,19.296042857142854,44.9375,155.0,19.2278,10.6875,63.0,18.516571428571428,5625,9
116.0,21.04742857142857,46375,107.0,19.420885714285717,14.0,73.0,19.10981428571429,39.5,115.0,19.296042857142854,44.9375,155.0,19.2278,10.6875,9
145.0,18.6053,30.5625,116.0,21.04742857142857,46375,107.0,19.420885714285717,14.0,73.0,19.10981428571429,39.5,115.0,19.296042857142854,44.9375,10
139.0,20.608685714285716,80.9375,145.0,18.6053,30.5625,116.0,21.04742857142857,46375,107.0,19.420885714285717,14.0,73.0,19.10981428571429,39.5,10
138.0,18.86042857142857,14375,139.0,20.608685714285716,80.9375,145.0,18.6053,30.5625,116.0,21.04742857142857,46375,107.0,19.420885714285717,14.0,10
80.0,21.19304285714286,55375,138.0,18.86042857142857,14375,139.0,20.608685714285716,80.9375,145.0,18.6053,30.5625,116.0,21.04742857142857,46375,9
173.0,22.706685714285715,29625,80.0,21.19304285714286,55375,138.0,18.86042857142857,14375,139.0,20.608685714285716,80.9375,145.0,18.6053,30.5625,10
61.0,19.46237142857143,15125,173.0,22.706685714285715,29625,80.0,21.19304285714286,55375,138.0,18.86042857142857,14375,139.0,20.608685714285716,80.9375,8
65.0,21.508514285714284,60.5,61.0,19.46237142857143,15125,173.0,22.706685714285715,29625,80.0,21.19304285714286,55375,138.0,18.86042857142857,14375,8
56.0,22.57917142857143,29625,65.0,21.508514285714284,60.5,61.0,19.46237142857143,15125,173.0,22.706685714285715,29625,80.0,21.19304285714286,55375,8
166.0,23.183414285714285,9.75,56.0,22.57917142857143,29625,65.0,21.508514285714284,60.5,61.0,19.46237142857143,15125,173.0,22.706685714285715,29625,10
70.0,21.791571428571427,20625,166.0,23.183414285714285,9.75,56.0,22.57917142857143,29625,65.0,21.508514285714284,60.5,61.0,19.46237142857143,15125,9
209.0,24.25971428571429,33.8125,70.0,21.791571428571427,20625,166.0,23.183414285714285,9.75,56.0,22.57917142857143,29625,65.0,21.508514285714284,60.5,10
142.0,23.93407142857143,2.0625,209.0,24.25971428571429,33.8125,70.0,21.791571428571427,20625,166.0,23.183414285714285,9.75,56.0,22.57917142857143,29625,10
6.0,24.347171428571432,2.5,142.0,23.93407142857143,2.0625,209.0,24.25971428571429,33.8125,70.0,21.791571428571427,20625,166.0,23.183414285714285,9.75,4
130.0,24.93697142857143,54.0,6.0,24.347171428571432,2.5,142.0,23.93407142857143,2.0625,209.0,24.25971428571429,33.8125,70.0,21.791571428571427,20625,10
66.0,24.569014285714285,8125,130.0,24.93697142857143,54.0,6.0,24.347171428571432,2.5,142.0,23.93407142857143,2.0625,209.0,24.25971428571429,33.8125,8
167.0,28.1485,1875,66.0,24.569014285714285,8125,130.0,24.93697142857143,54.0,6.0,24.347171428571432,2.5,142.0,23.93407142857143,2.0625,10
199.0,25.96104285714286,19125,167.0,28.1485,1875,66.0,24.569014285714285,8125,130.0,24.93697142857143,54.0,6.0,24.347171428571432,2.5,10
119.0,25.31395714285714,10125,199.0,25.96104285714286,19125,167.0,28.1485,1875,66.0,24.569014285714285,8125,130.0,24.93697142857143,54.0,9
41.0,24.754228571428573,28.3125,119.0,25.31395714285714,10125,199.0,25.96104285714286,19125,167.0,28.1485,1875,66.0,24.569014285714285,8125,7
324.0,24.128885714285712,11625,41.0,24.754228571428573,28.3125,119.0,25.31395714285714,10125,199.0,25.96104285714286,19125,167.0,28.1485,1875,10
426.0,26.19732857142857,7125,324.0,24.128885714285712,11625,41.0,24.754228571428573,28.3125,119.0,25.31395714285714,10125,199.0,25.96104285714286,19125,10
162.0,26.556271428571428,67625,426.0,26.19732857142857,7125,324.0,24.128885714285712,11625,41.0,24.754228571428573,28.3125,119.0,25.31395714285714,10125,10
55.0,25996,86.5,162.0,26.556271428571428,67625,426.0,26.19732857142857,7125,324.0,24.128885714285712,11625,41.0,24.754228571428573,28.3125,8
550.0,23.70992857142857,21.0,55.0,25996,86.5,162.0,26.556271428571428,67625,426.0,26.19732857142857,7125,324.0,24.128885714285712,11625,10
288.0,22.431057142857146,19.3125,550.0,23.70992857142857,21.0,55.0,25996,86.5,162.0,26.556271428571428,67625,426.0,26.19732857142857,7125,10
224.0,21833,36.75,288.0,22.431057142857146,19.3125,550.0,23.70992857142857,21.0,55.0,25996,86.5,162.0,26.556271428571428,67625,10
175.0,22.39744285714286,8.4375,224.0,21833,36.75,288.0,22.431057142857146,19.3125,550.0,23.70992857142857,21.0,55.0,25996,86.5,10
117.0,21.851314285714288,14.9375,175.0,22.39744285714286,8.4375,224.0,21833,36.75,288.0,22.431057142857146,19.3125,550.0,23.70992857142857,21.0,9
130.0,20.495757142857144,3.1875,117.0,21.851314285714288,14.9375,175.0,22.39744285714286,8.4375,224.0,21833,36.75,288.0,22.431057142857146,19.3125,10
153.0,22.499457142857143,15.5,130.0,20.495757142857144,3.1875,117.0,21.851314285714288,14.9375,175.0,22.39744285714286,8.4375,224.0,21833,36.75,10
98.0,19.471885714285715,128375,153.0,22.499457142857143,15.5,130.0,20.495757142857144,3.1875,117.0,21.851314285714288,14.9375,175.0,22.39744285714286,8.4375,9
89.0,19.0299,3.0,98.0,19.471885714285715,128375,153.0,22.499457142857143,15.5,130.0,20.495757142857144,3.1875,117.0,21.851314285714288,14.9375,9
152.0,16.863757142857143,5.4375,89.0,19.0299,3.0,98.0,19.471885714285715,128375,153.0,22.499457142857143,15.5,130.0,20.495757142857144,3.1875,10
86.0,18765,0.5,152.0,16.863757142857143,5.4375,89.0,19.0299,3.0,98.0,19.471885714285715,128375,153.0,22.499457142857143,15.5,9
85.0,15.734914285714286,44.8125,86.0,18765,0.5,152.0,16.863757142857143,5.4375,89.0,19.0299,3.0,98.0,19.471885714285715,128375,9
87.0,17.117514285714286,32625,85.0,15.734914285714286,44.8125,86.0,18765,0.5,152.0,16.863757142857143,5.4375,89.0,19.0299,3.0,9
109.0,15.564785714285714,3875,87.0,17.117514285714286,32625,85.0,15.734914285714286,44.8125,86.0,18765,0.5,152.0,16.863757142857143,5.4375,9
66.0,16.809785714285713,40.5,109.0,15.564785714285714,3875,87.0,17.117514285714286,32625,85.0,15.734914285714286,44.8125,86.0,18765,0.5,8
127.0,16.262028571428573,0.0625,66.0,16.809785714285713,40.5,109.0,15.564785714285714,3875,87.0,17.117514285714286,32625,85.0,15.734914285714286,44.8125,10
119.0,19.471814285714288,0.0,127.0,16.262028571428573,0.0625,66.0,16.809785714285713,40.5,109.0,15.564785714285714,3875,87.0,17.117514285714286,32625,9
52.0,18.374985714285717,19.1875,119.0,19.471814285714288,0.0,127.0,16.262028571428573,0.0625,66.0,16.809785714285713,40.5,109.0,15.564785714285714,3875,8
62.0,18.4124,125,52.0,18.374985714285717,19.1875,119.0,19.471814285714288,0.0,127.0,16.262028571428573,0.0625,66.0,16.809785714285713,40.5,8
53.0,18.51342857142857,4.25,62.0,18.4124,125,52.0,18.374985714285717,19.1875,119.0,19.471814285714288,0.0,127.0,16.262028571428573,0.0625,8
165.0,17.62097142857143,125,53.0,18.51342857142857,4.25,62.0,18.4124,125,52.0,18.374985714285717,19.1875,119.0,19.471814285714288,0.0,10
65.0,16.145485714285716,163875,165.0,17.62097142857143,125,53.0,18.51342857142857,4.25,62.0,18.4124,125,52.0,18.374985714285717,19.1875,8
71.0,17.0006,31.1875,65.0,16.145485714285716,163875,165.0,17.62097142857143,125,53.0,18.51342857142857,4.25,62.0,18.4124,125,9
68.0,18.06124285714285,3875,71.0,17.0006,31.1875,65.0,16.145485714285716,163875,165.0,17.62097142857143,125,53.0,18.51342857142857,4.25,8
152.0,16.551285714285715,1.75,68.0,18.06124285714285,3875,71.0,17.0006,31.1875,65.0,16.145485714285716,163875,165.0,17.62097142857143,125,10
81.0,17.738185714285713,26125,152.0,16.551285714285715,1.75,68.0,18.06124285714285,3875,71.0,17.0006,31.1875,65.0,16.145485714285716,163875,9
61.0,16.777485714285714,41875,81.0,17.738185714285713,26125,152.0,16.551285714285715,1.75,68.0,18.06124285714285,3875,71.0,17.0006,31.1875,8
61.0,17.629185714285715,8375,61.0,16.777485714285714,41875,81.0,17.738185714285713,26125,152.0,16.551285714285715,1.75,68.0,18.06124285714285,3875,8
84.0,18.097285714285714,10875,61.0,17.629185714285715,8375,61.0,16.777485714285714,41875,81.0,17.738185714285713,26125,152.0,16.551285714285715,1.75,9
207.0,18.911185714285715,19375,84.0,18.097285714285714,10875,61.0,17.629185714285715,8375,61.0,16.777485714285714,41875,81.0,17.738185714285713,26125,10
18.0,18.41572857142857,68875,207.0,18.911185714285715,19375,84.0,18.097285714285714,10875,61.0,17.629185714285715,8375,61.0,16.777485714285714,41875,6
90.0,20.827571428571428,55.0625,18.0,18.41572857142857,68875,207.0,18.911185714285715,19375,84.0,18.097285714285714,10875,61.0,17.629185714285715,8375,9
91.0,22.20751428571429,15.9375,90.0,20.827571428571428,55.0625,18.0,18.41572857142857,68875,207.0,18.911185714285715,19375,84.0,18.097285714285714,10875,9
234.0,19.288642857142857,2.75,91.0,22.20751428571429,15.9375,90.0,20.827571428571428,55.0625,18.0,18.41572857142857,68875,207.0,18.911185714285715,19375,10
53.0,19.7811,3.75,234.0,19.288642857142857,2.75,91.0,22.20751428571429,15.9375,90.0,20.827571428571428,55.0625,18.0,18.41572857142857,68875,8
16.0,22.48154285714286,4.25,53.0,19.7811,3.75,234.0,19.288642857142857,2.75,91.0,22.20751428571429,15.9375,90.0,20.827571428571428,55.0625,6
25.0,23.02282857142857,6625,16.0,22.48154285714286,4.25,53.0,19.7811,3.75,234.0,19.288642857142857,2.75,91.0,22.20751428571429,15.9375,7
45.0,23.34201428571429,191375,25.0,23.02282857142857,6625,16.0,22.48154285714286,4.25,53.0,19.7811,3.75,234.0,19.288642857142857,2.75,8
61.0,24.78562857142857,26.75,45.0,23.34201428571429,191375,25.0,23.02282857142857,6625,16.0,22.48154285714286,4.25,53.0,19.7811,3.75,8
70.0,24.00962857142857,21875,61.0,24.78562857142857,26.75,45.0,23.34201428571429,191375,25.0,23.02282857142857,6625,16.0,22.48154285714286,4.25,9
72.0,21.39525714285714,260.6255,70.0,24.00962857142857,21875,61.0,24.78562857142857,26.75,45.0,23.34201428571429,191375,25.0,23.02282857142857,6625,9
8.0,23.65942857142857,47625,72.0,21.39525714285714,260.6255,70.0,24.00962857142857,21875,61.0,24.78562857142857,26.75,45.0,23.34201428571429,191375,5
