Semana,ARARANGUÁ,BALNEÁRIO ARROIO DO SILVA,BALNEÁRIO GAIVOTA,ERMO,JACINTO MACHADO,MARACAJÁ,MELEIRO,PASSO DE TORRES,PRAIA GRANDE,SANTA ROSA DO SUL,SOMBRIO,SÃO JOÃO DO SUL,TURVO,ABELARDO LUZ,BOM JESUS,CAMPO ERÊ,CORONEL MARTINS,ENTRE RIOS,FAXINAL DOS GUEDES,GALVÃO,IPUAÇU,JUPIÁ,LAJEADO GRANDE,MAREMA,NOVO HORIZONTE,OURO VERDE,PASSOS MAIA,PONTE SERRADA,SÃO BERNARDINO,SÃO DOMINGOS,SÃO LOURENÇO DO OESTE,VARGEÃO,XANXERÊ,XAXIM,ARROIO TRINTA,CAÇADOR,CURITIBANOS,FRAIBURGO,IBIAM,IOMERÊ,LEBON RÉGIS,MACIEIRA,PINHEIRO PRETO,PONTE ALTA DO NORTE,RIO DAS ANTAS,SALTO VELOSO,SANTA CECÍLIA,SÃO CRISTOVÃO DO SUL,TANGARÁ,TIMBÓ GRANDE,VIDEIRA,ARMAZÉM,BRAÇO DO NORTE,CAPIVARI DE BAIXO,GRAVATAL,GRÃO PARÁ,IMARUÍ,IMBITUBA,JAGUARUNA,LAGUNA,PEDRAS GRANDES,PESCARIA BRAVA,RIO FORTUNA,SANGÃO,SANTA ROSA DE LIMA,SÃO LUDGERO,SÃO MARTINHO,TREZE DE MAIO,TUBARÃO,ANCHIETA,BANDEIRANTE,BARRA BONITA,BELMONTE,BOM JESUS DO OESTE,DESCANSO,DIONÍSIO CERQUEIRA,FLOR DO SERTÃO,GUARACIABA,GUARUJÁ DO SUL,IPORÃ DO OESTE,IRACEMINHA,ITAPIRANGA,MARAVILHA,MODELO,MONDAÍ,PALMA SOLA,PARAÍSO,PRINCESA,ROMELÂNDIA,SALTINHO,SANTA HELENA,SANTA TEREZINHA DO PROGRESSO,SAUDADES,SÃO JOSÉ DO CEDRO,SÃO JOÃO DO OESTE,SÃO MIGUEL DA BOA VISTA,SÃO MIGUEL DO OESTE,TIGRINHOS,TUNÁPOLIS,AGROLÂNDIA,AGRONÔMICA,ATALANTA,AURORA,BRAÇO DO TROMBUDO,DONA EMMA,IBIRAMA,IMBUIA,ITUPORANGA,JOSÉ BOITEUX,LAURENTINO,LONTRAS,MIRIM DOCE,PETROLÂNDIA,POUSO REDONDO,PRESIDENTE GETÚLIO,RIO DO CAMPO,RIO DO OESTE,RIO DO SUL,SALETE,SANTA TEREZINHA,TAIÓ,TROMBUDO CENTRAL,VIDAL RAMOS,VITOR MEIRELES,ALFREDO WAGNER,ANGELINA,ANITÁPOLIS,ANTÔNIO CARLOS,BIGUAÇU,CANELINHA,FLORIANÓPOLIS,GAROPABA,GOVERNADOR CELSO RAMOS,MAJOR GERCINO,NOVA TRENTO,PALHOÇA,PAULO LOPES,SANTO AMARO DA IMPERATRIZ,SÃO JOSÉ,SÃO JOÃO BATISTA,SÃO PEDRO DE ALCÂNTARA,TIJUCAS,ÁGUAS MORNAS,BELA VISTA DO TOLDO,CAMPO ALEGRE,CANOINHAS,IRINEÓPOLIS,ITAIÓPOLIS,MAFRA,MAJOR VIEIRA,MONTE CASTELO,PAPANDUVA,PORTO UNIÃO,RIO NEGRINHO,SÃO BENTO DO SUL,TRÊS BARRAS,ANITA GARIBALDI,BOM RETIRO,CORREIA PINTO,LAGES,OTACÍLIO COSTA,ABDON BATISTA,BRUNÓPOLIS,CAMPOS NOVOS,CAPINZAL,CATANDUVAS,CELSO RAMOS,ERVAL VELHO,HERVAL D`OESTE,IBICARÉ,JABORÁ,JOAÇABA,LACERDÓPOLIS,LUZERNA,MONTE CARLO,OURO,TREZE TÍLIAS,VARGEM,VARGEM BONITA,ZORTÉA,ÁGUA DOCE,BARRA VELHA,CORUPÁ,GUARAMIRIM,JARAGUÁ DO SUL,MASSARANDUBA,SCHROEDER,SÃO JOÃO DO ITAPERIÚ,BALNEÁRIO RINCÃO,COCAL DO SUL,CRICIÚMA,FORQUILHINHA,IÇARA,LAURO MULLER,MORRO DA FUMAÇA,ORLEANS,SIDERÓPOLIS,ARAQUARI,BALNEÁRIO BARRA DO SUL,GARUVA,ITAPOÁ,JOINVILLE,SÃO FRANCISCO DO SUL,BALNEÁRIO CAMBORIÚ,BALNEÁRIO PIÇARRAS,BOMBINHAS,CAMBORIÚ,ILHOTA,ITAJAÍ,ITAPEMA,LUIZ ALVES,NAVEGANTES,PENHA,PORTO BELO,ALTO BELA VISTA,ARABUTÃ,CONCÓRDIA,IPIRA,IPUMIRIM,IRANI,ITÁ,LINDÓIA DO SUL,PERITIBA,PIRATUBA,PRESIDENTE CASTELO BRANCO,SEARA,XAVANTINA,ARVOREDO,CAIBI,CAXAMBU DO SUL,CHAPECÓ,CORDILHEIRA ALTA,CORONEL FREITAS,CUNHA PORÃ,CUNHATAÍ,FORMOSA DO SUL,GUATAMBÚ,IRATI,JARDINÓPOLIS,NOVA ERECHIM,NOVA ITABERABA,PAIAL,PALMITOS,PINHALZINHO,PLANALTO ALEGRE,QUILOMBO,RIQUEZA,SANTIAGO DO SUL,SERRA ALTA,SUL BRASIL,SÃO CARLOS,UNIÃO DO OESTE,ÁGUAS DE CHAPECÓ,ÁGUAS FRIAS,APIÚNA,ASCURRA,BENEDITO NOVO,BLUMENAU,BOTUVERÁ,BRUSQUE,DOUTOR PEDRINHO,GASPAR,GUABIRUBA,INDAIAL,POMERODE,RIO DOS CEDROS,RODEIO,TIMBÓ,semana
2024-12-29,0,0,0,0,0,0,0,0,0,0,0,0,0,0,2,0,0,2,0,0,0,0,0,0,0,0,0,0,0,0,0,0,10,0,0,0,0,0,0,0,0,0,4,0,0,3,0,0,0,0,1,0,2,0,0,7,0,0,0,0,0,0,0,0,0,3,0,0,0,0,0,3,0,0,0,0,0,2,2,0,2,4,12,1,5,0,0,1,1,0,3,0,0,0,4,3,0,0,0,0,0,0,0,0,0,6,0,0,0,0,0,0,0,0,2,0,0,0,0,0,0,1,0,0,0,0,2,0,0,0,28,1,0,0,11,3,0,0,7,1,1,0,0,0,0,0,1,0,0,0,0,0,7,0,0,0,0,0,0,0,0,0,0,15,4,2,0,4,6,0,1,12,0,8,0,7,2,0,0,5,5,0,3,7,35,2,2,0,0,0,1,0,0,0,0,1,0,0,0,10,0,0,0,8,14,0,10,0,4,35,0,10,0,0,1,0,25,4,6,0,1,0,4,0,3,14,7,0,5,0,2,0,1,3,0,1,0,0,0,0,0,0,4,1,0,4,3,0,1,0,0,0,0,2,0,0,2,24,0,6,1,22,4,28,0,0,0,5,2024-12-29
2025-01-05,6,0,0,0,0,1,0,3,0,2,1,0,0,4,2,7,0,2,0,0,0,0,1,0,0,0,0,0,0,1,9,0,17,0,0,3,0,0,1,0,0,0,2,0,0,4,0,0,0,0,1,0,1,0,0,8,1,2,0,1,0,0,0,3,0,6,0,0,4,0,2,2,0,0,0,0,2,6,3,0,2,9,6,0,5,3,5,0,3,0,1,0,8,8,8,0,1,0,0,0,0,0,0,0,0,6,0,1,0,0,0,0,0,0,3,0,0,0,3,0,0,0,1,0,0,0,1,0,6,0,53,1,0,0,0,2,0,1,22,0,0,2,0,0,0,0,1,0,0,0,0,0,7,0,1,1,0,0,0,0,0,0,0,2,25,2,0,3,15,0,6,15,1,5,0,1,7,0,0,4,5,2,3,9,56,2,4,0,0,0,1,1,1,0,0,5,0,8,0,6,1,40,0,7,15,5,5,1,2,19,0,29,0,19,0,1,14,5,2,0,3,0,4,5,0,8,10,0,4,0,24,2,1,7,3,2,0,3,0,3,0,0,3,4,1,29,2,1,1,2,3,0,0,1,0,1,2,35,1,6,0,27,4,27,0,0,0,8,2025-01-05
2025-01-12,6,2,12,0,0,2,0,0,0,1,9,0,0,1,6,0,0,4,0,1,0,1,0,0,0,0,3,0,0,0,7,0,15,7,0,4,0,1,0,2,0,0,0,0,2,4,0,0,0,0,7,0,0,0,0,0,0,3,0,0,0,0,0,0,0,3,0,0,9,0,1,2,0,0,0,0,0,6,1,0,0,8,2,4,11,2,3,3,4,0,3,0,4,8,9,3,2,5,0,0,2,0,0,0,0,13,0,0,0,2,1,0,0,0,5,0,0,1,0,0,1,5,1,0,0,0,0,0,26,2,43,2,1,0,2,41,0,1,6,10,0,2,0,0,0,2,4,0,0,0,0,0,11,0,4,0,0,0,0,0,0,0,0,15,1,2,1,5,9,0,2,25,0,4,1,4,1,0,0,3,2,20,1,17,63,1,4,0,0,0,0,0,2,0,0,0,0,46,0,16,23,449,29,7,24,18,19,8,19,16,3,17,2,31,0,1,19,1,3,0,2,0,3,5,2,8,9,0,8,1,43,2,0,7,3,1,0,0,0,3,0,2,5,4,2,16,1,3,1,0,10,2,10,2,5,8,2,112,2,11,0,20,2,41,2,4,3,24,2025-01-12
2025-01-19,2,1,5,0,0,1,0,4,0,1,40,2,0,14,3,8,0,0,3,2,0,1,1,0,0,0,0,1,0,7,8,3,25,14,2,6,0,1,0,0,0,0,4,0,5,2,0,0,0,0,2,0,9,2,0,12,0,8,0,0,0,0,0,0,0,13,0,0,26,1,3,3,1,0,1,0,1,5,3,0,4,14,6,3,9,2,5,1,7,0,3,2,10,8,6,4,7,3,0,0,3,2,0,2,1,10,0,0,0,3,1,0,0,0,7,0,1,2,0,0,1,2,4,1,0,0,0,5,41,9,78,1,1,0,7,83,8,11,18,24,0,6,2,0,0,0,2,0,4,0,0,0,24,0,1,0,0,0,0,0,0,0,0,14,0,6,3,5,12,0,0,12,0,6,0,7,2,0,0,1,5,27,8,12,86,2,6,0,1,0,3,0,4,0,1,1,1,48,5,14,26,571,34,0,25,25,25,9,32,27,9,19,10,64,0,1,13,3,3,0,5,3,2,3,0,16,10,0,5,6,38,4,0,5,4,2,6,4,0,2,0,0,8,3,2,13,4,4,2,1,11,4,6,2,0,1,4,157,2,29,0,12,4,43,3,4,0,16,2025-01-19
2025-01-26,0,3,0,0,0,2,0,0,0,4,6,0,0,8,2,6,13,3,4,1,0,1,0,0,0,0,2,8,1,4,26,0,149,61,0,22,0,1,0,3,0,0,2,0,11,10,0,0,0,0,4,0,18,1,0,2,0,4,0,0,1,0,0,0,0,12,0,0,22,7,4,11,2,0,2,11,3,19,20,2,13,13,15,29,15,2,19,2,4,0,18,1,12,30,6,5,32,4,3,0,1,0,0,1,0,19,0,0,0,3,2,0,0,2,8,0,3,30,0,0,2,4,3,0,0,0,1,3,34,3,120,1,11,0,4,34,2,9,89,14,0,26,2,0,0,3,0,0,2,0,0,0,23,2,2,0,0,0,0,0,0,0,0,14,12,8,6,45,9,0,1,28,3,6,3,4,0,0,2,3,0,21,12,23,116,2,2,0,1,0,3,0,5,0,0,1,0,21,2,21,61,485,3,182,32,30,61,31,206,125,8,69,15,117,0,0,9,3,9,0,4,0,1,2,2,11,8,0,31,12,74,2,13,9,3,6,10,1,0,3,0,2,4,31,2,72,1,6,4,1,17,22,9,20,12,1,4,237,0,58,0,45,13,66,2,0,0,8,2025-01-26
2025-02-02,1,0,0,0,0,4,0,0,0,3,5,1,0,75,5,2,1,0,17,0,4,1,5,0,0,3,23,0,13,10,6,4,40,18,2,84,0,1,0,0,0,0,9,0,2,9,0,0,0,0,2,0,1,0,1,0,0,0,0,0,0,0,0,0,0,15,0,0,27,8,3,4,0,7,7,5,3,5,6,1,12,6,25,24,20,0,9,2,6,6,7,0,18,11,9,10,6,7,2,0,0,0,0,0,0,11,2,1,1,2,0,0,0,0,8,0,1,39,0,0,0,3,3,0,0,0,1,3,17,1,124,5,14,1,10,17,0,7,19,23,0,6,0,0,0,7,0,1,5,0,0,0,33,5,0,0,1,0,0,0,0,0,0,3,20,9,16,19,11,0,3,77,2,17,0,1,3,0,4,0,0,7,10,25,87,1,5,0,0,0,0,0,2,0,0,2,0,22,2,28,55,126,4,44,1,15,17,6,65,1,2,82,36,24,10,3,0,12,7,1,9,2,4,0,2,2,1,0,10,0,314,37,0,15,13,70,4,3,4,6,2,0,19,0,16,10,11,5,19,17,28,5,5,0,6,0,0,263,4,29,2,7,1,82,1,0,0,10,2025-02-02
2025-02-09,0,2,0,3,0,1,0,0,0,1,4,0,2,11,3,5,2,2,3,9,23,2,2,0,6,0,1,1,0,8,4,0,18,12,2,10,0,3,0,2,0,0,4,0,5,5,0,0,0,0,10,0,0,0,0,0,1,1,0,0,0,0,3,0,0,21,0,0,7,0,0,1,1,0,2,0,2,9,3,3,3,8,10,3,18,0,4,3,5,0,2,0,8,5,9,3,3,2,2,0,2,0,0,0,0,15,0,0,0,3,2,0,0,0,13,0,0,23,3,0,0,0,1,0,0,0,2,2,13,3,83,3,1,0,1,3,0,7,16,18,0,8,3,0,0,1,0,1,9,0,0,0,18,1,2,1,1,0,0,0,0,0,0,3,15,8,1,1,4,0,2,5,0,0,0,0,8,0,0,2,1,1,15,8,65,1,10,0,0,0,1,0,1,0,0,0,0,6,0,12,32,633,1,18,33,4,19,4,6,36,2,21,0,27,4,0,5,0,1,1,7,9,0,5,1,0,0,8,8,4,64,1,0,6,4,3,4,9,0,13,0,0,5,18,2,48,6,6,0,2,0,2,20,4,1,1,1,163,2,6,0,32,4,56,0,0,1,13,2025-02-09
2025-02-16,1,1,0,0,0,0,0,5,0,1,39,0,0,11,6,8,2,2,4,0,3,2,1,2,4,0,3,3,0,8,13,3,33,14,0,12,0,1,0,1,0,1,8,0,5,5,0,0,0,0,8,0,10,1,1,4,0,9,1,10,0,0,0,1,0,10,0,0,23,0,1,2,4,0,0,1,4,11,9,0,2,6,32,6,25,2,6,0,6,0,3,0,7,9,8,3,10,0,0,0,1,0,1,1,0,19,0,0,0,1,1,0,0,0,9,0,0,27,0,0,1,1,1,0,0,0,2,4,14,6,109,3,2,0,6,6,3,11,17,13,3,23,3,1,0,2,3,0,3,1,0,2,37,0,7,0,0,0,0,0,0,0,0,24,18,25,3,5,23,0,5,52,1,10,0,8,7,2,5,10,0,19,18,17,123,1,5,0,0,0,5,2,10,0,0,0,0,1,0,15,32,590,19,30,27,15,33,11,18,42,5,71,9,46,1,0,29,3,2,1,2,3,8,0,3,0,9,0,10,1,52,3,2,9,6,5,6,4,0,4,3,0,7,5,0,15,2,5,5,2,9,4,2,3,0,0,0,124,1,5,0,31,2,38,0,1,0,0,2025-02-16
2025-02-23,8,4,6,0,0,2,0,1,0,0,24,0,0,10,6,1,0,3,4,3,2,3,0,1,0,0,6,6,0,10,14,0,32,20,5,4,0,3,1,1,0,0,5,0,7,3,0,0,0,0,8,0,10,3,0,7,0,12,2,6,0,0,1,0,0,13,0,0,17,1,3,4,4,0,3,0,3,7,6,0,3,14,7,10,13,1,5,3,4,0,7,2,14,0,7,2,8,2,3,0,0,0,0,0,0,15,0,0,0,2,1,1,0,0,9,0,0,21,0,0,0,0,2,0,0,0,2,3,10,9,89,5,7,0,3,92,1,8,13,17,0,16,4,0,0,2,1,0,2,2,0,1,23,1,8,1,0,0,0,0,0,0,0,19,15,8,3,8,6,0,2,24,2,1,2,10,2,1,2,8,5,28,14,8,66,2,10,0,0,0,4,0,5,0,0,0,0,53,7,10,46,48,17,39,39,27,50,13,19,57,8,33,4,41,2,1,29,6,5,3,7,0,3,0,2,8,11,0,7,4,71,10,0,5,4,3,3,2,0,1,0,0,11,12,2,46,4,4,3,1,16,0,12,3,0,12,3,84,1,15,1,37,18,39,7,0,5,0,2025-02-23
2025-03-02,5,2,0,0,0,0,0,0,0,0,36,0,0,15,6,3,4,4,6,1,4,1,3,1,6,0,3,8,0,11,7,3,27,13,4,3,0,5,3,2,0,0,3,0,5,5,1,0,1,0,16,0,9,0,0,8,0,10,0,2,1,0,0,0,0,14,0,0,16,0,2,4,3,3,0,0,2,7,5,0,2,7,14,4,2,0,1,0,6,1,5,0,0,6,7,5,4,5,0,0,2,1,0,0,0,16,0,0,0,2,2,0,0,0,18,0,0,16,5,0,1,1,1,1,0,0,0,1,7,6,30,3,0,0,7,36,0,4,4,14,0,7,1,0,0,1,9,0,0,0,0,2,24,1,5,0,0,0,0,1,0,0,0,25,14,3,0,5,15,0,0,14,6,9,0,8,10,3,3,3,5,12,14,8,85,2,4,0,0,0,2,0,5,0,0,0,0,15,2,5,0,342,1,27,24,11,0,7,0,36,0,27,6,33,1,2,27,0,0,0,5,2,3,0,2,13,9,0,7,3,25,9,2,9,2,5,4,2,0,1,0,0,7,7,2,12,0,6,1,3,15,1,0,1,0,0,5,134,0,17,1,40,7,39,9,2,8,11,2025-03-02
2025-03-09,1,1,2,0,0,2,0,3,0,1,28,0,0,11,2,6,0,4,8,2,3,2,1,0,0,0,3,0,1,0,12,0,24,14,0,12,0,10,3,2,0,0,3,0,3,1,0,0,0,0,31,1,19,0,0,7,1,23,0,4,0,0,0,0,0,7,0,0,25,0,2,6,6,4,0,0,3,8,5,0,2,5,10,7,19,0,4,1,5,3,1,0,10,5,9,1,5,2,0,0,1,0,0,1,1,9,0,0,0,3,2,1,0,0,14,1,0,16,1,0,3,3,2,1,0,1,2,0,26,5,95,5,8,0,12,60,0,4,12,18,0,17,4,0,0,1,1,0,5,0,0,4,14,1,5,1,0,0,0,0,0,0,0,15,12,8,1,0,9,0,0,28,3,12,2,5,4,1,2,8,4,16,16,16,112,1,10,0,0,0,7,1,4,0,0,0,0,42,3,10,8,471,9,24,10,15,51,9,7,56,0,39,13,13,1,2,21,1,6,1,5,0,1,2,1,11,9,0,6,2,25,6,2,12,4,4,6,2,0,3,0,0,6,10,1,14,1,4,5,2,7,3,2,0,0,0,2,128,0,19,1,37,12,41,8,1,3,14,2025-03-09
2025-03-16,3,0,12,0,0,1,0,0,0,3,33,0,0,10,5,2,0,0,4,0,3,2,0,0,3,0,0,6,1,8,8,0,13,23,2,7,1,3,2,2,0,0,4,0,3,3,0,1,0,0,27,1,11,0,1,4,0,23,0,0,0,0,0,1,0,4,1,0,25,0,1,3,0,4,2,0,0,11,4,0,6,6,12,4,1,4,7,0,2,3,6,0,4,4,5,2,8,0,0,0,3,0,1,0,1,13,1,0,1,0,1,0,0,0,9,0,0,15,1,0,2,6,0,0,0,0,2,4,16,10,113,4,13,1,4,78,0,14,13,9,0,7,0,1,0,7,2,0,2,0,1,4,23,0,4,1,0,0,0,0,1,0,0,18,10,5,2,0,18,0,0,31,2,7,9,8,5,1,3,7,3,37,17,10,63,2,6,0,0,0,3,1,11,0,0,1,0,29,3,6,32,486,41,22,27,9,25,10,18,32,2,58,14,43,3,0,13,0,0,0,1,0,5,3,0,10,9,0,5,1,21,4,5,6,2,2,8,4,3,1,3,3,4,3,2,32,2,5,6,1,15,3,7,2,0,0,1,117,3,30,0,30,12,39,7,3,3,14,2025-03-16
2025-03-23,7,1,10,0,1,0,0,4,0,1,27,0,0,5,6,6,2,0,5,0,1,1,1,1,2,0,0,1,0,8,5,0,21,6,0,4,2,8,0,2,0,0,2,0,5,7,0,0,0,0,13,0,20,1,0,4,0,10,0,0,2,0,0,0,0,9,0,0,40,0,0,2,4,3,1,0,3,4,4,0,4,3,6,2,9,4,0,0,1,1,6,0,7,4,5,4,2,4,0,0,0,4,0,0,0,7,0,0,0,0,0,0,0,0,11,0,0,22,1,0,1,4,0,0,0,0,0,4,14,2,69,3,8,0,1,50,0,3,5,11,0,5,2,1,0,4,2,0,1,0,0,11,9,0,3,2,0,0,0,1,0,0,0,20,12,17,2,0,4,2,0,28,2,8,0,6,6,2,3,4,6,27,12,9,58,3,3,0,0,0,2,1,2,0,0,0,0,25,7,10,23,882,18,32,19,11,43,1,18,42,6,18,9,25,2,1,11,2,2,1,4,0,1,0,1,5,8,0,7,1,8,9,0,4,3,5,3,3,2,3,0,0,7,11,0,10,3,5,3,2,8,1,0,1,0,4,1,115,2,30,3,19,12,32,5,1,7,1,2025-03-23
2025-03-30,13,5,10,0,11,0,0,2,0,4,41,1,0,15,2,11,0,1,8,1,2,1,1,0,4,0,0,6,0,4,14,0,22,13,0,16,3,5,1,2,1,0,1,0,2,2,3,0,0,0,13,0,16,1,3,12,1,17,1,4,2,0,1,1,0,9,0,0,42,0,1,3,2,5,3,0,0,8,2,1,5,15,17,5,13,1,5,0,4,4,1,0,13,13,8,2,4,0,6,0,1,1,1,0,0,17,2,1,0,0,1,0,0,2,19,0,1,8,0,0,3,5,2,0,0,0,1,2,8,2,97,6,14,0,4,82,0,5,10,19,0,15,5,0,0,6,1,0,1,1,0,8,29,0,8,2,0,0,0,0,0,0,2,22,12,18,2,0,24,0,0,34,1,4,2,3,10,3,5,8,6,31,12,14,88,1,4,0,0,0,7,4,5,0,0,0,0,34,1,11,34,521,17,22,35,19,16,1,9,52,8,48,15,36,3,2,17,3,4,2,6,1,3,5,4,9,10,0,9,2,75,8,3,9,4,3,8,4,4,3,2,0,9,8,3,11,5,1,3,2,22,0,14,1,9,0,2,119,3,38,0,43,18,37,11,1,4,6,2025-03-30
2025-04-06,14,3,15,0,8,2,0,2,0,9,27,0,0,7,3,5,0,0,3,1,1,0,2,0,0,0,1,3,1,5,4,0,7,13,1,10,0,2,0,2,1,0,2,0,4,8,1,0,0,0,25,0,12,0,1,3,0,20,2,0,0,0,0,0,0,4,0,0,47,1,1,1,0,4,0,0,5,4,8,0,4,1,11,4,4,3,9,2,0,2,6,0,5,0,4,2,10,0,3,0,2,0,0,0,1,24,0,0,0,0,2,0,0,1,11,2,0,43,3,0,6,3,2,0,0,0,2,4,13,6,77,2,6,1,7,52,1,5,7,11,1,8,1,1,0,5,1,0,1,0,1,30,21,1,1,1,0,0,0,0,0,0,1,16,14,5,1,2,14,0,0,21,2,4,5,2,5,2,1,3,4,44,19,11,67,0,4,0,0,0,3,0,7,0,0,1,0,23,7,12,18,374,20,25,32,5,23,6,3,43,10,25,16,22,1,2,19,2,3,0,6,0,4,6,0,8,8,0,3,3,28,3,4,6,3,1,2,2,2,2,0,0,3,8,1,39,2,4,2,1,10,3,4,2,2,0,2,115,1,41,1,23,15,37,12,0,1,6,2025-04-06
2025-04-13,6,4,24,0,8,1,0,5,0,5,31,0,0,8,5,6,0,0,1,0,1,3,0,1,1,0,1,1,0,5,7,0,9,8,0,8,0,1,1,3,2,0,0,0,1,0,0,0,0,0,19,2,13,1,2,8,0,29,0,11,0,0,0,0,0,5,0,0,27,0,1,3,2,5,0,0,0,2,0,0,4,3,4,6,2,4,6,0,0,2,3,0,8,3,5,2,7,3,0,0,0,0,0,0,1,9,0,0,0,0,2,0,0,1,16,0,0,25,3,0,1,4,1,0,0,0,1,2,21,2,72,1,20,0,2,72,0,16,10,1,0,2,0,0,2,2,1,0,3,0,0,11,21,2,5,3,0,0,0,0,0,0,0,6,5,7,1,6,4,1,0,37,5,9,2,4,6,1,2,3,4,54,11,11,81,2,3,0,1,0,2,1,3,0,0,1,0,34,5,11,31,492,29,21,23,6,21,7,2,28,9,40,13,35,4,1,6,3,7,0,5,0,2,0,1,6,6,0,4,2,53,11,3,4,1,3,0,2,3,0,2,3,6,5,2,13,0,6,1,1,32,1,10,3,0,2,5,111,4,35,0,27,9,44,8,0,0,3,2025-04-13
2025-04-20,8,1,43,0,8,0,0,5,0,3,17,0,0,9,0,1,1,0,7,3,4,3,1,1,4,0,1,3,1,7,11,0,8,4,0,6,0,3,0,1,0,0,1,1,3,0,0,1,0,1,19,0,0,5,2,8,0,8,0,0,0,0,0,0,0,5,0,0,22,0,19,2,3,7,0,0,0,5,0,0,3,8,5,2,1,0,3,0,3,1,2,0,7,0,5,1,1,0,0,0,3,0,0,0,1,10,0,0,0,0,1,0,0,0,15,0,0,30,2,0,1,8,2,0,0,0,0,0,9,3,67,3,2,0,1,62,0,1,35,1,1,10,3,0,0,4,0,0,4,0,2,3,19,0,5,0,1,0,0,0,0,0,0,15,10,0,1,1,13,2,0,26,1,6,2,2,7,3,2,2,6,39,23,21,96,5,7,0,1,0,3,0,6,0,0,0,0,24,3,14,30,433,19,23,29,7,10,5,4,42,7,26,7,13,0,0,19,2,5,0,3,0,3,5,0,9,6,0,5,2,44,0,0,12,4,2,8,4,2,3,0,0,9,7,0,15,0,0,2,0,6,2,8,1,0,0,2,129,1,13,1,21,11,32,3,1,3,1,2025-04-20
2025-04-27,6,0,1,0,13,0,0,0,0,0,28,0,0,8,3,3,0,0,2,0,0,1,0,0,0,0,0,4,0,2,6,0,2,8,0,2,1,0,0,0,0,0,0,0,1,2,0,0,0,0,0,0,8,1,1,5,0,26,1,0,0,1,0,1,1,8,0,0,45,11,2,0,2,4,2,0,2,3,1,1,2,5,11,3,6,0,5,2,1,0,2,2,6,7,4,2,1,0,0,0,0,0,1,0,0,14,0,0,0,0,2,0,0,1,11,0,0,16,0,0,1,10,1,0,0,0,0,2,8,3,51,0,4,0,5,48,0,2,50,0,2,16,1,0,0,0,1,0,0,0,1,1,15,0,1,0,1,0,0,0,0,0,0,10,4,0,3,3,6,3,0,32,3,5,3,5,4,0,0,5,1,17,6,11,56,3,5,0,0,0,6,0,4,1,0,0,0,36,0,10,26,377,17,14,29,8,4,10,0,22,4,24,12,31,1,0,7,0,3,0,2,0,5,0,2,9,7,0,4,0,22,9,3,11,1,3,2,1,1,2,0,0,6,5,5,14,3,0,0,2,19,3,10,1,0,1,1,83,0,13,0,34,8,12,10,2,0,2,2025-04-27
2025-05-04,2,1,27,0,12,2,0,0,0,0,20,0,0,2,4,4,1,0,6,0,0,1,1,0,0,0,0,4,0,2,1,0,1,2,0,0,0,2,0,1,0,0,0,0,0,6,0,0,0,0,0,0,10,2,0,7,2,18,0,2,0,0,0,1,0,3,0,0,48,0,3,2,1,3,1,0,1,2,1,0,3,4,5,3,3,0,2,0,0,2,2,0,5,2,3,2,3,4,0,0,1,0,0,0,0,11,0,2,3,0,0,0,1,0,11,0,0,28,0,0,0,4,1,0,0,0,0,1,8,6,77,2,10,1,3,56,0,5,83,0,0,6,1,0,0,2,0,0,0,0,1,0,10,1,6,1,0,0,0,0,0,0,0,6,9,2,0,4,5,2,0,15,0,3,0,3,2,2,4,3,3,46,18,19,86,0,5,0,0,0,4,0,5,0,0,0,0,30,3,14,18,301,12,17,20,8,22,12,0,0,3,24,15,24,1,0,8,0,5,0,1,0,0,0,0,0,7,0,0,0,32,0,1,4,1,2,2,1,1,0,1,1,1,8,0,10,2,1,0,2,0,3,5,1,0,1,1,80,2,22,0,27,18,23,8,0,1,4,2025-05-04
2025-05-11,8,12,14,0,7,2,0,3,0,3,36,0,0,6,3,0,0,0,0,0,4,2,0,0,1,0,0,1,0,4,3,0,1,10,0,0,0,2,0,3,0,0,1,0,1,1,0,0,0,0,0,1,13,2,1,4,0,38,0,2,1,0,0,0,0,1,0,0,70,0,1,0,0,4,1,0,3,8,4,0,1,5,12,4,3,0,0,0,0,2,5,0,7,0,6,1,1,2,0,0,2,1,0,0,1,28,1,1,0,0,0,1,0,0,17,0,0,38,3,0,3,2,3,0,0,0,0,1,18,8,83,2,10,0,10,66,0,6,58,0,0,12,3,1,0,0,0,0,3,0,0,5,8,1,2,0,1,0,0,0,0,0,1,4,7,1,1,4,9,4,0,23,1,5,6,4,7,1,1,2,1,32,19,18,98,0,10,0,1,0,3,1,11,0,0,0,0,46,0,13,31,396,24,21,28,9,13,13,4,0,4,51,12,30,1,1,6,0,1,0,3,0,1,2,0,6,4,2,5,0,32,11,2,9,1,3,3,3,3,2,0,0,2,2,3,38,0,3,4,3,2,0,7,1,1,0,1,117,0,24,2,35,17,38,14,2,1,22,2025-05-11
2025-05-18,1,10,8,0,8,1,0,1,0,7,40,0,1,4,2,0,0,0,1,0,1,1,0,0,0,0,0,0,0,3,4,0,4,3,0,0,2,2,0,0,1,0,0,0,1,2,0,0,0,0,0,1,12,2,1,5,0,26,0,0,0,0,0,0,0,4,0,0,69,2,1,1,2,4,2,3,1,8,0,0,0,3,4,3,2,0,1,1,0,0,2,0,5,3,5,5,0,0,0,1,2,1,0,0,0,12,0,0,1,1,0,0,0,0,14,0,1,19,1,0,0,2,8,0,0,0,0,1,20,2,51,6,9,1,5,84,0,8,80,3,0,11,3,0,0,4,0,0,4,0,3,3,11,4,2,0,1,0,0,0,0,0,1,6,4,2,1,2,7,3,0,12,2,7,1,3,2,3,1,2,2,6,20,8,86,0,6,0,0,0,6,1,10,0,0,0,0,31,4,16,31,546,25,31,29,14,22,11,3,15,6,16,11,30,0,0,8,2,1,1,1,0,2,4,0,3,5,2,3,1,34,5,2,2,3,0,0,3,0,0,0,2,1,1,0,10,1,4,1,1,7,1,7,1,0,0,3,124,0,48,1,32,15,29,12,3,3,18,2025-05-18
2025-05-25,9,1,8,0,3,0,0,4,0,2,8,0,2,5,0,0,0,0,0,0,0,2,0,0,0,0,0,3,0,7,5,0,10,6,2,6,2,1,0,1,0,0,0,0,4,2,0,0,0,0,0,0,8,0,0,3,1,30,0,3,1,1,0,0,0,5,0,0,45,1,0,0,2,3,0,0,2,1,2,0,4,2,8,3,8,0,1,1,4,0,4,0,7,6,7,0,0,1,0,0,2,0,2,0,0,10,0,0,0,0,0,0,0,0,13,0,1,16,1,3,1,3,3,0,0,0,0,3,13,4,99,10,10,0,2,81,0,1,87,2,0,12,3,0,1,2,1,0,1,0,0,7,5,2,3,5,0,0,0,0,0,0,0,6,11,0,1,4,7,3,7,13,0,9,0,4,8,0,1,3,2,19,8,15,67,0,3,0,0,0,2,0,6,0,0,1,0,41,6,6,22,480,10,7,22,6,13,5,1,26,4,53,18,31,2,0,8,0,4,0,3,0,0,0,1,9,4,0,3,1,29,4,2,9,0,1,0,3,0,0,1,5,7,1,3,40,3,3,3,0,14,2,8,0,0,3,3,92,1,21,2,30,8,20,4,4,0,5,2025-05-25
2025-06-01,2,1,1,0,0,1,0,1,0,0,35,0,1,1,0,0,0,0,2,0,0,1,1,0,0,0,0,0,0,0,0,0,3,0,0,0,0,1,0,2,0,0,0,0,0,0,0,0,0,0,1,1,5,0,1,0,1,14,1,0,0,0,0,0,0,5,0,0,23,0,1,0,0,0,0,0,0,1,0,0,1,3,0,2,0,1,0,0,0,0,4,0,3,0,2,1,0,0,0,0,0,0,0,0,0,0,0,1,0,0,1,0,0,0,8,0,0,0,0,0,0,0,0,0,0,0,0,0,7,4,64,5,5,0,1,62,0,5,52,1,0,3,0,0,0,1,0,0,0,0,1,2,2,0,0,0,0,0,0,0,0,0,0,4,1,0,0,0,5,0,0,6,0,0,0,1,3,0,0,0,1,15,8,1,37,0,2,0,0,0,1,0,8,0,0,0,0,12,13,5,9,238,13,18,12,8,27,3,3,28,2,14,8,10,0,0,0,0,0,0,0,0,0,1,0,0,1,0,0,0,7,0,0,0,0,0,0,0,0,0,0,1,0,0,0,0,0,0,0,0,2,1,0,0,0,0,1,43,0,5,0,10,5,28,6,2,0,5,2025-06-01
2025-06-08,3,4,2,0,0,0,0,0,0,5,14,0,0,2,0,4,0,3,0,0,0,1,0,0,0,0,0,0,0,2,0,0,2,0,0,0,0,0,0,0,0,0,0,0,1,1,0,0,0,0,0,0,4,0,0,0,1,12,0,0,0,0,0,1,0,1,0,0,29,0,0,0,0,1,0,0,0,1,0,0,0,4,3,1,1,1,0,0,0,0,0,0,5,2,1,0,1,4,0,0,0,0,0,0,0,1,0,0,0,0,0,0,0,0,0,0,0,0,0,0,0,0,1,0,0,0,0,1,8,10,56,1,5,0,0,43,0,2,45,0,0,5,1,0,0,0,0,0,0,0,0,2,2,0,2,0,0,0,0,0,0,0,0,3,3,1,0,3,4,0,1,15,0,5,0,0,1,0,0,0,2,0,6,4,51,2,8,0,1,0,0,0,3,0,0,0,0,29,7,9,16,314,17,6,13,11,6,4,3,27,2,5,16,42,2,1,1,1,0,0,0,0,0,4,0,0,2,0,0,0,9,2,0,0,1,0,0,2,3,0,0,2,1,0,0,18,0,1,1,1,4,0,2,2,0,2,0,61,0,11,0,9,4,18,1,1,0,4,2025-06-08
2025-06-15,0,0,0,0,0,0,0,1,0,0,4,0,0,0,0,1,0,0,0,0,0,0,0,0,0,0,0,0,0,2,0,0,2,0,0,0,0,0,0,0,0,0,0,0,0,0,0,0,0,0,0,0,4,0,0,0,0,3,0,1,0,0,0,0,0,2,0,0,21,0,0,0,0,0,0,0,0,0,2,0,0,1,3,1,0,0,0,0,0,0,0,0,1,0,0,0,0,0,0,0,1,0,0,0,0,5,0,0,0,0,0,0,0,0,11,0,0,0,0,0,0,0,0,0,0,0,0,0,4,0,38,0,2,0,0,34,0,1,26,1,0,8,0,0,0,1,0,0,0,0,0,3,1,0,0,0,0,0,0,0,0,0,0,0,2,1,0,0,2,0,0,8,1,2,0,0,0,0,0,0,1,14,8,2,47,0,3,0,0,0,0,0,5,0,0,1,0,22,2,5,9,136,5,23,11,6,21,6,1,28,1,1,3,17,1,0,3,0,0,0,0,0,0,0,0,0,0,0,0,0,5,0,1,0,0,0,0,1,0,0,0,0,0,1,0,4,0,0,0,0,3,2,1,1,0,0,0,35,0,7,0,15,0,21,1,0,0,0,2025-06-15
2025-06-22,1,4,0,0,1,1,0,2,0,1,8,0,1,1,0,0,0,0,0,0,0,0,0,0,0,0,0,0,0,2,0,0,0,0,0,0,0,1,0,0,0,0,0,0,0,0,0,0,0,0,0,0,8,1,0,0,0,14,1,3,0,0,0,0,0,1,0,0,32,0,3,0,0,0,1,0,0,0,0,0,0,0,1,2,1,0,0,0,0,1,0,0,2,1,0,0,2,0,0,0,0,0,0,0,0,9,0,0,1,0,0,0,0,0,0,0,0,0,0,0,0,0,0,0,0,0,0,0,2,0,27,5,4,0,1,56,0,2,25,0,0,3,0,0,0,1,0,0,0,0,0,0,3,0,0,0,0,0,0,0,0,0,0,1,3,2,0,0,2,0,0,3,0,2,0,0,2,0,0,0,0,14,13,5,41,0,1,0,0,0,1,0,1,0,0,0,0,22,8,2,6,212,16,5,13,7,16,4,0,29,3,1,13,27,0,0,2,0,0,0,1,0,0,0,0,2,0,0,0,0,4,2,0,0,0,0,3,0,0,0,0,0,0,0,0,3,0,3,1,1,1,0,0,0,0,1,0,63,0,4,0,7,4,16,2,1,0,4,2025-06-22
2025-06-29,3,0,0,0,0,0,0,0,0,0,0,0,0,0,0,0,0,0,0,0,0,0,0,0,0,0,0,0,0,0,0,0,0,0,0,0,0,0,0,0,0,0,0,0,0,0,0,0,0,0,0,0,0,0,0,0,0,3,0,0,0,0,0,0,0,2,0,0,5,0,0,0,0,0,0,0,0,0,0,0,0,2,0,0,0,0,0,0,0,0,0,0,1,0,0,0,0,0,0,0,0,0,0,0,0,1,0,0,0,0,0,0,0,1,2,0,0,0,0,0,0,0,0,0,0,0,0,0,5,0,45,0,5,0,1,14,0,0,19,1,0,1,0,0,0,0,0,0,0,0,0,0,1,0,1,0,0,0,0,0,0,0,0,0,0,0,0,0,1,0,0,0,0,0,0,0,0,0,0,0,0,7,0,0,10,1,0,0,0,0,0,0,1,0,0,0,0,8,0,4,4,72,5,6,4,0,25,2,1,21,0,1,0,5,0,0,0,0,0,0,0,0,0,0,0,0,0,0,0,0,2,0,0,0,0,0,0,0,0,0,0,0,0,0,0,0,0,0,0,0,3,0,0,0,0,2,0,17,0,1,0,6,4,6,0,0,0,3,2025-06-29
2025-07-06,2,1,0,0,0,0,0,0,0,0,0,0,0,0,1,0,0,0,0,1,0,0,0,0,0,0,0,0,0,0,0,0,0,0,0,0,0,0,0,0,0,0,0,0,0,0,0,0,0,0,0,0,0,0,1,0,0,5,0,0,0,0,0,0,0,0,0,0,1,0,0,0,0,0,0,0,0,0,0,0,0,0,0,0,0,0,0,0,0,0,0,0,0,0,0,0,0,0,0,0,0,0,0,0,0,2,0,0,0,0,0,0,0,0,1,0,0,0,0,0,0,0,0,0,0,0,0,0,3,0,61,2,2,0,1,27,0,1,15,0,0,5,2,0,0,2,0,0,0,0,0,0,0,0,0,0,0,0,0,0,0,0,0,0,0,0,0,1,0,0,0,1,0,0,0,0,0,1,0,0,0,16,2,3,13,1,2,0,0,0,0,0,1,0,0,0,0,4,0,2,4,79,4,1,1,0,1,3,0,3,1,3,3,6,0,0,0,0,0,0,0,0,0,0,0,0,0,0,0,0,2,0,0,0,0,0,0,0,2,0,0,0,0,0,0,8,0,0,0,0,1,0,1,0,0,0,0,11,0,0,0,5,1,20,0,0,0,2,2025-07-06
2025-07-13,0,0,0,0,0,0,0,0,0,0,3,0,0,0,0,0,0,0,0,0,0,0,0,0,0,0,0,0,0,0,0,0,0,1,0,0,0,0,0,0,0,0,0,0,0,0,0,0,0,0,0,0,0,0,0,0,1,4,0,0,0,0,0,0,0,1,0,0,1,0,0,0,0,0,0,0,0,0,0,0,0,0,0,0,1,0,0,0,0,0,0,0,0,0,0,0,0,0,0,0,1,0,0,0,0,3,0,0,0,0,0,0,0,0,4,0,0,0,0,0,0,0,0,0,0,0,0,0,0,0,24,0,2,0,0,44,0,2,26,0,0,2,1,0,0,0,0,0,0,0,0,0,0,0,0,0,0,0,0,0,0,0,0,0,0,0,0,1,1,0,0,1,0,0,0,0,0,0,0,0,0,27,2,5,11,0,2,0,0,0,1,0,0,0,0,0,0,8,0,2,8,101,6,2,0,4,6,3,2,11,1,0,7,2,0,0,0,0,0,0,0,0,0,2,0,0,0,0,0,0,1,1,0,1,0,0,0,0,0,0,0,0,0,0,0,1,0,0,0,0,0,0,1,0,0,8,0,25,0,0,0,17,4,16,1,0,0,0,2025-07-13
2025-07-20,0,1,0,0,0,0,0,0,1,1,1,0,0,1,0,0,0,0,0,0,0,0,0,0,0,0,0,0,0,0,2,0,0,0,0,0,0,0,0,0,0,0,0,0,0,0,0,0,0,0,1,0,3,0,0,0,0,2,0,0,0,0,0,0,0,0,0,0,2,0,0,0,0,0,0,0,0,1,0,0,0,1,0,0,0,0,0,0,0,2,0,0,1,0,0,0,1,0,0,0,0,0,0,0,0,1,0,0,0,0,0,0,0,0,3,0,0,0,0,0,0,0,0,0,0,0,0,0,1,0,19,2,0,0,0,36,0,0,32,0,0,2,0,0,0,0,0,0,0,0,0,0,0,0,0,0,0,0,0,0,0,0,0,0,0,0,0,1,0,0,0,0,1,0,0,0,0,0,0,0,0,28,5,1,24,0,0,0,0,0,0,0,1,0,0,0,0,9,0,4,2,86,6,3,3,6,10,3,2,25,0,4,7,11,0,0,0,0,0,0,0,0,0,0,0,0,0,0,0,0,1,1,0,0,0,1,0,1,0,0,0,0,0,0,0,1,0,0,0,0,1,0,0,0,0,5,0,25,0,0,0,7,3,12,0,0,0,0,2025-07-20
2025-07-27,0,1,0,0,0,0,0,0,0,0,2,0,0,1,0,0,0,0,0,0,0,0,0,0,0,0,0,0,0,0,0,0,2,1,0,0,0,0,0,0,0,0,0,0,0,0,0,0,0,0,0,0,0,0,0,0,0,2,0,0,0,0,0,0,0,1,0,0,0,0,0,0,0,0,0,0,0,1,0,0,0,0,0,0,3,0,0,0,0,0,0,1,0,1,0,0,0,0,0,0,0,0,0,0,0,5,0,0,0,0,0,0,0,0,2,0,0,0,0,0,0,0,0,0,0,0,0,0,5,0,19,0,2,0,1,20,0,2,13,0,0,2,1,0,0,0,0,0,0,0,0,0,0,0,0,0,0,0,0,0,0,0,0,0,0,1,0,0,2,0,0,5,0,0,0,0,0,0,0,1,0,3,4,0,20,0,3,0,0,0,0,0,0,0,0,0,0,3,0,3,7,70,10,3,5,5,10,2,0,28,0,3,9,9,0,0,0,0,0,0,0,0,0,0,0,0,0,0,0,0,2,0,1,0,0,0,0,0,0,0,0,0,0,0,0,2,0,0,0,0,0,0,0,0,0,1,0,19,2,2,0,10,4,4,0,1,0,1,2025-07-27
2025-08-03,0,0,0,0,0,0,0,0,0,0,0,0,0,0,0,0,0,0,0,0,0,0,0,0,0,0,0,0,0,1,0,0,0,0,0,0,0,0,0,0,0,0,0,0,0,0,0,0,0,0,1,0,0,0,0,0,0,0,0,1,0,0,0,0,0,0,0,0,1,0,0,0,0,0,0,0,1,0,0,0,0,0,0,0,1,0,0,0,0,0,0,0,0,0,0,2,0,1,0,0,0,0,0,0,0,0,0,0,0,0,0,0,0,0,0,0,0,0,0,0,0,0,0,0,0,0,0,0,8,0,8,0,4,0,0,19,0,2,4,0,0,0,0,0,0,0,0,0,0,0,0,0,0,0,0,0,0,0,0,0,0,0,0,0,0,0,0,0,0,0,0,1,0,0,0,0,0,0,0,0,0,9,0,0,15,0,1,0,0,0,0,0,0,0,0,0,0,1,1,5,2,47,2,1,0,4,4,3,2,10,0,5,3,5,0,0,0,0,0,0,0,0,2,0,0,0,0,0,1,0,1,0,0,1,1,0,0,0,0,0,0,0,1,1,0,8,0,1,0,0,0,0,5,0,0,1,0,14,1,1,0,2,5,4,1,0,0,2,2025-08-03
2025-08-10,0,0,0,0,0,0,1,0,0,0,0,0,0,0,1,0,0,0,0,1,0,0,0,0,0,0,0,0,0,0,0,0,0,0,0,0,0,0,0,0,0,0,0,0,0,0,0,0,0,0,0,0,0,0,0,0,0,3,0,0,0,0,0,0,0,0,0,0,1,0,0,0,0,0,0,0,0,0,0,0,0,0,0,0,0,0,0,0,0,0,0,0,1,0,0,1,0,0,0,0,0,0,0,0,0,2,0,0,0,0,0,0,0,0,0,0,0,0,0,0,0,0,0,0,0,0,0,0,4,2,34,2,1,0,0,18,0,0,10,1,0,0,0,0,0,0,0,0,0,0,0,0,0,0,0,0,0,0,0,0,0,0,0,0,0,0,0,1,2,0,0,0,0,0,0,0,0,0,0,1,0,4,5,4,15,0,1,0,0,1,0,0,1,0,0,0,0,8,0,1,3,67,4,1,3,0,4,1,0,15,0,4,2,7,0,0,0,0,0,0,0,0,0,0,0,0,0,0,0,0,6,0,0,1,1,0,0,0,1,0,0,0,0,0,0,3,0,0,0,0,4,0,0,0,0,1,0,3,0,0,0,1,0,11,0,1,0,0,2025-08-10
2025-08-17,0,5,6,0,2,0,0,0,0,0,1,0,0,3,0,0,0,0,0,0,0,0,0,0,0,0,0,0,0,0,0,0,3,0,0,0,0,0,0,0,0,0,0,0,0,1,0,0,0,0,0,0,4,0,0,0,0,5,0,1,0,0,0,0,0,0,0,0,1,0,1,0,0,0,0,0,0,0,0,0,0,0,1,1,0,0,0,0,0,0,1,0,0,0,1,1,0,0,0,0,0,0,0,0,0,0,0,0,0,0,0,0,0,0,0,0,0,0,0,0,0,0,0,0,0,0,0,0,2,0,26,2,0,0,0,20,0,2,14,0,0,4,0,0,0,0,0,0,0,0,0,0,0,0,1,0,0,0,0,0,0,0,0,0,1,0,0,1,0,0,1,0,0,0,0,0,2,0,0,0,2,5,5,5,21,0,1,0,0,0,0,0,1,0,0,0,0,5,0,3,1,91,6,1,1,0,3,1,0,9,0,6,0,4,0,0,0,0,0,0,0,0,0,0,0,0,0,0,0,0,2,2,2,0,0,0,0,0,1,0,0,0,0,0,0,2,0,0,1,2,2,0,0,3,0,2,0,2,0,0,0,2,0,10,1,1,0,1,2025-08-17
2025-08-24,0,0,13,0,0,0,0,2,0,0,0,0,0,0,0,0,0,0,1,1,0,0,0,0,0,0,0,0,0,0,0,0,0,0,0,0,0,0,0,0,0,0,0,0,0,0,0,0,0,0,1,0,5,0,0,0,0,2,0,0,0,0,0,0,0,0,0,0,2,0,2,0,0,0,0,0,1,0,0,0,0,0,4,0,0,0,0,0,0,0,0,0,3,0,0,0,0,0,0,0,0,0,0,0,0,7,0,0,0,0,0,0,0,0,0,0,0,0,0,0,0,0,0,0,0,0,0,0,1,2,7,0,1,0,1,27,0,0,9,1,0,0,0,0,0,1,0,0,0,0,0,0,2,0,1,0,0,0,0,0,0,0,0,0,1,0,0,0,0,0,1,0,0,0,0,1,0,0,1,0,0,4,1,3,24,0,0,0,0,0,0,0,1,0,0,0,0,10,0,3,5,93,2,5,8,1,5,3,0,9,1,0,0,6,1,0,2,2,0,0,1,0,0,0,0,0,0,0,0,3,3,0,1,0,0,0,0,0,0,0,0,0,0,3,0,3,1,0,1,1,6,0,0,0,0,0,0,3,0,2,0,11,1,7,1,0,0,0,2025-08-24
2025-08-31,0,0,9,0,1,0,0,0,0,0,1,0,0,2,0,0,0,0,0,2,0,2,0,0,0,0,0,0,0,1,1,0,1,0,0,0,0,0,0,0,1,0,0,0,1,2,0,0,0,0,0,0,9,1,0,5,0,5,0,0,0,0,0,0,0,3,0,0,0,0,0,0,0,1,0,0,0,0,0,0,0,0,2,0,0,0,0,0,0,0,0,0,1,0,2,0,0,0,0,0,0,0,0,0,0,0,0,0,0,0,0,0,0,0,0,0,0,1,0,0,0,0,0,0,0,0,0,0,1,2,10,0,2,0,1,35,0,4,13,1,0,7,0,0,0,0,0,0,0,0,2,1,2,0,0,0,0,0,0,0,0,0,0,1,0,0,0,2,0,0,0,3,0,0,0,1,0,0,0,1,0,7,5,5,28,0,3,1,0,0,1,0,2,0,0,0,0,10,0,0,10,177,5,0,1,2,1,0,2,7,1,4,3,5,2,2,3,2,0,0,0,0,0,0,0,1,0,0,0,0,4,0,0,1,0,0,0,0,0,1,0,1,0,1,1,7,0,0,2,2,1,0,3,1,0,12,0,22,0,16,0,7,1,8,4,0,0,2,2025-08-31
2025-09-07,1,0,12,0,0,0,0,2,0,0,1,0,0,1,0,1,0,0,0,1,0,1,0,0,0,0,0,0,0,1,5,0,6,0,0,0,1,0,0,1,0,0,0,0,2,2,0,0,0,0,2,0,9,0,0,0,0,4,0,0,0,0,0,0,0,0,0,0,0,2,0,0,0,0,0,0,0,0,0,0,0,1,5,0,0,0,2,0,0,1,0,0,3,7,1,0,0,0,0,0,0,0,0,0,0,1,0,0,0,0,0,0,0,0,2,0,0,0,0,0,0,0,0,0,0,0,0,0,6,4,9,0,1,0,1,28,0,2,10,3,0,1,0,0,0,0,4,0,0,0,2,2,5,0,1,0,0,0,0,0,0,0,0,3,6,0,0,1,4,0,0,11,0,0,0,0,1,0,0,1,4,5,3,2,15,0,0,0,0,0,0,0,2,0,0,0,0,16,0,2,13,108,5,23,8,4,5,2,1,9,0,17,1,3,0,0,9,0,0,0,0,0,0,1,0,0,0,0,0,0,3,0,2,3,1,0,0,1,1,0,0,0,1,0,0,18,0,0,1,3,1,0,0,1,0,1,0,14,0,8,0,7,1,15,1,0,0,2,2025-09-07
2025-09-14,0,0,0,0,0,0,0,0,1,0,4,0,0,0,0,1,0,0,1,0,1,0,0,0,0,0,0,1,0,2,2,0,0,2,0,0,0,0,0,1,0,0,0,0,0,1,0,0,0,0,0,0,1,0,0,0,0,3,0,0,0,0,0,0,0,0,0,0,1,0,0,0,1,1,0,0,3,3,0,0,0,0,2,3,0,0,0,0,0,1,0,0,3,2,0,0,0,0,0,0,0,0,0,0,0,1,0,0,0,0,0,0,0,0,2,0,0,0,0,0,0,0,0,0,0,0,0,0,3,0,8,0,4,0,0,24,0,4,12,1,0,2,0,0,0,0,0,0,1,0,0,0,2,0,2,0,0,0,0,0,0,0,0,5,2,0,0,0,1,0,0,4,0,0,0,0,1,0,0,0,0,1,4,2,18,0,0,0,0,0,2,1,3,0,0,0,0,6,1,5,4,146,4,0,2,3,4,1,1,5,0,5,2,5,0,1,5,0,2,0,0,0,0,0,0,4,0,0,0,0,0,0,0,2,0,0,3,1,1,0,0,0,3,2,0,11,0,2,1,0,4,0,0,0,0,5,0,80,0,7,0,5,2,13,0,0,0,1,2025-09-14
2025-09-21,0,0,0,0,0,0,0,2,0,0,11,0,0,2,0,0,0,0,2,0,0,1,0,0,0,0,0,0,0,0,1,0,1,2,0,1,0,0,0,0,0,0,0,0,0,0,0,0,0,0,0,0,7,0,0,0,0,3,0,0,0,0,0,0,0,2,0,0,1,0,0,1,1,0,1,2,0,0,0,0,0,2,3,2,0,0,0,1,0,0,0,0,2,0,1,2,0,0,0,0,0,0,0,0,0,3,0,0,0,0,0,0,0,0,1,0,0,0,0,0,0,0,0,0,0,0,0,0,6,0,17,0,6,0,2,29,2,4,25,4,0,0,0,0,0,1,1,0,1,0,1,0,3,0,0,0,0,0,0,0,0,0,0,1,2,0,1,1,2,0,0,4,0,0,0,0,0,2,0,0,6,3,5,8,25,0,0,0,0,0,1,0,3,0,0,2,0,19,0,3,12,210,9,23,11,4,11,0,0,8,0,1,4,7,0,0,3,1,2,0,2,0,1,0,1,1,0,0,2,0,1,1,3,1,0,0,0,0,0,3,0,0,1,0,0,6,0,1,3,0,0,0,1,2,0,5,0,13,0,5,0,5,0,13,0,0,0,6,2025-09-21
2025-09-28,0,0,0,0,0,1,0,0,0,0,2,0,0,1,0,1,0,0,0,1,0,0,0,0,0,0,0,0,0,2,1,0,0,3,0,0,0,0,0,0,0,0,0,0,0,2,0,0,0,0,0,0,3,0,0,0,0,2,0,0,0,0,0,0,0,0,0,0,1,0,0,2,0,2,0,0,0,1,1,0,0,1,1,1,1,0,0,1,0,0,0,0,2,0,1,0,0,0,0,0,0,0,0,0,0,2,0,0,0,0,0,0,0,0,0,0,0,0,0,0,0,0,0,0,0,0,0,0,0,0,17,1,4,0,2,25,0,1,13,3,0,0,0,0,0,0,0,0,0,0,2,0,2,0,0,0,0,0,0,0,0,0,0,2,1,0,0,1,1,0,0,2,1,0,0,1,0,0,0,0,1,10,5,1,54,0,1,0,0,0,2,0,0,0,0,0,0,9,1,8,3,181,8,2,11,2,4,2,0,7,0,2,2,10,0,0,3,0,0,0,0,0,0,0,1,0,0,0,0,0,2,0,2,3,0,0,0,0,0,0,0,0,0,3,0,3,1,2,1,2,3,0,2,0,0,2,0,217,0,4,0,9,0,10,0,1,0,4,2025-09-28
2025-10-05,1,0,0,0,0,0,0,1,0,1,4,0,0,2,0,2,0,0,0,3,0,1,0,1,0,0,0,1,1,2,2,0,1,4,0,2,0,0,0,0,0,0,0,0,0,0,0,0,0,0,0,0,9,0,1,0,0,5,0,0,0,0,0,0,0,1,0,0,3,2,0,3,1,3,3,2,1,1,0,0,2,2,1,3,3,0,1,0,1,0,2,0,3,4,5,0,0,1,0,0,0,0,0,0,0,0,0,0,0,0,0,0,0,0,3,0,0,1,1,0,0,0,0,0,0,0,0,0,3,3,15,0,2,0,2,41,0,2,29,0,0,2,0,0,0,0,2,0,0,0,0,2,2,0,2,0,0,0,0,0,0,0,0,5,6,0,0,1,3,0,0,3,0,0,0,0,2,1,0,1,3,16,3,2,50,0,1,0,0,0,0,0,1,0,0,1,0,32,1,8,16,290,11,35,20,6,9,3,4,17,0,4,9,7,0,0,10,0,0,0,0,0,0,0,1,1,1,0,3,1,6,3,0,6,0,1,0,1,0,0,2,0,2,3,0,7,3,1,0,2,2,1,0,2,0,5,0,29,1,16,0,13,0,28,5,0,2,8,2025-10-05
2025-10-12,3,0,0,0,0,0,0,2,0,0,9,0,0,1,0,0,0,0,2,0,0,0,0,0,0,0,0,0,0,2,4,0,2,0,0,0,0,0,0,0,0,0,0,0,0,1,0,0,0,0,4,0,0,0,0,1,0,1,0,0,0,0,0,0,0,1,0,0,0,0,0,2,1,0,0,0,1,1,0,0,0,1,0,2,4,0,0,0,0,0,1,0,2,0,2,2,0,1,0,0,0,0,0,0,0,6,0,0,0,0,0,0,0,0,0,0,0,0,0,0,0,0,0,0,0,0,0,0,6,2,25,3,3,0,2,38,0,1,25,11,0,0,0,0,0,0,1,0,0,0,0,0,1,1,0,0,0,0,0,0,0,0,0,1,0,0,0,1,2,0,1,7,0,8,0,1,0,0,0,0,1,12,6,5,34,2,1,0,0,0,1,0,1,0,0,0,0,14,1,4,13,262,8,1,11,5,4,3,4,16,0,5,9,5,3,0,4,0,2,0,0,0,1,0,0,1,0,0,2,1,3,1,1,0,0,1,0,0,0,0,0,0,6,1,0,20,1,0,0,3,4,0,0,0,0,12,1,225,0,5,0,7,3,18,3,0,4,5,2025-10-12
2025-10-19,0,0,0,0,0,0,0,1,0,0,9,0,0,3,0,0,0,1,0,0,1,0,0,0,0,0,0,1,0,1,1,0,1,1,0,0,0,0,0,0,0,0,0,0,0,0,0,0,0,0,0,0,2,1,0,0,0,2,0,0,1,0,0,0,0,1,0,0,5,0,1,0,0,1,0,0,0,0,0,0,0,0,0,1,6,1,2,0,1,0,3,0,0,1,2,1,0,3,0,0,0,0,0,0,0,3,0,0,0,0,0,0,0,1,0,0,0,1,0,0,0,0,0,0,0,0,0,0,3,1,9,2,1,0,1,32,0,1,20,4,0,2,0,0,0,0,0,0,0,0,0,0,1,1,0,0,0,0,0,0,0,0,0,1,6,0,0,1,4,0,0,3,0,11,0,0,2,0,0,0,1,9,2,6,25,0,1,1,0,0,0,0,1,0,0,0,0,22,0,0,8,206,7,40,8,9,7,1,0,11,0,0,6,3,0,0,3,0,1,0,1,0,0,1,0,2,0,0,4,0,4,0,1,3,2,0,0,0,0,0,0,0,3,2,0,4,0,2,1,1,3,0,0,1,0,4,1,34,0,3,0,12,6,9,0,0,1,7,2025-10-19
2025-10-26,0,2,0,0,2,0,0,0,0,0,1,0,0,0,0,0,0,0,0,0,0,0,0,0,0,0,0,1,0,0,1,0,0,0,0,0,0,0,0,0,0,0,0,0,0,0,0,0,0,0,3,0,4,0,0,0,0,1,0,0,0,0,0,0,0,4,0,0,0,1,0,0,1,0,0,0,0,0,0,0,1,3,2,1,4,0,0,0,0,0,2,1,2,0,2,0,0,2,0,0,0,0,0,0,0,5,0,0,0,0,0,0,0,0,1,0,0,4,0,0,0,0,0,0,0,0,0,1,2,2,7,1,6,0,0,25,0,1,10,1,0,2,0,0,0,0,0,0,0,0,0,0,2,0,0,0,0,0,0,0,0,0,0,1,4,0,1,1,4,0,1,6,1,5,0,0,0,0,0,1,0,8,9,5,45,0,1,0,0,0,0,0,1,0,0,0,0,18,0,0,8,327,5,4,8,5,7,2,2,15,1,7,8,5,0,0,5,0,0,0,0,0,0,0,0,4,0,0,2,1,3,0,0,0,0,1,0,0,1,1,0,0,0,1,0,5,2,2,0,0,6,1,0,0,0,7,0,44,0,7,0,14,4,7,2,0,0,14,2025-10-26
2025-11-02,12,0,0,0,0,0,0,2,0,0,8,0,0,4,0,0,0,0,0,0,1,0,0,0,0,0,0,1,0,5,3,0,5,1,0,1,0,0,0,0,0,0,1,0,2,0,0,0,0,0,2,0,4,0,0,5,0,0,0,0,0,0,0,0,0,4,1,0,3,0,0,2,2,2,0,0,1,0,2,0,0,7,7,0,2,0,0,0,0,0,0,0,5,2,6,1,0,0,0,0,0,0,0,0,0,8,0,0,0,0,0,0,0,0,3,0,0,14,1,0,0,0,0,0,0,0,0,0,5,2,24,0,4,0,1,31,0,13,69,3,0,1,0,0,0,0,0,0,0,0,0,1,2,0,0,0,0,0,0,0,0,0,0,3,9,0,0,0,3,0,1,13,0,1,0,2,0,0,0,0,1,18,5,11,50,0,3,0,0,0,2,0,1,0,0,0,0,25,0,1,27,325,9,46,17,7,18,1,3,25,2,13,11,15,1,1,11,1,2,0,0,0,0,0,1,1,0,0,2,2,6,1,3,2,0,0,0,2,0,1,2,0,2,5,0,7,3,0,1,0,7,1,4,2,0,4,0,43,0,4,0,21,5,37,2,0,1,15,2025-11-02
2025-11-09,4,0,0,0,0,0,0,0,0,0,9,0,0,2,0,0,0,0,0,0,1,1,0,0,1,1,0,0,1,0,5,0,2,2,0,2,0,0,0,0,0,0,0,0,0,0,0,0,0,0,10,0,7,0,0,3,0,0,0,0,0,0,0,0,0,2,0,0,1,0,0,0,1,0,0,0,0,1,0,1,0,0,0,4,2,0,0,0,0,0,0,0,2,5,1,1,0,0,0,0,0,0,0,0,0,6,0,0,0,0,0,0,0,0,0,0,0,2,0,0,0,0,0,0,0,0,0,0,1,2,11,2,3,1,4,28,0,3,2,8,0,4,1,0,2,0,0,0,1,0,0,0,5,0,0,0,0,0,0,0,0,0,0,2,9,1,1,1,3,0,0,5,1,0,0,3,0,0,1,3,0,3,2,8,46,0,0,0,0,0,1,0,3,0,0,0,0,23,3,7,10,289,17,2,18,2,2,2,1,15,3,8,9,7,0,0,4,1,0,0,3,2,0,0,0,1,4,0,3,0,5,0,2,6,1,1,1,0,0,1,0,0,1,1,0,7,1,2,0,2,3,2,4,0,0,11,0,386,0,6,0,12,4,13,3,0,2,8,2025-11-09
2025-11-16,0,0,0,0,0,0,0,1,0,1,6,0,0,3,0,0,0,0,0,0,1,0,0,2,0,0,0,0,0,3,1,0,5,4,0,0,0,0,0,0,0,0,2,0,2,4,0,0,0,0,2,1,5,0,0,7,0,2,0,0,0,0,0,0,0,1,0,0,3,0,0,0,0,1,0,0,2,3,2,0,1,1,2,0,4,0,2,1,0,0,1,0,3,4,6,1,2,0,0,0,0,1,0,0,0,9,0,0,0,0,0,0,0,0,0,0,0,5,0,0,0,0,0,0,0,0,0,0,3,5,2,5,3,0,0,26,0,1,3,3,0,1,0,0,0,0,0,0,0,0,0,0,0,1,0,2,0,0,0,0,0,0,0,3,8,0,1,0,1,0,2,6,1,3,0,3,0,0,0,2,2,23,5,11,38,0,1,0,0,0,1,0,0,0,0,0,0,38,1,0,17,326,12,40,16,9,10,8,0,22,2,12,6,12,1,3,11,0,2,0,1,2,0,0,0,5,3,0,2,2,7,0,0,2,2,2,0,1,0,2,0,0,2,6,0,7,1,2,0,0,3,0,0,1,0,0,0,50,0,10,0,26,8,22,2,0,2,13,2025-11-16
2025-11-23,1,0,0,0,0,1,0,0,0,0,8,0,0,1,0,0,2,0,0,0,0,1,0,0,0,0,0,0,0,2,1,0,9,3,0,0,0,0,0,0,0,0,0,0,1,0,0,0,0,0,6,0,3,1,0,2,0,2,0,0,0,0,0,0,0,1,0,0,1,2,0,2,0,2,0,0,0,1,0,0,1,6,2,0,3,0,1,1,0,0,2,0,2,2,4,1,1,0,0,0,0,0,0,0,0,5,0,0,0,0,0,0,0,0,0,0,0,6,0,0,0,0,0,0,0,0,0,0,1,3,15,0,5,0,0,36,5,8,1,4,0,6,0,0,1,0,0,0,0,0,0,0,0,1,0,0,0,0,0,0,0,0,0,5,6,0,1,4,2,0,1,6,0,4,0,3,0,0,1,2,0,14,8,23,54,2,5,0,0,0,2,0,3,0,0,0,0,15,5,3,27,367,15,9,21,9,7,2,3,19,1,25,5,3,1,0,10,1,3,0,1,0,0,0,0,3,3,0,2,0,9,3,0,3,1,1,0,0,0,1,0,0,2,2,0,10,2,4,0,1,6,0,1,0,0,0,0,434,0,21,0,13,7,23,3,0,2,20,2025-11-23
2025-11-30,0,2,0,0,1,1,0,3,0,0,14,0,0,3,0,1,0,0,1,0,3,0,0,0,2,0,0,0,0,2,0,0,6,0,1,0,0,0,0,0,0,0,1,0,1,0,0,0,0,0,8,0,7,0,1,1,1,2,1,0,0,0,0,0,0,1,0,0,2,0,0,0,0,0,0,0,1,1,2,0,0,5,6,0,7,1,2,1,0,0,0,0,7,3,8,2,1,0,0,0,0,0,0,0,0,7,0,0,0,0,0,0,0,0,0,0,0,17,0,0,1,0,0,0,0,0,0,0,4,4,13,3,4,1,1,52,0,3,3,4,0,6,0,0,0,0,0,0,0,0,0,1,0,0,0,0,0,0,0,0,0,0,0,3,13,0,0,1,9,0,3,15,0,1,0,4,3,0,1,1,1,17,10,14,67,2,1,0,0,0,0,0,4,0,0,0,0,32,0,3,19,387,10,50,22,4,12,2,1,38,0,18,6,14,2,0,11,1,3,0,3,2,1,0,1,5,6,0,3,0,13,0,0,5,2,4,0,0,0,2,2,0,0,6,0,9,4,3,2,1,9,1,4,2,0,1,0,90,0,17,0,22,6,40,3,0,0,22,2025-11-30
2025-12-07,3,1,0,0,3,0,0,1,0,0,15,0,0,2,0,2,0,0,0,0,1,0,0,0,0,0,0,0,0,4,0,0,4,6,0,0,0,0,0,0,0,0,0,0,3,0,0,0,0,0,66,1,5,1,2,6,0,2,0,0,0,0,0,0,0,5,0,0,2,1,0,1,0,0,0,0,0,3,1,3,1,9,0,1,10,6,3,1,0,0,7,0,10,6,4,2,0,0,0,0,0,0,0,0,0,15,0,0,0,0,0,0,0,0,0,0,0,11,0,0,0,0,0,0,0,0,0,1,5,3,10,4,2,2,1,58,0,1,104,12,0,4,0,0,0,1,1,0,0,0,0,1,0,0,1,1,0,0,0,0,0,0,0,7,10,0,1,4,9,0,3,25,1,1,0,3,1,0,2,3,4,11,6,4,45,1,2,0,0,0,1,0,3,0,0,1,0,22,7,2,18,357,9,8,25,6,9,3,4,19,1,21,9,10,1,0,11,3,4,0,2,1,4,0,0,9,7,0,5,0,3,0,1,7,3,2,0,0,0,0,0,1,8,3,0,6,0,1,0,2,10,0,4,1,0,5,0,77,0,33,0,16,6,35,4,0,0,16,2025-12-07
2025-12-14,2,0,0,0,0,0,0,0,0,0,19,0,0,7,0,0,2,0,0,0,0,0,0,0,0,1,1,0,0,6,5,0,8,5,2,4,0,0,0,0,0,0,1,0,2,2,0,0,0,0,0,0,9,0,1,6,1,5,0,0,0,0,0,0,0,3,0,0,8,0,0,0,0,3,0,0,2,2,1,0,0,2,16,3,7,0,1,0,0,0,1,0,3,1,4,0,3,0,0,0,0,0,0,0,0,13,0,0,0,0,0,0,0,0,0,0,2,4,0,0,3,0,0,0,0,0,0,1,4,6,12,0,4,0,1,36,0,0,4,13,0,0,0,0,0,0,0,0,0,0,0,0,2,0,0,1,0,0,0,0,0,0,1,2,7,1,1,1,11,2,0,11,2,0,0,3,0,0,1,5,3,9,5,12,39,1,3,0,0,0,1,0,4,0,0,0,0,30,3,0,21,155,0,63,18,11,10,7,6,31,5,20,5,9,0,0,10,0,0,0,1,0,0,0,0,5,3,0,4,0,18,0,2,2,1,2,0,0,0,2,0,1,3,6,0,11,3,2,1,1,3,1,6,1,0,6,0,73,0,23,0,11,10,30,3,0,0,18,2025-12-14
2025-12-21,0,0,0,0,0,0,0,0,0,0,0,0,0,0,0,0,0,0,0,0,0,0,0,0,0,0,0,0,0,0,0,0,7,2,0,4,0,0,0,0,0,0,1,0,2,0,0,0,0,0,0,0,1,0,0,0,1,0,0,0,0,0,0,0,0,0,0,0,2,0,0,0,0,1,0,0,0,1,2,0,1,7,0,0,4,0,1,0,0,0,2,0,5,0,4,2,0,0,0,0,0,0,0,1,0,10,0,0,0,0,0,0,0,0,0,0,0,0,0,0,0,2,0,0,0,0,0,0,2,0,0,0,0,0,0,0,0,0,3,6,0,0,0,0,0,0,0,0,0,0,0,0,3,0,0,0,0,0,0,0,0,0,0,7,5,0,0,1,0,0,0,5,0,0,0,1,5,0,0,1,3,0,6,8,27,0,3,0,0,0,0,1,0,0,0,1,0,0,5,0,13,0,0,8,13,0,0,0,0,0,0,6,0,0,0,0,7,2,0,0,0,0,4,0,0,7,5,0,2,0,7,0,2,5,2,3,0,1,0,0,1,2,4,0,0,7,0,0,0,0,10,0,0,0,0,4,1,16,0,0,0,9,0,14,1,0,0,16,2025-12-21
2025-12-28,0,3,0,0,0,0,0,0,0,0,0,0,0,0,0,0,0,0,0,0,0,0,0,0,0,0,0,0,1,0,0,0,15,0,0,5,0,0,0,1,0,0,1,0,4,0,0,0,0,0,0,0,7,0,1,7,0,0,0,1,0,0,0,0,0,5,0,0,0,3,0,0,3,1,0,0,1,4,3,0,0,10,3,0,5,0,0,1,0,0,4,0,0,0,4,3,0,0,0,0,0,0,1,0,0,14,0,0,1,0,0,0,0,0,0,0,0,0,5,0,0,0,0,0,0,0,0,0,0,0,0,0,0,0,0,0,0,0,0,4,0,0,0,0,0,0,0,0,0,0,0,0,4,0,0,0,0,0,0,0,0,0,0,0,15,0,0,6,2,0,0,17,1,0,0,4,3,0,1,3,3,0,5,12,29,4,5,0,0,0,2,0,0,0,0,0,0,0,7,0,0,8,0,11,2,0,0,0,0,0,0,14,0,0,0,0,10,4,0,0,5,0,4,0,1,10,0,0,3,0,0,0,0,5,3,4,0,1,0,2,0,3,3,0,0,10,2,0,1,0,9,0,0,0,0,1,1,21,0,0,0,24,2,10,1,0,0,30,2025-12-28
2026-01-04,4,0,0,0,0,0,0,0,0,0,2,1,0,3,0,0,0,2,0,3,0,1,0,0,0,0,1,1,0,0,5,0,5,0,0,1,0,0,0,0,0,0,2,0,4,0,0,0,0,0,18,0,6,0,1,8,0,1,0,1,0,0,0,1,0,1,0,0,0,0,2,0,0,0,0,0,0,4,2,0,2,5,10,0,4,0,3,0,0,0,4,0,8,0,6,3,2,0,5,0,0,0,0,0,0,15,0,0,0,0,0,0,0,0,0,0,0,0,2,0,2,1,0,0,0,0,0,0,0,0,1,0,2,0,3,11,0,1,23,8,0,0,0,0,1,1,0,0,0,0,0,0,10,0,0,0,0,0,0,0,0,0,0,13,9,2,0,5,2,2,2,13,1,3,1,6,1,0,1,3,7,0,5,8,18,0,5,0,0,0,0,0,0,0,0,0,0,0,9,2,0,25,0,17,0,1,11,4,2,22,3,8,5,4,0,2,15,1,3,0,2,0,2,0,0,10,0,0,7,0,54,1,1,2,3,5,8,3,0,0,0,3,8,1,0,6,3,0,1,2,13,0,0,1,0,1,0,319,0,3,0,15,0,23,2,0,0,12,2026-01-04
2026-01-11,3,7,0,0,1,0,0,1,0,0,8,2,0,2,0,0,0,3,1,2,0,1,0,0,0,0,0,0,0,2,6,0,13,2,1,3,0,0,0,1,0,0,2,0,4,3,0,0,0,0,118,0,5,2,2,3,2,7,0,0,0,0,0,0,0,1,0,0,3,0,0,2,2,1,0,0,2,3,3,1,1,3,11,6,1,1,0,0,0,0,2,1,5,10,5,2,0,0,4,0,0,0,0,0,0,15,0,0,0,0,0,0,0,0,8,0,0,3,4,0,1,1,0,0,0,0,0,0,4,6,16,5,10,0,3,24,0,1,8,11,0,5,0,0,0,0,5,0,0,0,0,0,9,0,0,0,0,0,0,0,0,0,0,14,14,0,0,4,10,2,3,21,1,1,0,8,2,0,0,5,1,41,9,12,48,2,6,0,1,0,0,0,1,0,1,0,0,40,10,2,26,321,0,55,24,12,9,4,3,35,2,81,12,11,0,0,17,0,5,1,3,4,1,5,0,12,4,0,3,0,80,2,0,9,4,3,1,2,0,2,0,3,7,5,0,5,3,1,3,1,12,0,2,1,0,2,1,57,0,130,0,47,1,56,2,1,0,33,2026-01-11
2026-01-18,3,6,0,0,4,3,0,3,1,1,31,4,0,8,0,0,0,2,0,3,2,3,0,0,0,0,0,0,2,6,8,0,11,15,0,11,0,0,0,1,0,0,0,0,6,2,0,0,0,0,36,1,10,0,0,17,1,5,0,1,1,0,0,1,0,12,0,0,15,2,6,2,1,4,0,6,0,4,1,0,2,5,12,7,3,2,6,1,0,0,5,0,8,9,3,2,19,0,0,0,0,0,0,0,0,17,0,0,0,0,0,0,0,4,11,0,1,4,5,0,2,0,0,0,0,0,0,2,6,7,17,13,1,1,2,21,0,14,181,13,0,14,2,0,1,3,0,0,2,0,0,0,18,0,0,1,0,0,0,0,0,0,0,13,11,13,0,6,27,4,1,19,0,5,1,3,8,1,0,6,3,27,10,0,49,1,4,0,0,0,0,0,1,0,0,1,0,39,13,4,34,486,0,22,18,22,26,5,1,67,6,26,14,17,0,4,10,2,0,0,4,3,1,0,1,6,4,2,8,0,35,6,0,3,4,4,6,0,0,2,0,3,4,8,0,10,5,3,2,0,23,2,2,1,0,4,1,115,0,64,0,15,15,35,9,1,4,34,2026-01-18
2026-01-25,1,16,0,0,3,0,0,0,0,1,15,0,0,16,0,0,1,5,8,5,1,0,2,0,0,0,0,0,0,2,6,0,21,9,0,13,0,0,0,3,0,0,3,0,2,1,0,0,0,0,2,0,16,0,1,10,0,6,0,0,1,0,0,0,0,11,0,0,9,0,4,19,5,1,2,4,3,12,0,0,7,7,3,6,10,4,4,2,1,0,2,2,4,6,4,5,10,0,0,0,0,0,0,0,0,18,0,0,0,1,0,0,0,0,4,0,1,30,3,0,6,2,2,0,0,0,0,2,11,5,11,1,9,0,2,30,1,1,6,14,0,11,0,0,0,3,0,0,3,0,0,4,7,0,0,0,0,0,0,0,0,3,0,7,2,6,0,24,12,4,0,21,1,1,0,2,2,0,1,2,1,44,10,88,25,3,1,0,2,0,0,0,6,0,0,2,0,17,0,2,30,464,0,120,14,15,17,0,0,47,6,54,19,4,0,1,4,3,8,0,0,2,1,0,1,4,6,1,7,7,19,3,2,13,2,4,2,3,0,3,0,4,5,1,0,18,0,1,2,0,11,2,1,0,0,5,0,65,0,26,1,1,1,44,2,0,4,47,2026-01-25
2026-02-01,3,8,0,0,3,2,0,0,0,5,3,0,2,5,0,0,8,3,1,0,5,2,0,0,2,1,0,2,0,10,7,0,12,62,2,19,1,0,0,1,0,0,12,0,7,4,0,0,1,0,94,3,16,0,2,5,0,7,1,0,3,0,0,0,0,25,0,0,19,2,4,5,7,2,0,3,7,7,10,0,0,14,22,9,2,1,6,4,1,3,9,0,8,11,4,5,0,0,2,0,0,0,3,0,0,18,0,0,0,0,0,0,0,0,0,0,1,77,3,0,2,0,1,0,0,0,0,3,39,9,87,7,13,2,9,3,0,1,71,32,0,15,0,0,0,2,0,0,2,0,0,4,18,0,0,2,0,0,0,0,0,0,0,2,0,0,0,8,3,4,3,5,0,11,0,0,1,0,0,2,1,30,16,7,57,3,0,0,0,0,2,2,4,0,0,1,0,22,2,21,49,319,0,11,20,9,40,3,66,1,6,34,14,0,3,0,1,8,0,0,7,0,2,5,1,1,9,1,3,0,19,3,1,6,4,4,8,3,0,5,0,0,7,0,0,24,2,9,6,0,7,16,3,9,0,4,1,464,0,49,0,31,10,60,2,0,0,63,2026-02-01
2026-02-08,0,14,0,0,0,1,0,0,0,1,0,0,0,9,15,7,3,0,6,0,5,5,2,3,0,0,2,1,4,3,26,2,1,9,0,25,2,3,2,3,0,0,1,0,8,2,0,0,0,0,41,2,24,0,3,0,0,4,1,0,2,0,0,0,0,3,0,0,29,3,0,2,2,1,1,1,0,4,5,2,0,7,6,11,8,5,6,3,1,0,5,0,10,8,7,5,0,0,5,0,0,0,1,0,0,32,1,1,0,0,0,0,0,1,0,0,1,30,0,0,3,3,0,0,0,0,0,2,17,6,140,0,12,0,6,0,0,2,23,33,0,23,2,0,0,1,5,0,0,1,0,4,16,4,18,0,2,0,0,0,0,0,0,3,13,5,0,5,0,0,0,8,0,0,0,0,0,0,0,0,0,2,8,3,65,5,5,0,0,0,7,0,11,0,1,3,0,15,2,3,24,30,0,60,3,0,39,4,164,48,8,64,0,8,3,0,0,1,0,0,1,11,0,0,2,5,0,0,12,0,232,18,2,2,7,8,23,2,2,2,7,0,9,20,1,12,5,1,0,14,28,0,17,1,0,0,1,91,0,18,0,44,27,74,0,0,0,59,2026-02-08
2026-02-15,3,11,1,0,5,1,0,0,0,4,0,0,2,4,0,0,0,5,1,0,2,3,0,0,1,12,0,4,0,4,3,0,20,11,2,3,0,0,0,1,0,0,2,0,7,1,0,0,0,0,108,4,19,0,3,0,0,5,1,0,2,0,0,0,1,22,0,0,34,1,2,4,1,2,0,0,2,9,5,0,1,6,6,2,9,7,1,2,1,0,11,0,11,8,4,0,43,0,0,0,0,0,0,0,0,14,0,2,0,0,0,0,0,0,5,0,0,43,3,0,5,1,0,0,0,0,0,0,7,8,0,0,1,2,3,2,0,5,49,35,0,12,3,0,0,2,0,0,0,0,0,7,14,2,0,4,0,0,0,0,0,2,0,0,16,7,0,3,18,2,0,24,1,3,0,3,0,0,0,4,0,1,14,0,204,5,3,0,0,0,5,1,9,0,0,4,0,0,0,6,43,503,0,25,22,28,6,2,50,51,1,76,11,17,2,3,22,3,0,0,0,1,7,0,0,13,0,0,4,0,25,4,3,10,3,16,3,5,4,0,0,4,13,2,28,19,2,4,2,2,5,3,0,1,0,5,0,40,0,11,0,52,17,58,1,2,0,57,2026-02-15
2026-02-22,2,8,5,0,0,0,0,4,0,1,1,1,0,11,3,1,0,6,4,0,3,1,0,1,0,0,0,1,0,6,13,0,5,19,0,0,2,13,4,1,0,0,1,0,7,4,0,0,1,0,47,6,17,1,3,1,1,17,0,0,0,0,0,0,0,8,0,0,25,5,0,1,1,2,0,2,0,6,5,0,1,7,12,5,8,0,3,0,0,0,1,0,6,5,6,3,0,0,0,0,0,0,3,1,0,22,0,0,0,1,0,0,0,0,5,0,1,16,2,0,1,1,1,0,0,0,0,1,11,4,26,0,0,0,4,113,1,11,194,25,0,19,3,0,1,3,1,0,1,0,0,7,4,4,0,2,0,0,0,0,0,0,0,1,11,4,0,14,8,7,0,28,1,5,3,7,0,2,0,5,3,16,17,3,70,5,10,2,0,0,6,0,7,0,0,4,0,8,0,4,17,636,0,53,34,16,24,5,109,82,0,42,12,8,0,1,5,1,0,0,5,3,3,1,4,2,8,0,10,0,77,5,1,0,3,3,4,1,0,2,0,3,5,8,2,9,2,4,0,4,5,1,2,1,0,6,0,146,0,176,0,45,2,78,0,0,0,49,2026-02-22
2026-03-01,4,12,4,0,3,4,0,0,0,3,6,0,0,3,5,6,0,5,2,0,1,0,0,0,1,0,0,2,0,3,8,0,0,13,1,1,2,5,0,2,0,0,1,0,0,2,0,1,0,0,0,3,0,1,6,0,1,10,0,9,0,0,0,1,0,8,0,0,28,0,1,2,3,3,1,0,3,6,2,0,2,9,9,6,4,3,1,2,0,0,3,0,14,12,5,3,5,0,0,1,1,0,2,0,0,16,0,0,0,0,0,1,0,0,9,0,1,40,5,0,1,0,0,0,0,0,0,2,17,4,25,0,1,1,4,4,0,8,71,34,0,9,0,0,1,4,0,0,4,0,0,5,19,0,0,0,1,0,0,0,0,0,0,20,7,2,0,6,2,2,0,12,3,6,0,4,0,0,3,3,5,48,11,92,5,3,2,0,0,0,0,0,7,0,0,0,0,34,7,7,38,625,0,20,26,19,10,4,4,36,5,42,15,12,3,0,33,4,6,0,0,0,0,0,0,17,5,0,11,0,24,4,2,0,1,3,6,1,0,1,0,2,2,4,3,8,3,2,2,4,14,0,4,3,0,3,0,342,0,124,0,40,23,45,6,0,0,23,2026-03-01
2026-03-08,1,14,2,0,0,4,0,5,0,1,25,0,1,9,5,0,0,7,2,2,4,1,0,0,0,1,2,1,0,8,14,0,6,21,8,20,1,3,0,6,0,0,2,0,6,3,0,0,0,0,0,2,24,3,7,4,1,20,0,17,1,0,0,0,0,9,0,0,34,0,0,6,2,0,4,0,1,6,5,0,1,14,31,4,6,9,1,2,3,1,4,0,0,10,2,2,2,5,0,1,4,0,1,0,0,23,1,0,0,1,0,0,0,0,10,0,3,31,6,0,0,1,0,0,0,0,0,4,7,1,23,0,4,0,3,1,1,3,42,8,0,10,1,1,1,2,6,0,1,0,0,8,4,3,57,0,0,0,0,0,1,1,1,3,18,7,0,10,3,5,6,30,3,5,1,12,4,1,3,10,2,62,18,1,1,3,5,2,0,0,4,0,10,1,0,1,0,54,3,5,27,476,0,57,25,17,15,4,8,57,7,58,14,18,3,1,21,5,3,0,5,2,0,7,4,7,7,0,8,0,102,3,3,0,4,6,6,1,0,3,2,3,6,6,4,12,4,2,4,2,12,0,9,0,0,4,6,75,0,0,0,45,18,47,7,0,1,50,2026-03-08
2026-03-15,7,15,14,0,0,4,0,4,0,3,23,1,0,4,2,5,0,4,0,0,1,2,0,0,0,2,0,0,0,8,13,0,44,22,2,0,3,6,3,0,0,0,3,0,1,3,0,0,0,0,0,0,19,0,4,3,1,27,2,3,0,0,1,0,0,13,0,1,43,0,0,6,2,2,4,11,3,4,3,0,0,13,5,7,9,0,5,2,1,0,3,0,7,14,4,2,55,1,0,0,5,0,2,0,0,26,0,0,0,0,0,1,0,0,0,0,1,13,4,2,1,1,2,0,0,0,0,1,11,8,18,0,9,0,4,6,0,0,25,17,0,8,0,0,3,2,0,1,1,0,2,8,14,2,0,2,2,0,0,0,0,0,0,0,20,6,0,4,1,4,0,35,1,4,0,7,1,0,3,1,5,59,17,1,298,4,15,0,0,0,2,0,9,1,1,2,0,43,13,6,34,546,2,19,21,17,8,11,62,40,7,61,11,18,4,3,37,0,5,0,4,2,3,0,1,10,4,0,7,0,142,2,3,14,1,4,5,2,0,1,0,1,4,8,5,9,2,4,0,3,12,2,5,3,0,6,6,127,0,85,0,47,11,34,16,1,2,38,2026-03-15
2026-03-22,13,14,15,0,1,4,0,2,0,5,34,0,1,8,7,4,0,5,0,1,7,2,2,0,1,0,0,4,1,4,14,0,2,17,0,3,2,3,0,4,1,0,2,1,8,5,0,1,0,0,0,2,15,2,3,15,2,34,0,4,5,0,2,0,0,14,0,0,37,3,1,4,1,2,3,0,0,9,8,1,4,6,23,5,10,0,3,0,2,0,5,0,10,4,5,0,1,3,0,0,3,1,2,0,0,28,2,0,0,0,0,0,1,0,16,0,4,2,6,2,4,2,1,0,0,0,0,2,32,6,19,0,14,1,4,130,4,7,192,23,0,10,5,1,3,1,0,0,1,0,0,9,21,3,0,3,0,0,0,0,0,0,0,1,10,3,0,14,21,8,2,44,1,8,2,11,8,2,4,0,4,53,24,3,4,4,7,4,0,0,1,2,10,0,0,2,0,54,11,4,33,606,7,68,28,8,21,13,134,58,7,30,6,11,3,2,12,0,5,0,3,4,4,0,0,8,5,0,10,0,148,5,5,0,3,3,4,2,0,4,0,2,9,6,5,9,1,2,4,3,35,0,0,0,0,5,3,112,0,87,0,64,16,66,10,3,3,41,2026-03-22
2026-03-29,2,21,20,0,5,8,0,6,0,0,14,1,0,2,1,4,4,5,2,0,2,2,0,0,2,2,0,4,0,6,6,0,5,21,0,5,2,1,1,4,0,0,2,1,4,6,0,0,0,0,0,1,15,3,3,2,0,10,0,3,2,0,2,0,0,4,0,0,46,0,0,3,2,2,6,1,2,8,5,1,4,8,11,6,13,1,4,0,0,0,4,0,11,1,4,3,4,5,4,0,6,1,0,2,0,29,1,2,0,0,0,1,0,0,14,0,2,17,1,0,1,2,2,0,0,0,0,3,14,2,4,0,11,0,2,0,0,2,22,17,0,10,3,0,1,12,0,0,0,1,0,6,21,0,0,3,0,0,5,0,0,2,0,38,18,8,0,0,0,6,0,38,0,8,1,4,7,2,2,0,5,55,8,133,5,6,4,1,0,0,6,1,10,0,0,2,0,47,6,3,33,572,3,17,28,25,7,4,7,37,7,19,0,13,3,1,15,4,5,0,2,0,5,0,1,9,2,0,7,4,76,5,3,2,2,5,2,1,0,1,2,0,3,6,0,9,2,4,0,2,3,0,0,0,0,6,4,364,0,0,0,60,10,27,7,3,6,39,2026-03-29
2026-04-05,3,23,12,0,2,7,0,3,0,3,11,0,1,6,12,6,3,3,0,0,1,0,0,1,1,2,0,4,3,5,8,0,0,11,5,6,0,6,0,3,1,0,3,0,12,2,0,0,0,0,0,4,21,7,1,2,0,23,0,7,1,0,0,0,0,12,0,0,38,8,0,3,3,6,1,0,2,8,2,0,11,0,25,3,6,10,5,0,1,0,2,0,9,0,6,2,2,0,0,0,3,0,2,0,0,25,2,1,0,0,0,0,0,0,22,2,1,21,5,0,2,4,1,0,0,0,0,5,19,2,28,0,13,0,5,3,5,7,68,21,0,12,2,0,0,11,6,0,2,0,2,9,17,0,55,2,2,0,2,0,0,2,1,1,13,9,0,7,1,9,0,17,1,7,3,6,11,0,2,7,0,48,20,0,2,3,6,1,0,0,3,0,13,0,0,0,0,51,9,3,42,613,6,38,19,18,14,6,5,72,12,44,0,8,3,0,29,0,5,0,0,0,2,0,0,9,0,0,15,2,79,2,0,13,2,6,1,2,0,3,0,1,4,5,3,8,4,3,3,2,25,0,14,1,0,8,4,220,0,2,0,47,14,77,6,4,6,53,2026-04-05
2026-04-12,11,23,12,0,0,11,0,0,0,6,19,0,0,5,1,2,0,3,1,0,6,1,0,1,2,0,0,3,0,7,7,0,36,15,1,2,0,2,0,2,13,0,2,0,2,5,0,0,0,0,1,3,16,3,4,13,0,17,0,7,0,0,0,0,0,4,0,1,37,0,3,4,1,3,7,2,0,6,6,0,1,0,13,5,12,0,0,1,0,0,6,0,10,4,5,4,49,4,0,0,2,0,2,0,0,20,1,0,0,0,0,0,0,7,10,0,5,56,0,2,0,5,1,0,0,0,0,4,6,4,35,0,9,0,11,7,1,3,155,16,0,25,1,0,2,9,0,0,1,0,2,7,33,4,0,2,1,0,1,0,0,2,0,1,14,7,0,0,0,6,1,65,4,8,0,0,8,0,1,0,0,54,10,1,220,2,4,4,0,0,5,0,9,0,0,3,0,44,10,5,37,507,11,18,24,14,0,12,9,27,14,63,2,33,2,3,11,3,4,0,1,2,2,0,2,10,0,0,0,0,124,4,3,0,4,3,5,2,0,1,0,2,7,8,5,7,2,4,0,3,9,1,0,0,0,6,2,82,0,53,0,53,12,39,12,1,2,31,2026-04-12
2026-04-19,0,25,12,0,2,4,0,7,0,3,22,0,0,5,3,5,0,4,0,0,3,0,0,0,0,1,0,0,0,6,6,0,0,4,3,10,1,3,0,1,15,0,3,0,1,4,0,0,0,0,5,1,11,1,4,1,0,11,1,13,0,0,0,0,0,9,0,3,29,0,0,0,0,2,1,0,2,5,0,1,0,0,10,5,4,0,2,0,0,0,0,0,6,2,5,2,0,2,0,0,0,0,0,0,0,20,0,0,0,0,0,0,0,10,0,0,1,47,4,0,0,1,1,0,0,0,0,2,14,4,32,0,16,1,1,2,0,6,35,16,0,7,1,0,0,2,0,2,0,0,0,17,11,2,0,0,0,0,0,0,0,0,0,1,8,2,0,1,22,0,0,17,1,7,2,0,11,0,0,0,2,48,16,0,2,2,2,0,0,0,4,0,8,1,0,2,0,25,1,1,27,479,6,40,14,14,5,7,2,65,0,83,1,27,3,2,14,2,0,0,1,1,1,0,0,4,2,0,2,0,48,3,0,0,2,4,1,0,0,1,1,0,1,6,4,6,2,2,0,1,0,1,0,0,0,0,0,43,0,1,0,35,16,25,6,1,5,37,2026-04-19
2026-04-26,0,16,14,0,0,4,0,0,0,0,9,0,0,6,1,3,0,4,0,0,5,1,0,0,0,0,0,4,0,9,5,0,3,10,0,0,2,1,0,5,1,0,1,0,2,2,0,0,0,1,1,2,16,4,1,5,0,15,0,6,0,0,0,0,0,15,0,1,42,0,0,2,6,3,4,4,0,7,3,0,2,8,13,5,6,0,2,0,1,0,7,0,5,2,5,0,9,2,0,0,0,0,0,0,0,27,0,0,0,0,0,0,0,11,0,0,0,34,1,0,0,0,0,0,0,0,0,4,5,0,779,0,7,0,0,160,0,2,27,11,0,8,0,0,0,3,0,0,4,0,1,16,17,3,0,1,0,0,0,0,0,0,0,0,12,4,0,0,0,3,0,18,1,4,0,0,8,0,0,0,4,51,14,98,1,4,8,0,0,0,1,2,12,0,0,0,0,44,7,2,33,495,5,8,12,17,0,6,1,32,1,8,1,36,1,1,25,2,0,0,0,2,4,0,1,8,5,0,0,0,62,3,0,0,2,3,2,3,0,1,0,0,4,6,3,10,1,1,0,1,2,0,0,0,0,0,1,0,0,0,0,46,16,25,12,0,8,42,2026-04-26
2026-05-03,2,14,9,0,0,2,0,4,0,0,27,0,0,3,7,3,0,7,0,0,0,0,0,0,0,0,0,1,0,2,2,0,4,18,3,0,2,0,0,3,3,0,2,0,3,4,0,0,0,0,0,2,11,4,1,4,0,15,1,9,0,0,0,0,0,8,0,2,34,0,0,1,0,3,1,0,3,5,0,0,4,2,2,4,11,0,0,0,1,0,2,0,4,3,3,2,0,7,0,0,5,0,1,0,0,22,0,0,0,1,0,2,0,16,0,0,1,8,6,1,1,1,3,0,0,0,0,3,0,4,16,0,9,0,0,17,0,10,64,14,0,7,3,0,0,10,0,1,0,0,1,3,9,2,0,2,0,0,0,0,0,1,0,7,9,0,0,3,3,1,0,24,0,7,0,4,9,0,0,5,2,52,16,0,6,7,5,0,1,0,1,0,15,0,0,0,0,27,9,2,40,573,5,40,12,0,3,6,2,57,4,109,0,33,1,1,5,2,2,0,1,0,2,0,1,2,0,0,0,0,41,4,2,21,3,3,0,1,1,1,0,1,4,7,3,9,2,3,0,1,9,0,23,0,0,0,0,0,0,49,0,37,14,41,4,1,0,26,2026-05-03
2026-05-10,0,10,12,0,0,1,0,0,0,0,8,0,0,0,0,1,0,4,0,0,0,0,0,0,0,0,0,0,0,4,3,0,2,4,0,0,0,0,0,0,1,0,0,0,0,5,0,0,0,0,1,0,1,2,0,1,0,18,0,3,1,0,0,0,0,9,0,2,31,0,0,0,0,0,1,0,0,0,0,0,0,4,3,1,4,0,0,0,6,0,2,0,1,2,0,2,3,0,0,0,0,1,0,1,0,15,0,0,0,0,0,0,0,0,0,0,4,4,2,0,0,0,1,0,0,0,0,2,12,6,19,0,10,0,0,13,0,3,60,9,0,14,1,0,0,7,0,0,0,0,0,9,8,0,49,0,0,0,1,0,2,0,0,2,6,0,0,0,2,0,1,7,2,6,0,0,7,0,1,0,1,40,1,0,48,3,3,0,0,0,4,0,12,1,0,3,0,32,0,2,22,386,2,9,9,10,0,5,78,28,8,10,0,28,0,2,3,0,0,0,0,0,0,0,0,1,1,0,0,0,38,1,0,0,0,1,0,0,0,0,0,1,4,2,2,11,2,4,0,1,11,0,0,0,0,16,1,0,0,31,0,28,8,25,2,1,0,16,2026-05-10
2026-05-17,0,9,10,0,0,0,0,4,0,0,4,0,0,0,0,0,0,2,0,0,0,0,0,0,0,1,0,0,0,3,0,0,1,2,0,0,0,0,0,0,0,0,0,0,1,0,0,0,0,0,1,1,2,3,0,0,0,11,0,1,0,0,0,0,0,2,0,1,21,0,0,0,0,0,0,0,2,0,0,0,1,3,3,2,1,0,0,0,0,0,0,0,2,0,2,1,2,3,0,1,1,1,0,0,0,12,0,0,0,0,0,0,0,0,0,0,0,3,4,0,0,1,0,0,0,0,1,0,19,0,10,0,8,0,0,20,0,2,50,5,0,3,0,0,0,6,0,1,0,0,0,1,3,0,2,0,0,0,0,0,2,0,0,1,1,0,0,0,12,0,0,5,0,3,0,0,1,0,2,0,1,33,9,1,0,2,2,0,0,0,1,1,8,0,0,0,0,34,2,0,22,316,2,13,9,0,4,3,2,26,2,2,0,21,0,0,0,0,0,0,0,1,0,0,0,0,0,0,0,0,28,0,0,0,0,0,0,0,0,0,0,1,0,2,4,16,0,0,0,1,0,0,0,0,0,5,0,0,0,11,0,22,5,15,4,2,0,1,2026-05-17
2026-05-24,0,4,9,0,0,9,0,0,0,0,3,0,0,0,0,0,0,2,0,1,0,0,0,0,0,0,0,0,0,1,4,0,0,0,1,0,0,0,0,0,0,0,0,0,0,0,0,0,0,0,0,1,0,1,3,0,0,11,0,7,0,0,0,0,0,7,1,0,16,0,0,0,0,0,0,0,0,1,0,0,0,1,1,0,1,0,0,0,0,0,1,0,0,1,0,0,0,0,0,0,0,0,0,0,0,6,0,0,1,0,0,0,0,0,0,0,0,0,1,0,0,0,0,0,1,0,0,0,3,3,140,0,3,0,0,151,0,0,31,3,0,6,1,0,0,5,0,0,0,0,0,9,3,0,0,0,0,1,0,0,0,0,0,0,1,0,0,0,1,0,0,7,0,7,0,0,0,0,1,0,2,39,7,35,0,1,6,0,0,0,1,0,12,0,0,0,0,20,1,2,20,238,2,12,6,3,0,7,3,19,1,11,0,27,0,0,0,1,0,0,0,0,0,0,0,0,0,0,0,0,10,0,0,0,0,2,1,2,0,0,0,2,0,0,2,2,0,0,0,1,7,0,0,0,0,11,0,0,0,27,0,13,9,16,4,0,0,6,2026-05-24
2026-05-31,0,10,9,0,0,1,0,0,0,0,7,0,0,3,1,0,0,2,0,1,0,0,0,0,0,0,0,0,0,1,0,0,2,0,0,0,0,0,0,0,0,0,0,0,0,1,0,0,0,0,0,1,11,0,0,0,0,6,0,3,2,0,0,0,0,2,0,1,19,0,0,0,0,0,3,0,0,3,0,0,2,2,4,5,5,0,0,0,1,0,0,0,5,0,1,2,0,0,0,1,0,0,0,0,0,11,0,0,1,1,0,0,0,0,0,0,0,0,0,0,0,0,1,0,0,0,0,0,2,1,12,0,7,0,0,2,0,1,36,8,0,2,0,0,0,3,0,0,0,0,0,0,0,0,0,0,0,0,0,0,0,0,0,1,2,0,0,0,8,0,0,7,0,0,0,0,2,0,0,0,2,45,1,1,1,0,2,0,0,0,0,0,10,1,0,0,0,34,4,0,27,354,0,28,18,0,5,8,4,18,7,0,0,15,0,0,2,0,0,0,2,0,1,0,0,1,0,0,0,0,12,0,0,1,0,1,0,0,0,0,0,2,2,1,0,9,0,2,0,2,6,0,0,0,0,6,0,0,0,9,0,23,10,12,4,2,0,0,2026-05-31
2026-06-07,0,9,6,0,0,0,0,3,0,0,8,0,0,0,1,1,0,2,0,0,0,0,0,0,0,0,0,0,0,1,5,0,2,0,0,0,0,0,0,0,0,0,0,0,0,0,0,0,0,0,0,1,2,1,0,2,0,7,0,9,0,0,0,0,0,0,0,0,18,0,0,0,0,0,1,0,1,0,0,0,0,0,1,1,3,0,0,0,3,0,0,0,3,1,0,0,1,2,0,0,1,0,0,0,0,9,0,0,0,0,0,0,0,0,0,0,0,2,0,1,0,0,0,0,0,0,0,0,0,5,11,0,11,0,1,15,0,3,28,6,0,2,0,0,0,5,0,0,0,0,0,1,2,0,23,0,0,0,0,0,0,0,0,1,0,0,0,0,1,0,0,1,0,1,0,0,0,0,0,0,1,50,8,0,33,2,2,0,0,0,1,0,8,1,0,0,0,23,2,0,16,256,1,2,9,1,0,5,69,15,6,70,0,17,0,1,3,0,0,0,0,0,0,0,0,0,0,0,0,0,12,2,0,0,0,1,0,0,0,0,0,2,0,1,2,4,1,0,0,1,4,0,23,0,0,11,0,0,0,6,0,24,11,22,4,0,1,5,2026-06-07
2026-06-14,0,2,5,0,0,2,0,0,0,0,3,0,0,0,0,0,0,3,0,0,0,0,0,0,0,0,0,0,0,1,0,0,0,1,0,0,0,1,0,0,0,0,0,0,0,0,0,0,0,0,12,1,7,1,0,2,3,4,0,3,0,0,0,0,0,1,2,0,15,0,0,0,0,0,0,0,0,2,0,0,0,1,0,0,0,0,0,0,0,0,1,0,0,0,0,0,0,0,0,0,0,0,0,0,0,9,0,0,0,0,2,0,0,0,0,0,1,0,1,0,0,0,0,0,0,0,0,0,1,6,13,0,5,0,0,3,0,3,52,7,0,0,0,0,0,0,0,0,0,0,1,2,1,0,0,0,0,0,0,0,0,0,0,1,0,0,0,0,1,0,0,1,0,0,0,0,1,0,1,0,1,41,5,0,0,1,3,0,1,0,1,0,2,0,0,0,0,31,1,2,25,404,0,2,6,0,2,0,3,35,3,0,0,17,0,0,0,0,0,0,0,0,0,0,0,0,0,0,0,0,4,0,0,0,0,0,2,0,0,0,0,0,0,0,1,5,0,0,0,0,0,0,0,0,0,0,0,0,0,14,0,11,6,9,6,1,0,10,2026-06-14
2026-06-21,0,1,3,0,0,3,0,0,0,4,0,0,0,0,0,0,0,0,0,0,0,0,0,0,0,0,0,0,0,0,0,0,0,0,0,0,0,0,0,0,0,0,0,0,0,0,0,0,0,0,8,0,2,0,2,0,0,1,0,1,0,0,0,0,0,0,0,0,4,0,0,0,0,0,0,0,0,0,0,0,0,0,0,0,0,0,0,0,0,0,0,0,0,0,0,0,0,0,0,0,0,0,0,0,0,4,0,0,0,0,7,0,0,0,0,0,0,0,0,0,0,0,0,0,0,0,0,0,0,0,11,0,2,0,0,0,0,0,31,2,0,6,0,0,0,0,0,0,1,0,0,0,0,0,0,0,0,0,0,0,0,0,0,0,0,0,0,0,3,0,0,0,0,3,0,0,0,0,0,0,0,19,2,1,3,0,0,0,0,0,0,0,2,0,0,0,0,6,0,2,12,126,0,3,0,1,0,1,2,8,1,1,0,9,0,0,0,0,0,0,0,0,0,0,0,0,0,0,0,0,1,1,0,0,0,0,0,0,0,0,0,0,0,0,1,0,0,0,0,0,1,0,0,0,0,4,0,0,0,12,0,3,2,1,5,0,0,0,2026-06-21
2026-06-28,0,1,2,0,0,0,0,0,0,2,0,0,0,0,0,0,0,2,0,0,0,0,0,0,0,0,0,0,0,0,0,0,0,3,0,0,0,0,0,0,0,0,0,0,0,0,0,0,0,0,2,0,3,0,0,0,0,1,0,2,0,0,0,0,0,1,0,0,2,0,0,0,0,0,0,0,0,0,0,0,0,0,0,0,0,0,0,0,1,0,0,0,0,0,0,0,0,0,0,0,0,0,0,0,0,4,0,0,0,0,1,0,0,0,0,0,0,0,0,0,0,0,0,0,0,0,0,0,0,1,175,0,1,0,0,121,0,0,7,1,0,5,0,0,0,1,0,0,0,0,0,0,0,0,0,0,0,0,0,0,0,0,0,0,0,0,0,0,4,0,0,2,0,1,0,0,0,0,0,0,0,8,3,0,5,0,0,0,0,0,0,0,1,0,0,0,0,9,0,0,11,97,1,2,0,0,3,0,0,10,0,1,0,9,0,0,0,0,0,0,0,0,0,0,0,0,0,0,0,0,0,0,0,0,0,0,0,0,0,0,0,0,0,0,0,0,1,0,0,0,0,0,0,0,0,0,0,0,0,6,0,8,0,11,0,0,2,3,2026-06-28
2026-07-05,0,1,0,0,0,0,0,0,0,2,1,0,0,0,0,0,0,0,0,0,0,0,0,0,0,0,0,0,0,0,0,0,1,0,0,0,0,0,0,0,0,0,0,0,0,0,0,0,0,0,0,0,0,0,0,0,0,0,0,6,0,0,0,0,0,0,0,0,4,0,0,1,0,0,0,0,0,0,0,0,0,0,1,0,1,0,0,0,4,0,1,0,1,0,0,0,0,1,0,0,0,0,0,0,0,7,0,0,0,0,0,0,0,0,0,0,0,0,0,0,0,0,0,0,0,0,0,0,1,1,10,0,0,0,1,9,0,5,15,1,0,3,0,0,0,2,0,0,0,0,0,0,0,0,23,0,0,0,0,0,0,0,0,2,0,0,0,0,0,0,0,0,0,4,0,0,0,0,1,0,0,13,0,2,3,0,2,0,0,0,0,0,0,0,0,0,0,20,0,0,6,149,2,1,3,0,8,3,7,12,1,13,0,12,0,0,0,0,0,0,0,0,0,0,0,0,0,0,0,0,3,1,0,1,0,0,0,1,0,0,0,0,0,1,1,0,0,0,0,0,0,0,19,0,0,0,0,0,0,8,0,5,7,19,2,0,1,0,2026-07-05
2026-07-12,0,1,4,0,0,0,0,0,0,0,0,0,0,1,0,0,0,0,0,2,0,0,0,0,0,0,0,0,0,2,0,0,0,0,0,0,0,0,0,0,0,0,0,0,0,0,0,0,0,0,0,0,3,0,1,0,0,1,0,2,0,0,0,0,0,0,0,0,2,0,3,1,0,0,0,0,0,0,0,0,0,0,0,0,0,0,0,0,0,0,1,0,0,0,0,0,0,0,0,0,0,0,0,0,0,6,0,0,0,0,0,0,0,0,0,0,0,0,0,0,0,0,0,0,0,0,0,0,2,0,5,0,0,0,1,6,0,1,7,0,0,1,0,0,0,0,0,0,0,0,1,1,0,0,0,0,0,0,0,0,0,0,0,0,0,0,0,0,0,0,0,2,0,0,0,0,0,0,0,0,0,6,5,16,2,0,2,0,0,0,0,0,0,0,0,0,0,8,0,0,4,116,1,1,0,0,3,0,6,13,1,0,0,5,0,0,0,0,0,0,0,0,0,0,0,0,0,0,0,0,0,0,0,0,0,0,0,0,0,0,0,0,0,0,1,0,0,0,0,0,0,0,0,0,0,3,0,0,0,5,0,4,4,41,0,1,0,1,2026-07-12
2026-07-19,0,1,1,0,0,0,0,0,0,0,4,0,1,0,0,0,0,1,0,0,0,0,0,1,0,0,0,0,0,0,0,0,0,0,0,0,0,0,0,0,0,0,0,0,0,0,0,0,0,0,1,0,0,0,2,0,0,1,0,0,0,0,0,0,0,0,0,0,5,0,0,0,0,0,0,0,0,0,0,0,0,0,0,0,1,0,0,0,0,1,0,0,0,0,0,1,1,0,0,0,0,0,0,0,0,1,0,0,0,0,0,0,0,0,0,0,0,0,0,0,0,0,0,0,0,0,0,0,0,0,2,0,0,0,1,4,0,2,12,0,0,5,0,0,0,0,0,0,0,0,0,2,0,0,0,0,0,0,0,0,0,0,0,0,0,0,0,0,3,0,0,7,0,0,0,0,0,0,0,0,0,13,0,0,2,1,1,0,0,0,0,0,0,0,0,0,0,24,3,0,3,217,0,6,0,0,7,4,0,8,0,3,0,1,0,0,0,0,0,0,0,0,1,0,0,0,0,0,0,0,3,1,2,0,0,0,0,0,0,0,0,0,0,2,0,0,0,0,0,0,0,0,0,0,0,3,0,0,0,1,0,4,1,22,0,0,0,1,2026-07-19
2026-07-26,0,2,8,0,0,0,0,0,0,0,3,0,0,0,0,0,0,2,0,2,0,0,0,0,0,0,0,1,0,4,0,0,0,5,0,0,0,0,0,0,0,0,0,0,0,0,0,0,0,0,3,0,0,0,0,0,0,4,0,1,0,0,0,0,0,4,0,0,14,0,0,0,0,0,0,0,0,0,0,0,0,5,0,0,0,0,0,0,0,0,0,0,0,0,0,0,2,0,0,0,0,0,0,0,0,3,0,0,0,0,0,0,0,0,0,0,0,2,0,0,0,0,0,0,0,0,0,0,6,1,68,0,0,0,4,74,0,3,3,0,0,5,0,0,0,1,0,0,0,0,0,1,2,0,0,0,0,0,0,0,0,0,0,0,0,0,0,0,0,0,1,10,0,0,0,0,1,0,0,0,0,4,3,0,4,2,1,0,0,0,0,0,8,0,0,1,0,20,0,1,12,215,0,5,2,0,0,6,0,7,5,0,0,5,2,0,7,0,3,0,2,0,2,2,1,15,0,0,0,0,15,7,0,0,0,0,0,1,0,0,0,0,3,2,0,1,0,2,0,1,0,0,0,0,0,7,0,0,0,6,0,6,3,25,1,1,0,4,2026-07-26
2026-08-02,0,0,0,0,0,0,0,0,0,0,0,0,0,0,0,0,0,0,0,0,0,0,0,0,0,0,0,0,0,0,0,0,0,0,0,0,0,1,0,0,0,0,0,0,0,0,0,0,0,0,3,0,2,0,2,0,0,1,0,1,0,0,0,0,0,6,0,0,5,0,0,0,0,0,0,0,0,0,0,0,0,0,0,0,0,0,0,0,0,0,0,0,0,0,0,0,2,0,0,0,0,0,0,0,0,5,0,0,0,0,0,0,0,0,0,0,0,0,0,0,0,0,0,0,0,0,0,0,0,0,0,0,0,0,0,1,0,0,3,1,0,8,0,0,0,0,0,0,0,0,0,0,0,0,0,0,0,0,0,0,0,0,0,2,0,0,0,0,0,0,0,1,0,0,0,0,0,0,0,0,0,0,1,0,0,0,3,0,0,0,3,0,3,0,0,1,0,0,4,1,16,142,0,1,0,0,0,0,0,0,0,0,0,8,0,0,0,2,0,0,1,0,0,0,0,0,0,0,0,0,3,0,0,0,0,0,0,0,0,0,0,0,0,0,0,0,0,0,0,0,0,0,0,0,0,0,0,0,0,0,0,0,4,5,3,0,0,0,2026-08-02
