Semana,ano_epi,SE,ALTO URUGUAI CATARINENSE,ALTO VALE DO ITAJAÍ,ALTO VALE DO RIO DO PEIXE,CARBONÍFERA,EXTREMO OESTE,EXTREMO SUL CATARINENSE,FOZ DO RIO ITAJAÍ,GRANDE FLORIANÓPOLIS,LAGUNA,MEIO OESTE,MÉDIO VALE DO ITAJAÍ,NORDESTE,OESTE,PLANALTO NORTE,SERRA CATARINENSE,VALE DO ITAPOCU,XANXERÊ
2019-12-29,2020,1,8.331897,17.76389,22.88125,95.267044,21.334635,64.64815,51.0,32.920288,68.49826,8.130859,23.731945,52.0,7.4756947,39.873005,27.359686,40.95956,11.222356
2020-01-05,2020,2,46.49138,44.455357,54.19453,49.886364,34.30078,52.993057,46.221153,39.47192,45.03472,27.551758,42.327778,36.2775,33.734375,56.34242,39.82616,22.529411,42.66226
2020-01-12,2020,3,27.726294,19.412699,17.425,12.298295,39.03255,9.886574,11.918269,7.192935,9.08507,20.192383,22.9375,16.48,27.6875,31.189495,19.64404,15.264706,18.186298
2020-01-19,2020,4,5.4547415,8.289682,6.7171874,54.698864,9.256511,37.01852,25.29327,33.789856,55.48264,7.6289062,21.022223,47.1175,3.734375,5.8158245,29.864239,29.944853,2.8629808
2020-01-26,2020,5,81.20474,27.666666,53.321877,33.610794,80.21615,39.14352,26.475962,20.330616,22.618055,42.36035,28.034721,42.735,83.13715,47.276596,18.127897,54.933823,103.51683
2020-02-02,2020,6,26.413794,24.09623,20.99375,48.920456,11.3567705,27.407408,169.42308,111.06975,40.100693,15.737305,99.173615,267.5575,13.729167,41.966755,35.808773,212.85294,28.076923
2020-02-09,2020,7,8.786638,19.126984,17.546875,17.556818,14.677083,4.212963,28.8125,20.952898,6.6614585,12.529297,23.581944,61.565,14.527778,22.240692,13.613411,31.327206,13.594952
2020-02-16,2020,8,10.413794,13.207341,15.489843,2.3011363,12.510417,6.7314816,6.480769,8.615942,1.6319444,16.83789,8.908334,9.12,16.237846,17.142952,9.162251,6.2058825,12.609375
2020-02-23,2020,9,125.82974,49.261906,80.90078,25.644886,34.966145,23.42361,50.740383,26.300724,18.125,90.82031,42.005554,76.515,51.260418,80.0,48.963577,76.588234,66.116585
2020-03-01,2020,10,5.2198277,1.5684524,1.2179687,9.247159,1.4153646,3.0879629,35.97596,13.850543,11.423611,1.5654297,12.493055,55.0375,4.9878473,7.3510637,4.7487583,37.8125,7.0625
2020-03-08,2020,11,0.5344828,0.007936508,0.1578125,0.71022725,0.14583333,0.125,0.16826923,0.058876812,0.14409722,0.20898438,0.011111111,0.075,0.0625,0.026595745,0.4668874,0.05882353,0.17427884
2020-03-15,2020,12,36.23707,9.769841,19.221094,19.571022,32.619793,15.106482,15.225962,11.083333,25.526041,23.708984,16.729166,21.8275,27.975695,15.706117,11.341474,14.213235,27.640625
2020-03-22,2020,13,0.5689655,0.5297619,0.0703125,2.875,0.27864584,0.097222224,4.7884617,4.1684785,0.6284722,0.28710938,6.0111113,14.67,0.12847222,0.5930851,1.821192,7.9485292,0.33894232
2020-03-29,2020,14,18.368534,18.46131,23.301563,32.897728,13.199219,43.42824,15.826923,8.050725,14.184028,19.57129,12.1027775,2.9825,11.717014,13.394947,17.445364,5.1875,14.180288
2020-04-05,2020,15,36.614223,11.9454365,23.623438,12.053977,38.020832,12.800926,10.802885,8.71558,9.47743,26.02832,12.894444,10.945,38.307293,13.799202,18.802153,10.900735,29.951923
2020-04-12,2020,16,26.489223,11.573413,20.89922,7.034091,22.471354,4.891204,2.2692308,3.3360507,4.0694447,20.435547,5.7805557,5.0225,31.567709,19.19149,20.167633,5.3713236,26.814903
2020-04-19,2020,17,4.952586,0.051587302,0.28125,0.1875,0.29947916,0.5231481,0.88461536,0.13949275,0.1388889,1.2597656,0.17777778,3.0,0.42708334,0.2912234,0.25331125,1.1544118,1.1706731
2020-04-26,2020,18,7.8125,1.8799603,8.3375,5.0085225,8.5,11.759259,15.418269,8.488225,5.9027777,5.2197266,11.136111,18.9925,10.607639,4.6256647,1.4921358,14.444853,6.402644
2020-05-03,2020,19,19.047413,0.58035713,6.353125,2.6761363,27.157553,4.6875,2.1923077,2.1585145,3.6111112,9.560547,0.69027776,6.1,28.559029,9.329787,6.649007,2.8051472,20.194712
2020-05-10,2020,20,32.58621,5.376984,32.882812,7.1761365,25.546875,9.282408,20.538462,4.094203,3.78125,26.322266,11.088889,25.69,21.253471,34.347073,10.229304,13.9779415,37.533653
2020-05-17,2020,21,75.75,7.5972223,41.946877,8.534091,72.885414,22.199074,0.46153846,1.5163044,3.0208333,54.935547,1.3111111,0.75,86.80903,33.25133,21.81043,1.0,91.80048
2020-05-24,2020,22,0.875,0.23809524,0.275,0.2159091,0.9375,0.4027778,0.35576922,0.16123189,0.22916667,0.7675781,0.25555557,0.265,0.7013889,0.031914894,1.8385762,0.15441176,0.4591346
2020-05-31,2020,23,46.956898,20.195436,31.7,37.573864,52.177082,38.789352,70.04327,52.3279,25.659721,28.513672,48.92361,46.2325,46.913193,70.59708,41.245445,51.14706,37.753605
2020-06-07,2020,24,148.34483,67.21032,125.492966,33.53693,87.14713,16.606482,50.783653,29.856884,38.875,109.50586,65.25833,41.26,141.0677,88.97872,54.057117,40.07353,133.16827
2020-06-14,2020,25,0.9375,1.1140873,1.0617187,1.34375,4.3945312,0.25462964,6.9711537,6.057971,0.3090278,0.7470703,4.6597223,16.135,0.3559028,1.7047873,1.4768212,4.8235292,0.60697114
2020-06-21,2020,26,25.952587,17.964285,43.030468,16.755682,11.675781,10.349537,8.548077,10.458333,15.02257,25.24414,12.8527775,32.23,19.230904,48.27992,24.901075,16.955883,28.326923
2020-06-28,2020,27,36.900864,18.193453,20.965626,47.579544,30.93099,82.83796,15.721154,23.531702,28.447916,30.082031,19.475,13.6675,36.95139,14.441489,39.001656,22.102942,39.875
2020-07-05,2020,28,66.57543,25.949406,27.691406,105.36648,52.395832,186.38426,19.10577,39.801632,65.32118,48.217773,24.98889,13.3625,62.734375,14.823803,92.911835,19.375,65.50721
2020-07-12,2020,29,33.786636,29.443453,35.466408,24.144886,10.2005205,27.652779,27.591347,24.66576,20.590279,40.046875,30.94861,25.5375,21.45139,18.646942,33.314983,34.944855,15.299279
2020-07-19,2020,30,6.87931,0.9047619,0.9078125,0.62215906,9.09375,0.6574074,0.17307693,0.33695653,1.6961806,2.3330078,0.5875,0.1175,10.302083,0.5226064,1.0041391,0.28308824,7.7572117
2020-07-26,2020,31,37.290947,15.431547,20.760157,25.053978,21.432291,33.148148,24.975962,13.82337,22.74132,44.345703,23.751389,35.5125,26.944445,13.253989,33.02525,32.694855,30.33173
2020-08-02,2020,32,0.0,0.6805556,0.51171875,0.42329547,0.016927084,0.7222222,0.115384616,0.33333334,0.25694445,0.24121094,0.2125,0.1175,0.0017361111,0.35638297,0.37748346,0.10294118,0.03966346
2020-08-09,2020,33,73.98492,76.04365,66.197655,79.72727,99.64323,71.05093,47.01923,78.55616,86.125,83.83301,76.45556,45.1475,85.5191,57.061836,83.93129,63.963234,99.71154
2020-08-16,2020,34,36.0,27.277779,28.753906,9.619318,30.367188,0.5671296,22.889423,27.291666,18.07639,37.37207,27.208334,50.2525,39.137154,23.99867,18.931292,32.9375,50.45553
2020-08-23,2020,35,0.060344826,0.5257937,0.0609375,0.17613636,0.0,0.6712963,0.50961536,0.27445653,0.1701389,0.12109375,0.39722222,0.235,0.0,0.35039893,0.18956953,0.33088234,0.0048076925
2020-08-30,2020,36,0.114224136,9.356151,2.703125,19.894886,0.015625,12.958333,7.048077,14.802536,19.319445,1.1308594,11.222222,17.88,0.020833334,2.4800532,7.0951986,11.941176,0.050480768
2020-09-06,2020,37,21.931034,22.809525,14.871875,89.857956,14.395833,73.46759,17.865385,65.69203,106.52431,29.326172,18.172222,6.05,26.35764,1.4760638,70.67881,6.7132354,9.182693
2020-09-13,2020,38,6.0689654,8.960318,7.4671874,13.056818,5.9427085,12.902778,6.951923,13.452899,16.559029,8.863281,10.5222225,2.46,7.90625,4.7672873,14.312914,6.227941,5.0600963
2020-09-20,2020,39,0.0,0.23809524,0.1640625,0.3125,0.37239584,0.06481481,0.27884614,0.092391305,0.2673611,0.08984375,0.06666667,1.69,0.038194444,0.24734043,0.272351,0.7205882,0.1298077
2020-09-27,2020,40,28.215517,51.50099,40.03594,40.315342,13.7161455,61.675926,19.173077,35.094204,36.45139,33.328125,36.140278,23.4525,24.98611,22.224733,46.203228,20.5,24.890625
2020-10-04,2020,41,7.12069,12.113095,8.167188,15.681818,27.197916,7.3194447,16.75,23.876812,21.989584,6.2070312,16.777779,48.29,18.149305,19.966755,10.1399,26.970589,18.966347
2020-10-11,2020,42,2.2198277,0.36607143,1.5984375,0.9488636,19.44401,0.17592593,0.71634614,0.73097825,0.4392361,3.5966797,0.37083334,4.0375,8.413195,1.9022607,0.5889901,2.0625,6.3185096
2020-10-18,2020,43,0.9784483,5.9781747,0.175,13.528409,3.0859375,3.6342592,8.961538,26.375,17.82639,0.20117188,9.738889,10.73,2.5277777,1.3523936,9.409768,8.191176,1.6754807
2020-10-25,2020,44,9.609914,14.605159,3.4679687,11.315341,4.1393228,11.233796,22.673077,27.807066,15.338542,7.524414,19.672222,28.735,6.6493053,8.75,19.125,17.665442,6.4194713
2020-11-01,2020,45,1.9267242,16.811508,2.0515625,28.676136,0.072916664,14.893518,6.1826925,14.641304,29.01736,0.7890625,15.422222,6.175,0.5208333,4.449468,13.510761,6.0661764,0.53365386
2020-11-08,2020,46,30.435345,41.20139,42.64922,41.951706,29.078125,13.0,44.39904,68.320656,58.083332,38.765625,40.968056,37.145,30.496529,22.511303,23.983858,33.419117,40.15745
2020-11-15,2020,47,15.640086,48.552578,26.571875,45.90057,10.792969,45.79398,52.307693,39.278984,46.564236,24.420898,51.11111,54.05,15.598958,17.704123,28.686258,59.242645,21.223558
2020-11-22,2020,48,7.0689654,30.373016,15.98125,42.46875,9.160156,22.92824,24.653847,23.572464,40.435764,16.125,40.134724,33.89,16.489584,8.381649,19.77235,26.441177,20.388222
2020-11-29,2020,49,79.605606,57.83631,40.865623,30.286932,93.54818,21.430555,47.201923,76.80616,39.9375,56.783203,64.880554,37.155,109.75694,37.565823,45.221855,42.268383,95.905045
2020-12-06,2020,50,3.088362,15.017858,21.517187,44.18182,0.7786458,43.789352,35.625,33.991848,29.26389,11.146484,22.338888,32.0875,2.4878473,9.52859,21.153559,24.893383,2.4627404
2020-12-13,2020,51,5.3836207,80.93849,24.003124,43.607956,9.545573,51.416668,66.88461,87.085144,39.140625,10.532227,86.30139,69.27,7.467014,37.92021,28.743792,64.97059,18.423077
2020-12-20,2020,52,10.6875,4.0396824,10.824219,9.278409,22.40625,1.6550926,8.620193,9.894928,10.105903,15.595703,4.4083333,14.79,21.260416,4.90891,8.987583,8.911765,26.600962
2020-12-27,2020,53,48.64871,23.607143,28.782812,25.568182,19.128906,15.261574,34.427883,38.634056,27.53993,49.61914,42.494446,70.775,29.350695,20.84508,34.581955,45.441177,30.942308
2021-01-03,2021,1,32.60129,43.728176,23.03125,43.329544,37.479168,21.773148,59.923077,38.936596,35.23611,37.063477,38.36111,68.48,26.342014,26.561834,42.159355,60.35294,34.460335
2021-01-10,2021,2,40.22198,11.355159,16.723438,27.18466,17.88151,14.037037,41.408653,33.40308,27.394096,42.737305,20.875,72.5875,28.42014,7.649601,24.600166,47.433823,37.0012
2021-01-17,2021,3,73.98707,129.87004,83.385155,78.30398,35.26302,35.99537,138.38942,120.683876,95.302086,82.7832,159.36945,175.36,46.668404,86.2367,105.840645,172.73161,62.1238
2021-01-24,2021,4,82.37931,84.46429,55.965626,80.16761,132.61589,66.5625,50.745193,127.06159,104.80382,68.08496,79.69028,57.72,105.80035,30.632315,91.24669,40.367645,110.83173
2021-01-31,2021,5,12.702586,26.35119,11.80625,33.97443,16.395834,31.842592,29.913462,26.076992,16.569445,13.782227,33.6,22.2075,13.197917,6.8171544,28.759933,24.308823,10.365385
2021-02-07,2021,6,22.711206,9.777778,7.4015627,5.653409,1.7291666,5.4791665,20.524038,20.981884,15.012153,30.039062,28.765278,35.275,4.3680553,7.84242,8.945778,31.88603,5.4278846
2021-02-14,2021,7,6.331897,17.734127,14.0234375,19.397728,2.5260417,15.912037,16.384615,46.282608,17.42361,12.052734,17.158333,33.43,6.4409723,17.696808,11.237583,29.411764,6.21875
2021-02-21,2021,8,5.452586,20.271826,13.0875,41.909092,2.2916667,16.0625,58.41827,56.144928,37.03472,10.579102,44.0375,82.805,2.4756944,13.980718,20.600166,55.066177,4.8930287
2021-02-28,2021,9,57.853447,48.704365,42.36875,70.86364,21.617188,52.912037,93.81731,123.06703,85.25347,56.214844,85.81111,116.79,32.663193,48.175533,58.24669,95.40441,38.33654
2021-03-07,2021,10,0.0625,12.839286,0.6578125,15.78125,0.0,9.675926,19.73077,37.386776,12.394097,0.20605469,16.393055,18.6925,0.0,4.666888,5.826159,15.044118,0.08052885
2021-03-14,2021,11,10.765086,20.635912,9.99375,21.167614,11.621094,12.333333,43.908653,16.152174,17.07986,13.272461,47.827778,45.25,7.9913197,9.235373,14.323261,40.794117,8.097356
2021-03-21,2021,12,23.657328,100.70338,58.371876,39.93182,23.420572,41.49074,59.64423,45.65942,34.689236,49.719727,58.50139,40.4475,8.340278,36.011303,55.6577,65.775734,15.96875
2021-03-28,2021,13,16.383621,11.649801,6.578906,23.417614,5.768229,20.664352,7.0625,16.336956,26.779514,10.34375,10.438889,24.4775,20.621529,7.286569,16.947433,13.595589,28.32452
2021-04-04,2021,14,0.0,7.1706347,0.1359375,5.1420455,0.0,0.33564815,26.153847,25.520834,9.449653,0.0234375,13.845834,42.18,0.0,2.3164895,4.382036,25.827206,0.0048076925
2021-04-11,2021,15,1.8232758,0.82738096,1.3023437,2.4886363,13.6744795,2.5138888,0.5769231,0.6585145,1.6440972,1.2460938,0.8388889,3.09,4.9027777,1.4847075,2.370447,2.0367646,2.7932692
2021-04-18,2021,16,0.112068966,14.126985,0.23125,47.38068,0.0052083335,24.953703,28.10577,42.893116,59.125,0.4140625,16.325,34.05,0.0069444445,2.6742022,23.669703,23.735294,0.014423077
2021-04-25,2021,17,0.073275864,0.5248016,0.1421875,1.5198864,0.03515625,0.6736111,0.65865386,1.1222826,1.59375,0.1171875,0.5694444,3.1675,0.0052083335,0.67021275,0.77235097,1.3308823,0.049278848
2021-05-02,2021,18,21.336206,41.87401,20.910938,52.971592,14.9505205,44.671295,22.91827,42.3279,54.262154,24.938477,33.669445,22.0925,13.107639,14.016623,43.906044,24.625,16.542067
2021-05-09,2021,19,16.480604,33.00794,20.696875,18.65341,4.6809897,6.9166665,37.173077,25.067028,17.921875,16.87207,44.380554,32.88,12.475695,24.026596,16.344786,44.09559,17.348558
2021-05-16,2021,20,29.064655,28.162699,20.251562,16.886364,27.34375,37.898148,6.701923,19.547102,16.10764,27.523438,18.544445,2.69,16.902779,12.19016,27.42053,9.198529,25.850962
2021-05-23,2021,21,16.390087,29.77877,21.823437,46.852272,5.4895835,63.25463,19.802885,32.365036,32.53125,32.819336,24.784721,2.7675,3.7951388,4.318484,42.16556,10.341911,5.9603367
2021-05-30,2021,22,13.956897,4.2123017,9.525782,3.8125,5.8333335,0.8472222,0.4278846,1.0978261,2.828125,11.175781,1.3472222,1.9275,7.5989585,2.569149,4.441639,0.7242647,8.856971
2021-06-06,2021,23,49.609913,65.92659,37.060158,76.806816,29.289062,74.24769,83.79327,122.070656,111.55903,48.338867,67.031944,54.325,32.116318,23.294548,65.95116,48.106617,38.08053
2021-06-13,2021,24,10.728448,11.734127,6.2617188,7.5625,9.4088545,0.4675926,8.019231,11.548007,13.46875,4.84375,11.223611,12.6575,7.0677085,9.594415,9.971854,8.316176,13.104568
2021-06-20,2021,25,14.7327585,7.7956347,7.415625,10.113636,8.307292,10.138889,11.163462,8.836957,12.451389,9.5546875,7.9027777,10.62,10.857639,5.4069147,13.052153,10.669118,15.415865
2021-06-27,2021,26,41.89871,60.128967,40.992188,48.247158,11.5755205,17.79861,31.29327,60.250904,74.864586,37.26758,50.358334,15.485,26.722221,34.414894,34.79801,29.191177,43.096153
2021-07-04,2021,27,0.060344826,2.4563491,0.228125,1.375,0.0,0.8796296,5.451923,7.860507,3.625,0.23242188,4.616667,3.475,0.0,0.2699468,1.4114238,3.0441177,0.0024038462
2021-07-11,2021,28,20.07974,9.501985,15.049219,11.25,24.179688,7.787037,8.149038,10.125906,14.088542,20.686523,9.044444,14.3425,23.564236,9.706117,14.71399,13.356618,27.211538
2021-07-18,2021,29,0.004310345,0.30059522,0.05859375,0.48579547,0.095052086,0.46064815,0.028846154,0.089673914,0.44270834,0.0390625,0.15833333,0.0125,0.053819444,0.19547872,0.18667218,0.113970585,0.009615385
2021-07-25,2021,30,25.793104,14.328373,18.516407,22.332386,14.942708,22.409721,12.201923,10.3125,12.362847,22.835938,12.395833,11.125,18.128471,11.580452,26.51283,13.808824,24.570913
2021-08-01,2021,31,0.0,4.633929,0.06796875,3.5625,0.0,1.5902778,3.375,10.259964,5.0104165,0.078125,5.4180555,2.355,0.0,0.52393615,2.6668046,2.1544118,0.0
2021-08-08,2021,32,19.465517,19.482143,17.895313,19.732954,10.1015625,12.194445,19.201923,25.628624,26.96875,16.873047,24.677778,39.07,16.09375,23.110373,17.525661,33.191177,20.009615
2021-08-15,2021,33,0.0,0.5,0.3625,8.363636,0.083333336,12.532408,0.59615386,1.6105072,4.2465277,0.01171875,0.425,4.765,0.0,1.5252659,2.0596027,1.882353,0.0048076925
2021-08-22,2021,34,10.418103,4.1468253,4.78125,14.460227,14.484375,24.652779,5.7788463,5.20471,9.631945,7.888672,4.2527776,6.125,12.461805,5.493351,21.408113,5.6102943,12.716346
2021-08-29,2021,35,0.0,3.9960318,0.1921875,1.5142045,0.049479168,0.2175926,4.4134617,9.592391,3.8159723,0.07421875,5.727778,4.795,0.0034722222,1.1276596,1.3605132,3.7058823,0.0048076925
2021-09-05,2021,36,26.625,25.787699,22.96875,55.909092,12.9140625,76.53241,15.173077,38.400364,47.194443,28.339844,23.475,9.68,17.243055,13.069149,41.43046,9.875,25.319712
2021-09-12,2021,37,109.909485,91.28472,101.98906,88.767044,103.01693,58.969906,54.71154,68.63859,80.0625,146.375,77.291664,61.985,98.864586,87.87633,118.13783,62.819855,114.001205
2021-09-19,2021,38,7.6077585,22.420635,15.932813,26.068182,8.104167,26.226852,11.048077,14.336957,29.32986,6.6621094,15.036111,6.97,7.5868053,11.363032,29.0149,9.507353,9.086538
2021-09-26,2021,39,31.051723,57.724205,51.96406,72.369316,28.463541,46.564816,54.048077,54.114132,52.6875,47.95508,87.91944,47.505,30.399305,36.921543,56.521523,31.441177,43.608173
2021-10-03,2021,40,67.82974,42.32639,35.997658,33.903408,31.39974,23.19213,20.524038,30.748188,30.328125,42.770508,23.0875,25.7525,45.626736,38.591755,40.535183,21.522058,50.378605
2021-10-10,2021,41,97.6875,60.287697,65.640625,38.860794,125.6875,33.671295,42.379807,65.19293,35.921875,73.99805,56.491665,39.0375,103.125,53.20412,43.749584,46.04044,101.10096
2021-10-17,2021,42,7.2198277,18.55853,17.020313,4.002841,15.8046875,4.1597223,14.576923,18.55616,7.1440973,13.233398,15.909722,15.8275,10.628472,17.12101,7.7789736,12.264706,25.070913
2021-10-24,2021,43,2.762931,12.003968,1.7203125,7.056818,11.989583,0.9814815,31.625,30.233696,11.923611,2.5507812,20.311111,18.98,3.1215277,2.719415,4.8799667,17.125,3.6995192
2021-10-31,2021,44,18.038794,42.878967,23.459375,29.602272,13.5182295,28.76389,16.432692,24.70471,24.96875,18.392578,27.497223,64.9,16.069445,29.340425,28.974339,42.27941,23.192308
2021-11-07,2021,45,0.82758623,20.182539,5.2726564,10.269886,19.455729,2.1504629,20.923077,13.507246,12.505208,1.6591797,21.290277,18.1575,5.2291665,14.932846,8.264072,21.242647,5.7608175
2021-11-14,2021,46,43.978447,42.62599,47.95625,48.647728,26.548178,41.467594,37.85096,63.536232,53.616318,57.493164,39.04028,26.4775,27.96007,30.710106,56.094784,34.213234,37.14303
2021-11-21,2021,47,25.831896,23.247025,15.245313,26.167614,34.546875,32.0,33.091347,27.644022,26.95139,18.992188,21.57361,18.635,24.260416,9.924202,25.292633,18.286764,27.055288
2021-11-28,2021,48,1.0258621,3.2728174,2.7390625,2.403409,9.046875,1.1574074,7.6009617,5.005435,3.0416667,1.046875,4.616667,6.1075,5.5625,4.09242,2.6982615,5.0882354,6.9483175
2021-12-05,2021,49,7.012931,17.595238,15.421875,26.164772,0.0625,29.574074,20.10577,21.552536,38.854168,10.359375,23.127777,40.445,1.2534722,13.25532,19.298014,34.19853,4.0408654
2021-12-12,2021,50,12.700431,18.159721,7.4445314,16.582386,3.6015625,12.391204,16.182692,18.30616,14.395833,11.263672,21.220833,14.4425,4.1440973,15.202127,16.580297,14.507353,5.8509617
2021-12-19,2021,51,2.2543104,18.801588,6.7773438,10.528409,5.1875,14.118055,23.903847,9.796196,9.628472,2.9707031,17.754168,21.7625,5.9253473,12.77859,22.466059,18.066177,2.671875
2021-12-26,2021,52,10.314655,9.986111,5.9078126,0.80965906,16.375,0.32407406,12.3125,7.4175725,2.8940973,7.616211,14.447222,39.5775,16.887154,23.91024,1.406043,36.452206,19.252403
2022-01-02,2022,1,47.594826,30.710318,17.228907,58.792614,26.641928,17.148148,55.89904,42.197464,52.94097,32.87207,28.731945,98.8075,24.10243,21.362368,32.285183,49.59559,30.389423
2022-01-09,2022,2,8.63362,14.322421,13.0390625,0.85795456,8.821614,1.025463,97.59135,7.620471,1.7274306,8.211914,34.05,80.2225,9.197917,19.612368,9.753725,76.88971,10.441106
2022-01-16,2022,3,14.6702585,19.624008,30.58672,26.349432,2.2760417,38.085648,6.389423,12.917572,11.532986,27.769531,18.980556,8.2825,6.498264,37.40492,32.854305,17.67647,12.686298
2022-01-23,2022,4,33.1875,43.229168,48.847656,57.24432,56.43099,28.229166,44.365383,24.831522,55.779514,27.449219,38.080555,100.4075,34.37847,66.618355,31.259106,72.599266,35.215145
2022-01-30,2022,5,35.34698,10.654762,43.925,11.295455,24.963541,8.543982,7.889423,15.633152,9.30382,33.16504,9.013889,26.5075,28.395834,12.339096,16.060844,10.577206,34.05529
2022-02-06,2022,6,5.99569,3.205357,4.1023436,7.056818,0.65755206,2.8935184,1.8701923,5.4393115,1.9357638,5.114258,0.48194444,9.7325,1.8454862,0.71077126,3.7595198,1.9411764,9.777644
2022-02-13,2022,7,4.840517,9.823413,18.959375,9.838068,0.13541667,10.710649,16.557692,18.528986,7.8559027,7.4335938,8.663889,34.2275,0.5277778,18.805185,12.844371,27.55147,2.0697114
2022-02-20,2022,8,23.75,16.25397,20.346874,13.173295,60.1263,12.1875,14.649038,20.705616,16.07118,23.330078,17.936111,36.6,40.819443,22.031916,27.89528,37.441177,28.995192
2022-02-27,2022,9,26.846983,26.287699,14.736719,36.727272,24.164062,20.761574,30.110577,44.250904,39.18403,19.54004,27.015278,56.8925,23.0625,43.847073,27.012417,32.48897,24.805288
2022-03-06,2022,10,50.568966,43.401787,39.078125,88.71875,55.746094,107.576385,55.701923,57.625904,91.52257,47.152344,65.07083,69.52,45.498264,33.390957,54.089405,63.713234,48.51082
2022-03-13,2022,11,50.32112,32.927578,78.046875,45.863636,30.639322,47.45602,43.22596,40.280796,81.85243,91.2041,36.479168,81.7525,44.210068,75.03723,43.05546,84.19118,45.353367
2022-03-20,2022,12,93.418106,19.553572,58.241405,36.676136,130.75911,38.45602,34.85096,17.257246,31.458334,88.87012,28.765278,65.5125,125.88368,41.715427,49.269867,55.16544,123.640625
2022-03-27,2022,13,14.375,10.833333,11.404688,22.071022,17.394531,29.594908,43.89423,25.571558,27.484375,17.55957,25.5375,80.2125,19.779514,23.696144,21.64735,55.860294,18.445913
2022-04-03,2022,14,85.38577,17.354166,42.889843,43.522728,84.70573,62.208332,13.192307,11.759964,25.421875,71.96387,13.483334,20.385,107.798615,39.313164,57.88245,16.338236,101.342545
2022-04-10,2022,15,48.081898,15.652778,33.0875,12.332386,77.77604,6.685185,21.461538,15.629529,19.887154,42.467773,22.018055,37.72,64.5816,32.457447,16.956125,30.621323,60.10096
2022-04-17,2022,16,61.53448,16.142857,37.773438,1.6477273,70.75651,2.0462964,9.942307,4.6041665,1.2361112,51.246094,16.595833,27.4275,87.05729,42.335106,11.336507,24.047794,81.76923
2022-04-24,2022,17,23.993534,4.171627,3.8507812,7.1392045,18.583334,8.048611,7.0048075,10.848732,5.3402777,16.109375,4.891667,5.6075,18.300346,0.9900266,14.067881,4.845588,13.911057
2022-05-01,2022,18,109.52155,158.62302,155.20157,189.41193,69.74479,108.46991,125.59615,155.89131,217.46355,152.54492,129.92917,108.16,89.27604,102.727394,178.35886,114.49632,114.09736
2022-05-08,2022,19,9.327586,4.2440476,8.498438,2.5625,11.296875,4.8333335,4.826923,3.6105072,1.6944444,10.316406,3.1722221,7.93,10.666667,6.554521,5.6134105,5.0735292,12.987981
2022-05-15,2022,20,11.584052,0.36805555,2.671875,8.835227,1.7682291,15.280092,0.072115384,2.723732,7.279514,7.4785156,0.13055556,0.155,3.8524306,0.28723404,8.284354,0.1360294,7.081731
2022-05-22,2022,21,33.969826,2.6666667,10.7375,1.5511364,54.338543,2.3171296,0.20673077,0.45561594,1.5625,17.017578,0.73333335,0.51,45.59722,5.043218,3.4333608,0.5,30.052885
2022-05-29,2022,22,68.64655,95.24603,93.49141,21.829546,60.536457,21.171297,76.25,42.926632,23.387154,85.35449,95.67639,132.1675,74.52951,143.15292,59.32409,111.23897,86.93029
2022-06-05,2022,23,25.650862,36.660713,26.053125,50.897728,29.859375,61.578705,38.125,33.560688,38.01736,27.34082,35.815277,57.04,32.444443,38.847073,50.4048,48.117645,21.491587
2022-06-12,2022,24,42.224136,18.065475,24.314062,22.460228,39.29948,27.162037,4.5576925,10.605072,17.052084,40.39258,7.3805556,2.34,44.760418,14.56782,45.424667,5.595588,36.170673
2022-06-19,2022,25,122.05173,63.40972,62.875,104.62784,36.78776,108.47222,27.64423,52.355072,80.045135,114.19922,33.041668,2.205,60.987846,17.432846,125.98261,8.669118,48.51202
2022-06-26,2022,26,6.0689654,2.2311509,0.9453125,2.1051137,2.953125,3.1921296,0.033653848,0.50634056,0.9201389,4.1259766,0.46944445,0.32,5.251736,0.26396278,6.740894,0.10294118,1.7007211
2022-07-03,2022,27,1.0474138,0.50396824,2.4726562,0.52272725,0.14322917,1.7939814,0.115384616,0.1259058,0.203125,0.47753906,0.40555555,0.1575,0.36631945,0.9780585,0.5219371,0.2867647,0.6418269
2022-07-10,2022,28,34.45043,18.333334,30.217968,19.914772,28.625,39.381943,19.504808,22.782608,19.206596,41.9375,17.05,18.365,34.42361,20.650267,41.25952,16.158089,32.866585
2022-07-17,2022,29,14.396552,3.4503968,10.015625,0.13636364,15.541667,0.46296296,0.47115386,0.18297102,0.1736111,13.990234,1.2555555,2.705,14.236111,11.014627,1.5902318,1.4705882,12.019231
2022-07-24,2022,30,9.782328,4.294643,9.0390625,13.107955,5.5989585,26.162037,2.3942308,5.8405795,12.657986,13.698242,4.672222,1.4125,7.888889,5.551862,14.170943,2.3014705,9.520432
2022-07-31,2022,31,6.512931,1.3571428,3.2445312,0.65625,7.8190103,1.162037,0.024038462,0.8405797,0.7673611,7.274414,0.25972223,1.5025,11.809028,0.75797874,4.4499173,0.94485295,9.965144
2022-08-07,2022,32,49.22198,79.63095,80.23594,140.82387,17.205729,140.73148,90.32211,90.777176,137.1684,78.37988,95.42778,140.0675,19.027779,81.15625,58.527733,108.099266,35.384617
2022-08-14,2022,33,75.331894,54.82044,68.876564,14.289773,89.217445,14.5,33.701923,32.604168,20.564236,75.83203,35.752777,31.7075,88.7309,45.82979,44.221855,27.080883,86.19111
2022-08-21,2022,34,0.0,0.0,0.0,0.0,0.0,0.0,0.10576923,1.4456521,0.15277778,0.0,0.0055555557,0.0,0.0,0.0,0.0,0.0,0.0
2022-08-28,2022,35,34.107758,7.1626983,20.86875,2.7954545,27.997396,2.2962964,8.990385,1.8351449,2.8854167,28.378906,11.280556,28.085,35.04514,21.31649,9.575331,26.191177,27.09375
2022-09-04,2022,36,7.2284484,21.035715,27.854687,15.960227,7.013021,17.175926,41.423077,25.907608,5.9965277,18.24414,39.058334,33.785,4.25,42.80452,16.111755,40.22794,10.915865
2022-09-11,2022,37,15.713362,45.86607,38.466408,19.97159,2.782552,17.585648,43.182693,33.00634,24.413195,30.049805,43.8125,71.0975,5.1805553,42.40359,25.510347,49.974266,14.128606
2022-09-18,2022,38,24.674568,11.876985,15.282812,20.568182,33.729168,20.921297,8.923077,11.182065,15.199653,17.285156,11.823611,8.1125,43.229168,15.115026,16.93543,7.591912,28.509615
2022-09-25,2022,39,29.39224,25.293652,38.146873,3.4886363,38.14323,0.7083333,16.0,13.518116,5.8645835,30.927734,20.15,26.62,37.572918,29.985373,11.311258,25.161764,45.911057
2022-10-02,2022,40,49.060345,26.210318,27.3125,7.193182,48.4375,8.967592,13.884615,18.90942,6.5868053,50.183594,20.141666,10.705,55.881943,19.18883,27.596027,12.838235,46.139423
2022-10-09,2022,41,141.99138,116.17857,172.4625,82.375,116.3125,56.930557,28.903847,76.85689,114.90972,200.96289,48.39722,38.48,139.30556,60.85771,127.3096,38.14706,190.48317
2022-10-16,2022,42,52.077587,34.33135,36.79375,20.113636,42.48698,25.925926,49.778847,26.942028,28.690971,38.251953,29.163889,36.455,42.50347,37.67287,16.360928,51.639706,39.50721
2022-10-23,2022,43,9.176724,0.16369048,2.834375,1.2244319,26.476562,0.2523148,0.4903846,3.2971015,1.515625,8.519531,1.9430555,2.6425,18.586805,1.2872341,0.6274834,3.7536764,15.377404
2022-10-30,2022,44,17.306034,15.130953,13.038281,15.147727,28.915365,14.009259,10.740385,6.6992755,20.340279,13.527344,11.079166,27.6775,16.317709,22.87367,13.109271,20.941177,18.620192
2022-11-06,2022,45,0.3448276,5.2083335,3.5,17.102272,0.3671875,18.787037,7.7884617,6.7608695,26.958334,1.4589844,7.983333,12.99,0.9375,2.7167554,7.2798014,11.889706,0.6754808
2022-11-13,2022,46,14.2672415,10.69246,18.517187,1.6875,5.8177085,1.4861112,4.951923,5.620471,0.90625,17.40039,9.101389,8.6275,6.8715277,15.325798,6.8245034,3.375,19.358173
2022-11-20,2022,47,21.096983,7.825397,14.1328125,12.872159,11.114583,4.9421296,6.4134617,11.434783,19.967014,23.749023,3.6847222,25.93,17.810764,11.860373,14.830298,13.3970585,16.692308
2022-11-27,2022,48,21.737068,50.34722,25.351562,118.22727,29.794271,65.55556,105.24039,170.38406,139.6007,27.41211,106.92778,177.16,9.142361,41.355053,45.021523,182.16176,24.55048
2022-12-04,2022,49,14.002155,38.960316,32.835938,29.875,6.1614585,20.05787,21.692308,34.699276,33.916668,11.998047,44.58472,68.2575,3.9427083,52.05186,21.799255,56.65441,9.59375
2022-12-11,2022,50,10.551724,14.905754,29.1625,19.110796,12.166667,10.300926,16.346153,21.550724,20.151041,16.24414,12.404166,35.0525,17.293404,42.961437,21.929222,25.503677,22.002403
2022-12-18,2022,51,21.877155,32.57044,20.307812,66.017044,15.0807295,30.497684,163.69711,138.53351,88.77257,26.95996,84.86806,127.1675,17.555555,14.140958,33.45654,89.41544,37.13221
2022-12-25,2022,52,11.7952585,27.492064,35.874218,21.914772,14.911458,17.92824,50.870193,37.292572,17.501736,18.103516,21.36111,36.52,24.22743,43.615692,32.762833,35.96691,16.334135
2023-01-01,2023,1,30.806034,30.0,26.101562,4.3863635,66.104164,11.648149,20.85577,9.748188,2.9479167,17.189453,41.958332,30.975,65.16319,35.543884,17.048841,31.338236,49.490383
2023-01-08,2023,2,28.290949,21.693453,9.357031,14.022727,32.158855,8.631945,28.399038,15.328804,17.694445,16.296875,14.118055,20.085,22.54514,14.520612,7.5687084,28.411764,29.45673
2023-01-15,2023,3,30.088362,32.704365,34.763283,45.40625,25.019531,16.585648,43.72596,31.027174,33.708332,29.574219,46.043056,44.5375,22.61632,49.232048,41.804634,49.40809,48.070915
2023-01-22,2023,4,9.637931,10.2579365,8.488281,16.633522,2.109375,3.3657408,6.4663463,5.3460145,8.630208,8.774414,8.093056,19.3525,3.2638888,5.0764627,25.27773,18.047794,5.9975963
2023-01-29,2023,5,32.49569,71.184525,53.3625,90.78409,31.429688,82.59722,57.51923,96.583336,86.166664,32.10742,67.725,65.33,34.48264,71.90292,40.17301,79.43382,29.588942
2023-02-05,2023,6,15.75862,19.8125,15.739062,13.616477,9.102864,0.13425925,37.870193,28.008152,6.560764,16.691406,27.245832,17.0175,1.6597222,12.461436,15.807119,20.422794,12.277644
2023-02-12,2023,7,14.88362,20.733135,20.219532,12.340909,32.803387,14.956018,28.158653,18.783514,10.501736,14.701172,28.286112,87.4275,30.555555,34.363033,15.066639,74.37132,32.621395
2023-02-19,2023,8,31.3125,51.997025,55.53828,99.78977,39.365887,148.95602,44.716347,59.725544,65.30556,41.91992,50.368057,60.5025,44.835068,50.58577,59.562084,55.860294,37.96755
2023-02-26,2023,9,17.510777,26.958334,35.726562,19.553978,36.783855,22.099537,15.288462,20.077898,13.755208,27.30664,47.654167,37.97,31.935764,40.995346,20.192467,43.80147,28.713942
2023-03-05,2023,10,30.14224,79.03869,32.61094,76.732956,13.8880205,85.203705,48.884617,57.626812,42.463543,53.698242,84.42639,61.73,18.788195,44.765293,57.53394,71.632355,17.689903
2023-03-12,2023,11,1.237069,6.4970236,2.5023437,10.477273,17.532553,3.4537036,44.125,31.774456,9.527778,0.94921875,40.538887,90.4675,4.1996527,8.52859,3.6233444,69.32353,7.0625
2023-03-19,2023,12,3.7952585,16.681547,22.782032,28.423296,13.936198,20.26389,58.360577,53.347828,28.980904,11.166016,12.451389,11.0225,9.729167,6.49734,21.155628,8.430147,4.5853367
2023-03-26,2023,13,3.3469827,16.680555,41.089844,6.6761365,25.924479,7.3125,15.730769,13.235507,7.296875,21.115234,20.255556,22.7425,31.788195,21.891623,18.519453,18.871323,10.064904
2023-04-02,2023,14,50.83621,30.847221,31.196875,25.59659,47.809895,16.560184,26.221153,33.326088,23.166666,39.810547,27.98889,48.72,71.072914,20.841755,33.692055,40.735294,62.923077
2023-04-09,2023,15,5.288793,40.988094,21.9,26.892046,0.95442706,24.67824,24.778847,20.916666,25.151041,8.185547,32.318054,53.08,1.2152778,27.567154,16.63038,37.139706,4.5865383
2023-04-16,2023,16,44.814655,40.165676,46.447655,11.803977,36.589844,6.7800927,42.41346,20.894022,10.220486,30.55664,47.00139,63.5225,37.168404,60.2879,16.146523,58.360294,41.078125
2023-04-23,2023,17,13.372845,3.3025794,2.2210937,2.627841,24.446615,6.7824073,15.802885,10.822464,3.4357638,9.116211,11.011111,20.3825,14.993055,1.2672873,5.2975993,20.36397,15.388221
2023-04-30,2023,18,70.336205,19.945436,34.10781,64.92898,47.46745,84.07176,9.120193,23.600544,30.277779,58.555664,8.941667,3.4,81.12847,10.05718,47.60306,2.0588236,51.203125
2023-05-07,2023,19,22.702587,0.5575397,8.80625,1.5284091,16.736979,0.9513889,5.4711537,0.25543478,1.3871528,20.30664,1.0222223,4.895,17.73611,2.356383,6.5231786,8.161765,17.723558
2023-05-14,2023,20,0.0,0.0029761905,0.0,0.0,0.0,0.0,0.0048076925,0.04347826,0.0,0.034179688,0.031944446,0.145,0.050347224,0.043218084,0.00910596,0.007352941,0.0072115385
2023-05-21,2023,21,5.3663793,0.11904762,0.053125,0.19886364,10.7838545,0.44444445,0.0,0.023550725,0.017361112,0.3046875,0.022222223,0.04,8.267361,0.01462766,0.11589404,0.0,1.7644231
2023-05-28,2023,22,0.06896552,8.762897,5.334375,3.4147727,1.3854166,0.42592594,16.317308,9.664855,2.3402777,2.0654297,16.502777,14.125,0.4236111,8.888963,2.227235,12.599265,0.016826924
2023-06-04,2023,23,0.0,0.0,0.0,0.2159091,0.0,0.0,0.0,0.0,0.17708333,0.0,0.025,0.585,0.0,0.027925532,0.102649,0.080882356,0.040865384
2023-06-11,2023,24,52.55388,78.75694,68.41719,100.99716,39.509113,127.298615,89.14904,76.06341,90.0,54.21289,85.334724,149.08,47.489582,102.24069,57.4702,133.69853,51.41947
2023-06-18,2023,25,99.344826,33.371033,60.657814,8.017045,48.317707,5.1944447,5.548077,10.48913,7.4965277,81.03711,13.319445,1.73,82.482635,16.393618,51.820366,2.889706,55.735577
2023-06-25,2023,26,3.7586207,1.6130953,3.6125,0.4943182,1.4973959,0.5324074,0.52884614,0.375,0.28819445,4.2460938,1.0416666,1.25,2.2430556,1.406915,2.75,0.99264705,1.5096154
2023-07-02,2023,27,9.827586,14.755953,11.707812,51.142044,2.1536458,84.828705,6.5384617,23.815218,32.836807,17.179688,8.616667,4.85,2.8194444,1.9640957,39.21275,3.1911764,2.5769231
2023-07-09,2023,28,117.788795,85.6369,93.6875,66.068184,127.770836,79.93056,56.35577,63.494564,55.305557,100.33594,65.19444,47.155,112.62153,89.81117,73.14487,58.794117,103.15385
2023-07-16,2023,29,0.012931035,8.298611,1.7742188,0.57102275,0.0026041667,0.0,13.043269,5.1458335,1.015625,0.08203125,11.6875,25.245,0.0,6.9574466,1.4168047,22.194853,0.025240384
2023-07-23,2023,30,10.129311,7.9761906,14.973437,5.1363635,12.671875,8.236111,4.8846154,1.7554348,3.8003473,11.427734,3.7208333,5.04,10.154514,8.714761,8.88245,4.4338236,12.114182
2023-07-30,2023,31,0.125,0.0,0.0015625,0.0,0.0,0.0,0.0,0.0,0.0,0.00390625,0.022222223,0.055,0.065972224,0.00930851,0.12831126,0.0,0.014423077
2023-08-06,2023,32,81.80604,49.30754,65.682816,25.613636,106.35156,20.064816,47.35577,39.101448,29.965279,75.42383,45.322224,62.81,83.44444,72.04654,43.047184,55.205883,82.63702
2023-08-13,2023,33,16.448277,8.297619,7.9875,8.511364,19.033854,4.4074073,12.75,16.168478,10.409722,11.515625,10.541667,12.38,17.07639,10.462766,7.7649007,7.992647,15.201923
2023-08-20,2023,34,3.4568965,21.123016,7.928125,18.960228,0.32291666,30.74074,17.192308,15.041667,15.805555,3.4550781,18.566668,21.42,0.53125,8.7845745,10.940397,15.367647,0.9495192
2023-08-27,2023,35,22.672413,2.7817461,14.503125,0.2215909,46.15625,0.8333333,1.9711539,1.1358696,0.1701389,16.382812,0.65,1.87,36.15278,4.8896275,7.639073,0.3382353,25.557692
2023-09-03,2023,36,69.17242,37.603176,36.55,99.107956,82.4974,174.16667,11.846154,39.844204,36.430557,48.01758,12.369445,16.715,78.06944,40.19016,76.787254,12.205882,47.747597
2023-09-10,2023,37,6.825431,10.208333,14.692187,5.1875,11.040364,11.222222,4.2451925,3.9365942,3.0364583,7.2460938,2.2569444,3.435,10.305555,8.285904,10.942881,3.0367646,9.002404
2023-09-17,2023,38,21.081896,26.688492,22.44453,11.761364,6.3164062,19.106482,10.144231,15.988225,14.215278,33.586914,24.195833,14.025,14.35243,17.644947,41.646523,21.882353,13.669471
2023-09-24,2023,39,29.784483,46.42857,48.853127,44.136364,8.614583,62.675926,50.067307,37.101448,39.03472,52.95117,53.88889,37.3,15.680555,34.840427,58.3154,38.919117,17.555288
2023-10-01,2023,40,162.26724,123.79365,115.65938,120.63636,76.390625,114.18056,61.21154,112.55616,128.45486,170.29297,89.43889,66.75,92.416664,106.01729,115.09437,104.80147,100.89423
2023-10-08,2023,41,58.521553,132.06548,104.60469,109.75,68.328125,98.03704,87.60577,105.74457,99.5625,86.38086,123.280556,103.3,62.711807,145.69283,81.210266,125.875,89.40385
2023-10-15,2023,42,108.42026,39.871033,68.83984,56.8125,107.063805,60.335648,22.173077,27.901268,45.90972,84.3916,27.930555,27.9175,142.72743,46.347073,50.028973,29.694853,115.84135
2023-10-22,2023,43,51.107758,21.549603,36.828125,3.0056818,71.58594,0.16203703,7.7788463,16.313406,4.125,52.632812,11.644444,12.21,52.024307,32.74335,21.304636,13.029411,57.05529
2023-10-29,2023,44,138.78879,89.09722,118.55312,84.92614,165.34895,81.22222,65.57692,66.01993,96.18056,117.72266,78.275,72.8,157.9757,104.32979,95.14073,83.43382,134.31009
2023-11-05,2023,45,24.448277,1.2619047,3.1,1.4517045,41.934895,0.3611111,1.6730769,0.86865944,1.140625,15.337891,2.3,1.55,41.489582,0.33510637,7.254139,3.1911764,25.423077
2023-11-12,2023,46,189.6056,157.4256,161.25937,79.423294,104.791664,149.7037,47.48077,132.15851,76.083336,234.20508,78.172226,26.9025,140.30208,53.43617,178.45737,40.22059,106.967545
2023-11-19,2023,47,23.26724,14.1537695,13.107031,23.761364,6.440104,27.685184,12.504807,11.902174,21.993055,30.257812,17.088888,15.6875,6.9322915,19.218084,33.017384,14.2279415,14.102163
2023-11-26,2023,48,67.469826,62.79266,47.164062,56.829544,62.52474,78.83796,66.06731,86.265396,63.288193,43.460938,53.34722,32.5825,74.41146,37.63963,52.700333,55.705883,58.271633
2023-12-03,2023,49,62.094826,29.270834,39.580467,79.94034,50.34505,64.673615,29.197115,29.222826,47.86111,50.567383,16.740278,34.7625,61.654514,23.986036,45.76076,29.621323,63.401443
2023-12-10,2023,50,9.581897,6.082341,12.557032,13.272727,16.669271,30.689816,15.317307,11.501812,13.651042,8.628906,5.1694446,6.4725,13.090278,15.732048,6.4399834,7.2316175,14.186298
2023-12-17,2023,51,31.413794,19.849207,28.129688,16.15341,13.3515625,23.407408,6.0384617,21.365942,17.211805,23.742188,10.719444,5.67,30.32639,14.960107,25.554636,6.4411764,39.084133
2023-12-24,2023,52,38.780174,3.9742064,3.1,4.9602275,28.598959,1.6018518,0.43269232,0.79347825,2.4201388,7.2226562,0.98055553,5.67,36.29514,10.698138,3.6887417,5.5882354,17.211538
2023-12-31,2024,1,8.7672415,14.774801,21.903126,31.1875,15.3828125,42.342594,76.99519,50.98098,43.086807,15.5703125,28.344444,48.63,12.21875,9.140958,24.02649,42.952206,14.84375
2024-01-07,2024,2,11.471983,8.809524,18.83125,47.747158,15.416667,30.88889,31.240385,33.254528,29.684029,19.467773,43.12639,57.32,18.833334,15.884309,30.159355,59.180145,4.4867787
2024-01-14,2024,3,152.77155,74.905754,77.05937,64.767044,64.64844,54.101852,23.134615,47.571556,50.640625,126.65527,46.880554,31.47,95.010414,49.176197,80.87128,57.650734,101.77524
2024-01-21,2024,4,17.090517,38.89385,33.364063,134.25853,22.802084,67.65046,70.14423,66.43659,119.390625,23.40332,43.327778,188.24,8.60243,40.633644,25.51904,134.23529,13.221154
2024-01-28,2024,5,18.463362,11.401786,12.50625,11.605114,4.4427085,18.752316,13.942307,16.833334,10.746528,9.527344,23.4,26.8425,5.4409723,10.369016,11.940397,16.992647,14.664663
2024-02-04,2024,6,29.163794,8.017858,14.001562,2.6079545,9.701823,2.9953704,4.6346154,9.300725,1.9461806,12.621094,8.240278,2.465,6.8350697,10.047208,8.343543,5.9522057,13.074519
2024-02-11,2024,7,35.68319,48.37599,33.31719,44.5625,40.239582,22.810184,18.58173,34.373188,34.21875,38.035156,39.53611,60.725,53.28125,30.205452,49.02856,42.27941,38.759617
2024-02-18,2024,8,16.010777,23.874008,15.598437,22.886364,18.122396,6.9583335,39.485577,24.578804,37.06597,10.873047,24.577778,58.36,22.855904,23.331118,24.736341,66.463234,18.628605
2024-02-25,2024,9,68.653015,38.87599,33.02656,40.982956,52.9987,37.203705,25.307692,45.884056,29.244791,48.623047,46.28611,147.5475,65.760414,38.34774,35.711506,102.87132,60.741585
2024-03-03,2024,10,51.198277,46.661705,42.502342,98.94886,39.51172,60.319443,49.745193,65.07609,50.373264,43.461914,56.134724,48.0425,44.461807,58.67021,59.770283,44.702206,47.5012
2024-03-10,2024,11,32.396553,0.96626985,2.4648438,4.5454545,23.053385,0.032407407,8.274038,3.669384,5.1493053,5.239258,4.7430553,7.185,21.79861,1.2140957,1.7288908,8.2095585,16.484375
2024-03-17,2024,12,70.19181,15.605159,31.452343,35.159092,71.80729,16.460648,12.783654,22.123188,28.583334,40.878906,7.8472223,31.225,58.31597,17.559841,29.984272,15.419118,56.878605
2024-03-24,2024,13,2.3577585,13.273809,4.1953125,17.460228,1.8697916,10.148149,2.75,4.606884,9.003472,4.5742188,4.797222,7.19,1.2395834,1.4082447,14.7351,5.595588,1.1418269
2024-03-31,2024,14,5.8814654,11.365079,3.9398437,14.414773,6.1484375,5.9699073,11.480769,19.807066,13.355903,1.4238281,13.8527775,10.4175,1.7986112,10.790559,12.518212,12.9154415,3.0733173
2024-04-07,2024,15,28.189655,10.0287695,4.985156,72.28409,63.73698,56.905094,44.932693,45.350544,50.97222,9.571289,27.822222,44.385,46.10764,11.4095745,17.553394,43.856617,24.80649
2024-04-14,2024,16,57.290947,42.49405,63.63203,39.75568,63.690105,28.86574,81.84135,150.00453,55.99653,56.926758,67.43472,114.6675,35.70139,51.606384,53.7024,66.5,43.127403
2024-04-21,2024,17,21.342672,7.4900794,5.2609377,4.53125,68.52604,2.9930556,6.0625,12.497283,2.4201388,13.28125,5.2875,6.7475,44.487846,4.9408245,6.4743376,6.4264708,46.04207
2024-04-28,2024,18,178.2543,79.08532,92.35313,112.931816,100.61719,166.66203,78.65385,36.88768,56.15625,157.54492,82.31111,51.505,118.05556,77.235374,117.68129,102.161766,125.33654
2024-05-05,2024,19,12.36638,9.391865,4.521094,42.326706,18.621094,67.56944,9.399038,10.207428,25.557291,9.519531,5.95,3.2825,17.331596,3.4906914,23.994205,5.5147057,8.376202
2024-05-12,2024,20,49.068966,57.06151,37.675,104.90341,28.320312,162.55556,35.096153,54.197464,58.51389,38.30078,50.575,29.43,29.715279,30.384308,50.58775,52.92647,39.129807
2024-05-19,2024,21,69.97845,111.559525,89.16563,45.88068,55.04948,30.98611,68.94231,91.04529,49.03125,75.0293,80.53333,44.665,45.850693,96.34042,65.6308,76.23529,74.01442
2024-05-26,2024,22,10.551724,24.103174,18.803125,20.085228,6.8385415,21.041666,36.75,29.684782,22.597221,14.8671875,28.661112,44.51,6.798611,29.57314,17.333609,43.19853,8.367788
2024-06-02,2024,23,0.19827586,2.5853174,0.5171875,3.909091,0.0,5.361111,1.5576923,1.7898551,3.03125,0.22265625,0.7583333,0.635,0.090277776,0.59175533,2.8915563,2.1911764,0.014423077
2024-06-09,2024,24,0.0,0.41666666,0.053125,0.03409091,0.0,0.0046296297,0.8076923,0.24456522,0.017361112,0.021484375,0.5777778,0.295,0.0,2.119681,0.58195364,1.6102941,0.64903843
2024-06-16,2024,25,123.01293,23.751984,44.178123,104.068184,83.6224,168.30092,2.7788463,24.17029,50.34375,92.31641,5.4305553,0.295,97.114586,10.768617,66.32368,1.7647059,88.75481
2024-06-23,2024,26,55.22198,43.56349,46.43281,79.20739,32.30078,72.11574,34.9375,65.91123,64.927086,63.32715,46.95,47.7375,34.4375,50.51064,72.26987,45.4375,35.70072
2024-06-30,2024,27,1.9461207,4.093254,2.1734376,12.048295,2.8723958,6.960648,0.7355769,4.177536,11.151042,3.7363281,1.0694444,1.0075,2.3472223,0.4680851,11.233857,0.8382353,1.4074519
2024-07-07,2024,28,88.97414,113.84623,93.930466,91.829544,88.50912,39.75926,62.432693,127.259964,102.26215,99.38379,82.895836,77.3825,82.041664,93.66556,95.876656,74.27206,77.81851
2024-07-14,2024,29,20.900862,39.705357,25.749218,70.46591,31.260416,81.00463,29.6875,43.73098,75.017365,18.10254,38.16528,55.78,34.088543,49.68351,28.227236,60.253677,24.048077
2024-07-21,2024,30,0.10344828,0.40873015,0.1546875,0.042613637,2.265625,0.0,1.4038461,0.77355075,0.045138888,0.0,1.8347223,0.5375,0.3263889,0.10305851,0.4946192,0.5661765,0.56009614
2024-07-28,2024,31,21.301723,13.718254,22.339844,14.988636,35.65495,10.509259,10.817307,11.152174,9.699653,16.953125,13.826389,16.96,30.814236,32.746677,6.7930465,24.816177,34.70673
2024-08-04,2024,32,18.159483,5.125,6.088281,23.78125,25.28776,20.92824,3.1923077,3.9755435,17.394096,14.772461,1.9291667,3.4525,21.67361,3.0977395,19.54015,1.6691177,15.013221
2024-08-11,2024,33,0.030172413,0.0,0.0,0.06818182,0.0,0.0625,0.22115384,0.26721016,0.012152778,0.046875,0.0,0.5475,0.0,0.0944149,0.15645695,0.011029412,0.24278846
2024-08-18,2024,34,45.105602,18.983135,17.63125,27.264204,61.826824,33.516205,8.043269,14.058877,22.57118,34.359375,14.248611,14.305,70.08507,12.674867,27.69495,13.7720585,41.77404
2024-08-25,2024,35,1.5409483,4.455357,2.059375,3.2272727,0.0,2.5300925,7.980769,5.2128625,3.7569444,1.4394531,8.331944,14.42,0.2986111,6.7426863,4.1589403,11.261029,0.30528846
2024-09-01,2024,36,7.297414,5.792659,6.8578124,18.431818,2.4375,16.680555,3.3125,7.07971,11.524305,11.05957,5.45,3.5325,2.6701388,6.1422873,14.348096,3.9191177,5.5625
2024-09-08,2024,37,17.530172,24.847221,44.00469,27.0625,21.388021,20.12037,8.230769,15.059783,17.86111,27.535156,13.063889,5.9,20.8125,34.31383,39.567883,16.411764,18.632212
2024-09-15,2024,38,35.547413,47.125,43.9875,24.022728,68.03906,15.050926,48.990383,43.71558,23.375,38.75,56.041668,82.29,41.9375,89.40426,41.74586,72.45588,34.115383
2024-09-22,2024,39,11.831897,3.7718253,6.1265626,8.698864,14.15625,10.657408,5.5961537,5.179348,3.9340277,12.966797,3.511111,6.28,9.59375,6.4840426,7.102649,5.5808825,13.776443
2024-09-29,2024,40,13.435345,32.789684,29.289062,55.204544,6.221354,34.912037,19.01923,38.324276,42.95139,29.128906,22.566668,23.755,7.5833335,25.159575,55.467716,22.705883,8.40625
2024-10-06,2024,41,81.37931,46.511906,61.79844,66.23864,94.95443,74.34722,109.88461,80.28623,55.592014,63.404297,68.227776,74.08,88.58854,54.54588,60.479305,102.213234,80.34135
2024-10-13,2024,42,12.657328,8.0625,9.021093,3.5227273,21.692709,3.4398148,7.639423,7.6132245,4.423611,8.1796875,9.5125,8.29,16.779514,5.3590426,6.231788,7.334559,12.676682
2024-10-20,2024,43,32.21121,11.011905,31.2375,4.6647725,32.411457,4.7824073,7.8076925,10.929348,9.635417,34.441406,10.538889,17.175,28.875,26.18351,15.627483,15.198529,47.879807
2024-10-27,2024,44,1.8793104,1.3174603,3.0703125,1.7386364,4.765625,1.2222222,5.548077,11.572464,1.6076388,1.6074219,3.0611112,4.985,3.5034723,2.307181,1.7218543,2.6691177,5.918269
2024-11-03,2024,45,55.37931,54.474205,53.565624,75.829544,42.8125,75.833336,85.33654,100.375,63.59722,38.57617,78.40278,71.72,41.51736,92.356384,37.379967,103.58088,46.72596
2024-11-10,2024,46,10.980603,16.239088,13.064844,13.704545,5.84375,13.888889,27.600962,22.122282,17.208334,12.176758,20.088888,31.93,7.5520835,15.412899,15.474338,24.716911,7.094952
2024-11-17,2024,47,21.448277,32.08135,24.855469,63.480114,24.441406,48.122684,54.66827,75.395836,70.392365,29.61914,28.706944,61.0,17.75,14.379654,42.01035,30.349264,20.657452
2024-11-24,2024,48,21.211206,17.401785,29.739063,10.752841,40.652344,6.578704,36.71154,19.241848,14.189236,24.916016,26.536112,37.0875,34.333332,34.40625,12.404387,31.147058,39.23918
2024-12-01,2024,49,76.41595,46.55655,64.31797,26.948864,79.86068,31.002316,25.341347,24.519928,31.618055,67.29004,27.754168,71.265,80.58507,51.977394,44.52525,56.11397,82.28125
2024-12-08,2024,50,62.61638,79.826385,65.67344,27.241478,52.17578,19.020834,126.84135,82.19927,31.869791,53.95996,84.297226,166.4475,55.28472,86.90093,41.210266,120.375,65.94231
2024-12-15,2024,51,12.75,12.116072,14.982813,15.698864,11.729167,28.256945,21.259615,21.09692,13.836805,14.922852,16.7,27.55,12.55382,29.503325,28.448261,29.933823,8.390625
2024-12-22,2024,52,12.49138,23.245039,18.442188,55.153408,0.38671875,29.162037,32.98077,19.844202,29.182291,19.273438,25.758333,45.6875,1.0034722,17.866356,23.821192,45.90809,10.633413
