semana_epi,ABDON BATISTA,ABELARDO LUZ,AGROLÂNDIA,AGRONÔMICA,ALFREDO WAGNER,ALTO BELA VISTA,ANCHIETA,ANGELINA,ANITA GARIBALDI,ANITÁPOLIS,ANTÔNIO CARLOS,APIÚNA,ARABUTÃ,ARAQUARI,ARARANGUÁ,ARMAZÉM,ARROIO TRINTA,ARVOREDO,ASCURRA,ATALANTA,AURORA,BALNEÁRIO ARROIO DO SILVA,BALNEÁRIO BARRA DO SUL,BALNEÁRIO CAMBORIÚ,BALNEÁRIO GAIVOTA,BALNEÁRIO PIÇARRAS,BALNEÁRIO RINCÃO,BANDEIRANTE,BARRA BONITA,BARRA VELHA,BELA VISTA DO TOLDO,BELMONTE,BENEDITO NOVO,BIGUAÇU,BLUMENAU,BOCAINA DO SUL,BOM JESUS,BOM JESUS DO OESTE,BOM RETIRO,BOMBINHAS,BOTUVERÁ,BRAÇO DO NORTE,BRAÇO DO TROMBUDO,BRUNÓPOLIS,BRUSQUE,CAIBI,CAMBORIÚ,CAMPO ALEGRE,CAMPO ERÊ,CAMPOS NOVOS,CANELINHA,CANOINHAS,CAPINZAL,CAPIVARI DE BAIXO,CAPÃO ALTO,CATANDUVAS,CAXAMBU DO SUL,CAÇADOR,CELSO RAMOS,CHAPECÓ,COCAL DO SUL,CONCÓRDIA,CORDILHEIRA ALTA,CORONEL FREITAS,CORONEL MARTINS,CORREIA PINTO,CORUPÁ,CRICIÚMA,CUNHA PORÃ,CUNHATAÍ,CURITIBANOS,DESCANSO,DIONÍSIO CERQUEIRA,DONA EMMA,DOUTOR PEDRINHO,ENTRE RIOS,ERMO,ERVAL VELHO,FAXINAL DOS GUEDES,FLOR DO SERTÃO,FLORIANÓPOLIS,FORMOSA DO SUL,FORQUILHINHA,FRAIBURGO,GALVÃO,GAROPABA,GARUVA,GASPAR,GOVERNADOR CELSO RAMOS,GRAVATAL,GRÃO-PARÁ,GUABIRUBA,GUARACIABA,GUARAMIRIM,GUARUJÁ DO SUL,GUATAMBÚ,HERVAL D'OESTE,IBIAM,IBICARÉ,IBIRAMA,ILHOTA,IMARUÍ,IMBITUBA,IMBUIA,INDAIAL,IOMERÊ,IPIRA,IPORÃ DO OESTE,IPUAÇU,IPUMIRIM,IRACEMINHA,IRANI,IRATI,IRINEÓPOLIS,ITAIÓPOLIS,ITAJAÍ,ITAPEMA,ITAPIRANGA,ITAPOÁ,ITUPORANGA,ITÁ,IÇARA,JABORÁ,JACINTO MACHADO,JAGUARUNA,JARAGUÁ DO SUL,JARDINÓPOLIS,JOAÇABA,JOINVILLE,JOSÉ BOITEUX,JUPIÁ,LACERDÓPOLIS,LAGES,LAGUNA,LAJEADO GRANDE,LAURENTINO,LAURO MÜLLER,LEBON RÉGIS,LINDÓIA DO SUL,LONTRAS,LUIZ ALVES,LUZERNA,MACIEIRA,MAFRA,MAJOR GERCINO,MAJOR VIEIRA,MARACAJÁ,MARAVILHA,MAREMA,MASSARANDUBA,MATOS COSTA,MELEIRO,MIRIM DOCE,MODELO,MONDAÍ,MONTE CARLO,MONTE CASTELO,MORRO DA FUMAÇA,MORRO GRANDE,NAVEGANTES,NOVA ERECHIM,NOVA ITABERABA,NOVA TRENTO,NOVA VENEZA,NOVO HORIZONTE,ORLEANS,OTACÍLIO COSTA,OURO,OURO VERDE,PAIAL,PAINEL,PALHOÇA,PALMA SOLA,PALMITOS,PAPANDUVA,PARAÍSO,PASSO DE TORRES,PASSOS MAIA,PAULO LOPES,PEDRAS GRANDES,PENHA,PERITIBA,PESCARIA BRAVA,PETROLÂNDIA,PINHALZINHO,PINHEIRO PRETO,PIRATUBA,PLANALTO ALEGRE,POMERODE,PONTE ALTA DO NORTE,PONTE SERRADA,PORTO BELO,PORTO UNIÃO,POUSO REDONDO,PRAIA GRANDE,PRESIDENTE CASTELLO BRANCO,PRESIDENTE GETÚLIO,PRESIDENTE NEREU,PRINCESA,QUILOMBO,RIO DAS ANTAS,RIO DO CAMPO,RIO DO OESTE,RIO DO SUL,RIO DOS CEDROS,RIO FORTUNA,RIO NEGRINHO,RIQUEZA,RODEIO,ROMELÂNDIA,SALETE,SALTINHO,SALTO VELOSO,SANGÃO,SANTA CECÍLIA,SANTA HELENA,SANTA ROSA DO SUL,SANTA TEREZINHA,SANTA TEREZINHA DO PROGRESSO,SANTIAGO DO SUL,SANTO AMARO DA IMPERATRIZ,SAUDADES,SCHROEDER,SEARA,SERRA ALTA,SIDERÓPOLIS,SOMBRIO,SUL BRASIL,SÃO BENTO DO SUL,SÃO BERNARDINO,SÃO BONIFÁCIO,SÃO CARLOS,SÃO CRISTÓVÃO DO SUL,SÃO DOMINGOS,SÃO FRANCISCO DO SUL,SÃO JOSÉ,SÃO JOSÉ DO CEDRO,SÃO JOSÉ DO CERRITO,SÃO JOÃO BATISTA,SÃO JOÃO DO ITAPERIÚ,SÃO JOÃO DO OESTE,SÃO JOÃO DO SUL,SÃO LOURENÇO DO OESTE,SÃO LUDGERO,SÃO MARTINHO,SÃO MIGUEL DA BOA VISTA,SÃO MIGUEL DO OESTE,SÃO PEDRO DE ALCÂNTARA,TAIÓ,TANGARÁ,TIGRINHOS,TIJUCAS,TIMBÓ,TIMBÓ GRANDE,TREVISO,TREZE DE MAIO,TREZE TÍLIAS,TROMBUDO CENTRAL,TRÊS BARRAS,TUBARÃO,TUNÁPOLIS,TURVO,UNIÃO DO OESTE,URUSSANGA,VARGEM,VARGEM BONITA,VARGEÃO,VIDAL RAMOS,VIDEIRA,WITMARSUM,XANXERÊ,XAVANTINA,XAXIM,ZORTÉA,ÁGUA DOCE,ÁGUAS DE CHAPECÓ,ÁGUAS FRIAS,ÁGUAS MORNAS
1,0.0,8.75,0.0,0.25,0.0,0.0,1.0,0.0,0.0,0.0,0.0,0.25,0.25,1.5,0.0,0.25,0.5,0.0,1.0,0.0,0.25,0.0,2.0,29.5,0.0,22.0,0.0,0.75,0.25,1.25,0.0,1.0,0.0,19.75,38.75,0.0,2.25,0.5,0.0,3.5,0.25,0.0,0.0,0.0,28.5,1.75,28.0,0.0,3.0,0.5,0.25,0.0,0.0,0.0,0.0,0.25,0.0,4.25,0.0,33.5,0.0,45.75,0.5,4.5,0.75,0.0,0.25,0.75,3.5,2.0,0.0,4.25,1.5,0.0,0.0,0.0,0.0,0.25,1.75,0.5,78.5,2.75,0.0,0.0,0.0,0.0,5.0,4.0,0.5,0.0,0.0,0.5,4.5,1.0,7.0,0.25,1.5,0.0,0.0,0.75,2.75,0.0,1.25,0.0,11.75,0.0,1.0,1.25,0.0,0.5,0.0,0.0,0.5,0.25,0.0,18.5,38.75,4.5,0.0,0.0,3.0,0.0,0.75,0.0,0.0,15.25,0.0,1.5,94.25,0.0,1.0,0.0,0.0,0.0,1.5,0.0,0.25,0.0,0.0,0.0,0.0,0.25,0.0,0.0,0.0,0.25,0.0,6.0,0.25,0.5,0.0,0.0,0.0,4.75,2.5,0.0,0.0,0.0,0.0,20.5,4.25,1.5,0.25,0.0,0.5,0.0,0.0,0.25,1.0,0.0,0.0,52.0,1.0,10.25,0.0,1.5,2.25,0.0,0.0,0.0,15.25,3.5,0.0,0.0,5.5,0.25,0.75,0.5,1.0,0.0,0.0,10.0,9.75,0.5,0.0,0.0,0.0,0.25,0.25,5.5,0.0,0.0,0.0,1.5,0.0,0.0,0.0,1.5,0.25,3.25,0.0,0.0,1.75,0.0,0.0,1.0,0.25,0.0,0.25,2.5,1.0,0.75,0.25,8.75,1.75,0.0,3.25,1.25,1.0,1.0,0.0,15.0,0.0,8.25,0.0,19.25,2.75,0.0,2.5,0.0,1.0,0.25,7.25,0.5,0.0,0.0,29.0,0.0,0.0,0.0,0.0,0.5,0.25,0.0,0.0,0.0,0.0,0.25,0.0,0.0,2.0,0.0,0.25,0.0,0.0,0.0,1.0,0.0,1.0,0.0,24.75,1.0,16.75,0.25,2.25,4.25,0.5,0.25
2,0.0,11.0,0.0,0.2,0.0,2.2,1.8,0.0,0.0,0.0,0.2,1.8,0.8,12.8,0.4,0.0,1.0,0.0,1.8,0.4,0.0,0.4,7.0,50.0,3.2,29.0,0.0,1.0,2.4,3.6,0.0,4.8,0.2,20.4,88.8,0.0,5.4,1.8,0.2,21.6,0.8,0.4,0.0,0.0,48.6,4.2,38.8,0.2,3.4,4.8,2.0,0.0,1.6,0.0,0.0,1.2,2.8,6.0,0.0,62.0,0.0,51.4,1.2,4.2,2.6,0.0,0.4,0.4,4.0,1.8,0.8,2.6,1.8,0.0,0.0,1.2,0.0,0.8,3.2,0.6,95.4,1.0,0.0,0.2,1.4,1.2,4.8,7.2,4.4,0.0,0.0,2.8,7.0,3.2,4.8,1.4,3.4,0.0,0.0,0.8,3.0,0.0,1.8,0.0,17.8,1.0,2.2,1.2,3.6,0.4,3.0,0.2,1.6,0.4,0.0,17.2,49.2,8.0,1.2,0.4,4.8,0.8,0.8,0.2,0.0,18.8,0.4,5.4,387.0,0.2,0.4,0.2,0.2,0.0,0.4,0.0,0.0,0.0,1.4,0.4,0.0,1.6,0.0,0.0,0.0,0.0,0.0,12.6,0.0,0.4,0.0,0.0,0.2,5.0,11.2,0.0,0.0,0.0,0.0,58.2,6.6,0.4,1.6,0.0,0.0,0.4,0.0,1.6,2.4,0.8,0.0,53.0,2.4,14.6,0.0,1.6,1.8,0.6,0.0,0.0,24.6,2.4,0.0,0.0,7.0,0.0,1.6,3.4,0.6,0.0,0.8,39.0,10.8,1.2,0.8,0.6,0.2,0.4,2.0,13.4,0.0,0.0,0.2,0.2,0.4,0.0,0.0,2.4,0.6,4.0,0.2,1.8,3.0,0.4,0.0,1.2,0.0,0.0,0.8,3.0,1.4,4.8,0.8,12.0,1.2,0.0,9.2,1.4,2.6,3.2,0.0,13.0,0.0,8.2,10.8,18.0,6.0,0.0,3.4,0.2,1.2,0.0,11.0,4.0,0.0,3.6,27.0,0.0,0.2,0.0,0.0,2.0,1.0,0.0,0.0,0.0,0.2,0.8,0.8,0.2,1.2,0.0,1.4,0.0,0.0,0.2,0.8,0.0,0.6,0.0,26.6,3.8,31.6,0.2,1.8,3.4,1.0,0.0
3,0.0,5.4,0.0,0.0,0.0,0.0,0.8,0.0,0.0,0.0,0.2,0.4,0.8,25.8,1.2,0.2,0.0,0.2,0.0,0.2,0.0,0.0,3.0,31.2,1.2,26.6,0.0,1.4,1.2,2.4,0.0,1.4,0.2,40.2,139.2,0.0,6.2,0.6,0.0,22.8,0.2,0.4,0.2,0.0,57.4,3.6,63.6,0.2,1.4,2.8,3.4,0.0,0.6,0.0,0.0,0.6,0.6,7.8,0.0,27.0,0.0,45.4,2.0,4.6,1.8,0.0,2.8,1.0,3.6,2.8,0.0,6.6,2.4,0.2,0.0,1.6,0.2,0.6,5.8,0.2,128.0,2.0,0.0,0.0,1.2,0.8,9.4,7.4,5.0,0.0,0.0,5.6,6.4,3.8,5.6,0.6,5.0,0.0,0.0,1.8,4.2,0.0,1.8,0.0,21.0,0.0,3.4,2.4,2.8,0.8,1.2,1.0,1.4,0.0,0.0,32.8,48.4,8.8,2.4,0.2,2.0,2.0,2.0,0.2,0.0,26.8,0.0,5.8,438.0,0.0,1.6,0.2,0.0,0.2,0.6,0.0,0.0,0.0,1.0,0.2,0.0,1.4,0.0,0.6,0.0,0.2,0.0,10.4,0.6,0.8,0.0,0.0,0.0,4.6,8.8,0.0,0.2,0.0,0.0,50.0,5.6,2.0,3.8,0.0,0.0,0.2,0.0,0.4,1.4,1.0,0.0,64.2,1.6,24.2,0.0,5.2,3.4,0.8,0.0,0.0,18.8,3.0,0.4,0.0,8.6,0.0,1.6,1.0,1.0,0.0,0.6,15.2,11.2,0.6,0.0,0.6,0.4,0.0,1.6,15.4,0.6,0.0,0.2,1.0,0.2,0.0,0.0,1.6,0.8,4.6,0.0,0.4,2.6,0.0,0.0,2.4,0.6,0.0,0.2,3.2,3.0,3.0,0.0,11.4,1.4,0.0,12.6,2.8,2.2,1.2,0.0,11.4,0.0,11.2,11.8,59.2,3.0,0.0,6.6,0.0,2.2,0.0,7.8,4.4,0.0,1.6,25.8,0.0,0.0,0.0,0.8,5.8,1.6,0.0,0.0,0.0,0.2,0.4,0.4,0.0,2.0,0.0,2.2,0.0,0.0,0.2,0.2,0.2,2.2,0.0,38.4,2.0,20.8,0.0,4.8,4.8,1.4,1.0
4,0.0,11.2,0.0,0.2,0.0,0.8,6.2,0.0,0.0,0.0,1.4,1.0,0.2,22.8,1.2,0.0,0.0,0.2,0.0,0.2,0.0,0.0,5.2,36.0,4.2,33.4,0.0,1.2,0.8,5.4,0.0,1.0,0.6,41.4,145.4,0.0,5.6,0.4,0.0,29.4,0.4,1.6,0.0,0.0,75.0,4.4,41.2,0.0,3.8,3.6,0.8,0.2,1.0,0.0,0.0,1.0,1.0,9.2,0.0,39.8,0.0,56.0,1.2,3.0,0.6,0.0,1.8,3.0,6.4,2.4,0.2,2.6,1.2,0.0,0.0,0.0,0.0,5.2,3.4,0.6,168.0,0.8,0.2,0.0,1.6,1.0,7.6,11.2,5.4,0.6,0.8,5.2,2.6,5.4,4.8,0.6,2.0,0.0,0.0,2.4,7.2,0.2,2.2,0.0,28.2,0.0,1.6,3.6,3.0,3.4,2.0,0.4,1.6,1.4,0.2,25.0,41.8,5.8,1.6,0.0,2.6,1.6,5.0,0.0,0.0,45.2,2.0,7.6,338.6,0.0,1.0,0.2,0.0,0.2,2.6,0.0,0.0,0.0,2.6,0.0,0.4,2.2,0.0,1.0,0.0,0.0,0.0,9.8,0.0,1.0,0.0,0.0,0.0,14.4,4.8,0.0,0.0,0.0,0.0,53.8,6.2,1.2,1.6,0.0,0.4,0.4,0.0,0.4,2.6,2.0,0.0,59.2,3.2,22.6,0.6,5.0,1.4,3.2,0.2,0.0,18.6,3.2,0.0,0.0,2.6,0.2,3.8,1.4,3.0,0.0,0.8,29.0,19.4,0.0,0.2,0.4,0.6,0.0,1.6,6.6,0.0,0.0,0.0,3.0,0.0,0.0,0.2,0.8,0.4,6.2,0.0,0.0,2.2,0.0,0.0,1.2,0.0,0.0,0.2,1.4,3.4,3.2,0.2,6.8,0.8,0.0,13.0,1.0,2.6,1.4,0.0,18.4,0.0,8.0,7.4,103.8,3.8,0.0,9.0,0.2,1.6,0.0,9.0,5.4,0.0,3.4,25.2,0.0,0.4,0.0,0.4,8.4,2.2,0.0,0.0,0.0,3.4,0.8,0.2,0.4,1.4,0.0,1.8,0.0,0.0,1.6,3.2,0.0,0.8,0.0,31.4,3.6,25.2,0.6,5.0,2.8,3.0,0.8
5,0.0,12.8,0.0,0.2,0.0,0.8,0.8,0.0,0.0,0.0,1.0,1.4,0.6,25.4,2.6,1.4,1.0,0.4,0.0,0.0,0.0,0.0,2.2,37.0,1.6,34.8,0.0,2.0,2.0,7.8,0.0,1.4,0.4,36.6,146.0,0.0,7.0,0.8,0.0,33.4,0.8,1.2,0.2,0.0,66.8,5.4,56.8,0.0,3.6,2.2,0.6,0.2,0.4,0.2,0.0,1.2,0.2,8.6,0.0,41.0,0.0,48.4,5.8,4.6,0.2,0.0,2.8,0.4,9.6,4.6,0.4,5.6,4.0,0.0,0.0,0.0,0.0,6.2,4.4,0.4,153.6,2.6,0.0,0.2,0.6,0.4,6.2,14.6,5.4,0.0,0.6,3.6,7.6,7.4,6.2,1.4,1.6,0.2,0.0,2.4,7.0,0.0,3.0,0.0,28.8,0.0,0.8,5.6,3.4,1.2,0.2,0.6,2.8,0.2,0.0,24.0,52.6,3.8,3.0,0.6,3.0,0.6,2.2,0.6,0.0,45.6,0.4,3.8,473.8,0.0,1.4,0.0,0.2,0.4,0.6,0.0,0.0,0.0,1.2,0.2,0.2,4.0,0.4,1.2,0.0,0.0,0.0,11.0,0.8,0.8,0.0,0.0,0.0,3.6,9.8,0.0,0.0,0.0,0.0,39.2,4.8,0.4,2.8,0.2,0.6,0.2,0.0,0.6,1.8,0.2,0.0,59.0,2.4,22.4,0.2,5.0,2.0,1.0,0.4,0.0,22.8,3.2,0.0,0.2,6.6,0.0,4.4,1.4,2.4,0.0,1.0,22.4,19.6,0.4,0.0,0.2,0.4,0.0,1.6,11.4,0.0,0.0,0.4,6.0,0.2,0.0,0.4,5.0,1.4,4.0,0.0,0.6,4.0,0.0,0.0,2.2,0.2,0.0,0.2,2.4,5.0,1.8,0.6,12.0,1.0,0.0,14.0,1.8,2.4,0.6,0.0,14.0,0.0,7.6,12.6,123.8,5.4,0.0,11.0,0.2,1.4,0.2,7.0,3.2,0.0,1.8,29.2,0.0,0.0,0.0,4.0,11.2,3.8,0.0,0.0,0.0,0.2,2.4,0.2,2.8,2.4,0.0,1.6,0.0,0.0,0.2,1.0,0.0,0.6,0.0,33.6,2.8,28.2,1.0,6.0,8.4,0.0,1.0
6,0.0,10.6,0.0,0.0,0.0,0.6,1.2,0.0,0.2,0.0,0.8,1.4,0.4,24.4,1.4,0.0,0.4,1.0,0.0,0.2,0.0,0.2,11.8,43.0,2.4,41.0,0.0,0.4,0.6,5.6,0.0,0.6,1.6,46.4,133.6,0.0,3.4,0.6,0.0,25.2,0.2,0.4,0.0,0.0,61.0,5.0,26.4,0.2,3.6,1.0,3.6,0.2,0.2,0.0,0.0,2.0,0.8,8.0,0.8,26.4,0.0,57.2,1.8,3.0,1.2,0.0,3.0,3.8,5.0,2.6,0.0,6.2,0.6,0.0,0.0,0.2,0.0,2.8,2.4,1.2,192.2,7.0,0.0,0.4,1.8,0.2,11.2,14.2,6.2,0.0,0.6,4.8,7.2,8.0,4.6,0.0,3.4,0.0,0.0,1.4,4.4,0.0,3.4,0.0,25.2,0.0,1.6,2.0,3.2,2.8,1.0,0.6,2.2,1.2,0.0,29.0,47.8,6.8,3.2,0.6,4.0,1.8,1.2,0.2,0.0,47.6,0.8,7.0,382.4,0.0,2.0,0.0,0.0,0.2,0.8,0.4,0.0,0.0,2.0,0.2,0.0,0.4,0.2,0.4,0.0,0.0,0.2,12.8,0.2,1.6,0.0,0.0,0.0,4.6,11.4,0.0,0.0,0.0,0.0,49.6,3.2,2.0,3.0,0.0,3.4,0.0,0.0,0.8,1.2,1.2,0.0,66.8,3.0,21.4,0.0,6.0,4.0,1.6,0.8,0.0,20.2,6.6,0.0,0.0,7.0,0.0,0.4,1.6,1.2,0.0,1.6,27.0,17.0,0.8,0.0,0.2,0.6,0.0,1.8,10.4,1.0,0.0,0.0,4.6,0.6,0.0,0.6,2.0,1.6,4.2,0.0,0.0,2.4,0.0,0.0,1.8,0.2,0.0,0.4,1.6,6.0,6.8,0.6,13.6,3.2,0.2,19.6,1.4,3.6,1.2,0.0,12.8,0.0,11.0,23.8,133.2,2.8,0.0,7.4,0.0,1.4,0.2,12.8,2.6,0.2,1.2,25.0,0.0,0.0,0.0,1.4,11.2,3.8,0.0,0.0,0.0,0.6,1.8,0.0,1.0,1.0,0.0,2.2,0.2,0.0,0.0,0.8,0.2,1.2,0.0,30.6,4.6,30.2,1.2,2.6,4.4,0.4,1.6
7,0.0,5.8,0.0,0.0,0.0,0.8,1.0,0.0,0.0,0.0,1.6,0.8,1.0,42.6,4.6,0.4,3.6,0.0,0.2,0.2,0.2,0.6,7.8,40.0,2.2,33.6,0.2,1.2,1.8,3.2,0.0,2.0,0.6,35.6,126.0,0.0,2.4,0.0,0.2,23.8,0.0,0.8,0.0,0.0,60.4,6.8,44.0,0.2,4.0,1.4,3.6,0.2,2.6,0.0,0.0,1.2,1.4,16.4,0.2,21.6,0.0,48.6,3.0,3.2,1.6,0.2,4.0,1.0,9.4,3.6,0.0,8.8,0.4,0.0,0.4,1.6,0.0,3.0,3.4,0.6,196.0,3.0,0.0,0.8,1.6,1.0,6.2,23.8,5.4,0.0,0.8,5.8,6.4,9.8,6.8,0.4,3.0,0.0,0.0,2.6,7.0,0.0,4.6,0.2,18.4,0.0,1.6,1.4,4.2,1.8,1.6,0.0,2.2,0.8,0.0,17.4,48.6,7.0,1.6,0.2,3.2,2.2,2.2,0.0,0.0,49.8,0.0,5.6,400.4,0.0,1.4,0.2,0.2,0.0,0.8,0.0,0.0,0.0,2.6,0.2,0.0,1.4,0.0,0.0,0.0,0.0,0.2,13.8,0.2,1.0,0.0,0.0,0.0,4.0,10.2,0.0,0.0,0.0,0.0,50.0,8.4,1.0,2.0,0.0,1.8,0.0,0.0,1.0,1.6,0.2,0.0,79.4,2.4,21.2,0.0,2.4,1.0,1.6,0.8,0.0,15.6,3.2,0.0,0.0,6.4,0.2,0.4,1.2,3.0,0.0,1.4,17.2,16.4,0.6,0.0,0.2,1.4,0.0,3.0,8.0,0.0,0.0,0.0,4.0,0.8,0.2,0.2,1.6,1.0,6.2,0.0,1.4,3.2,0.0,0.0,1.8,0.2,0.0,0.2,1.4,7.2,4.2,1.0,11.6,0.8,0.0,28.8,1.4,4.2,0.8,0.0,11.6,0.0,7.6,16.2,142.8,4.0,0.0,12.2,0.2,1.6,0.2,7.8,6.2,0.0,1.4,25.8,0.0,0.4,0.0,2.4,6.2,7.0,0.0,0.0,0.0,0.0,2.6,0.0,0.8,1.6,0.0,1.4,0.0,0.0,0.4,2.8,0.2,1.4,0.0,41.8,4.4,23.0,2.0,2.0,2.4,1.0,1.0
8,0.0,10.8,0.0,0.4,0.0,0.8,0.4,0.0,0.0,0.2,1.4,0.4,1.2,43.6,6.4,0.0,0.6,0.4,0.2,0.4,0.0,0.4,5.2,35.8,3.2,23.6,0.2,0.4,0.4,6.2,0.0,2.4,1.8,36.8,127.2,0.0,3.2,1.2,0.2,18.6,0.2,0.8,0.0,0.0,48.6,3.6,17.2,0.0,4.6,4.6,2.2,0.4,4.4,0.2,0.0,2.0,1.0,11.0,0.0,23.0,0.0,29.0,3.6,3.0,1.4,0.2,4.8,1.8,5.4,2.4,0.0,4.0,0.0,0.0,0.2,1.4,0.0,2.4,3.8,1.8,192.2,3.4,0.0,0.8,0.8,0.2,6.6,14.2,4.8,0.0,0.4,4.2,5.0,14.6,8.4,0.8,2.6,0.0,0.0,2.6,4.2,0.2,5.2,0.0,30.0,0.0,2.8,1.4,3.6,2.6,2.4,0.0,2.6,0.8,0.0,20.8,43.6,8.2,3.0,0.0,3.4,3.2,1.4,0.0,0.0,50.6,1.8,8.0,376.4,0.0,1.8,0.4,0.2,0.0,0.2,0.4,0.0,0.0,2.0,0.4,0.0,1.2,0.0,0.4,0.0,0.0,0.2,5.6,0.2,1.2,0.0,0.0,0.0,3.6,6.4,0.2,0.0,0.2,0.0,44.6,6.0,0.0,4.2,0.0,0.8,0.0,0.0,0.4,2.2,0.4,0.0,78.8,2.8,19.4,0.2,2.0,3.0,1.8,1.4,0.0,24.4,2.4,0.0,0.0,6.0,0.0,0.2,1.6,2.6,0.0,2.0,27.0,17.0,1.2,0.2,1.0,2.0,0.0,1.8,9.2,0.2,0.0,0.0,5.6,0.4,0.0,0.4,0.6,0.4,3.2,0.0,0.6,2.0,0.0,0.0,1.2,0.2,0.0,0.4,2.0,9.4,3.8,0.8,9.8,1.0,0.0,22.6,0.8,4.6,0.8,0.0,10.8,0.0,7.0,11.0,118.8,3.6,0.0,8.4,0.0,2.0,0.2,10.4,2.8,0.0,1.6,23.0,0.0,0.6,0.0,1.2,6.0,5.2,0.0,0.0,0.0,0.6,1.6,0.8,1.2,2.8,0.0,3.6,0.2,0.4,0.4,1.4,0.4,1.2,0.0,28.0,4.2,27.6,0.8,4.0,3.8,0.4,0.2
9,0.0,8.0,0.0,0.0,0.2,0.8,2.0,0.2,0.2,1.2,1.4,1.8,3.4,41.0,2.0,0.0,0.2,0.2,0.8,2.0,0.2,0.8,5.2,88.4,6.0,21.8,0.0,0.6,1.0,5.2,0.0,1.0,0.4,49.0,122.6,0.0,8.0,1.0,0.0,12.6,0.4,1.4,0.0,0.0,39.8,6.4,49.2,0.0,2.6,5.0,0.2,0.8,2.0,0.0,0.0,3.4,4.0,16.2,0.0,32.6,0.2,18.4,8.8,6.4,1.8,0.0,2.4,1.0,24.2,4.6,0.0,3.8,4.6,0.0,0.2,1.0,0.2,4.0,4.8,0.6,212.2,6.0,0.2,1.2,0.6,2.0,11.0,19.0,6.2,0.0,0.2,3.6,5.4,7.8,7.2,0.4,2.4,0.2,0.2,2.8,15.6,0.0,3.6,0.2,21.8,0.4,0.8,1.8,2.6,3.2,2.8,0.0,2.8,1.0,0.2,35.4,58.0,5.0,4.6,0.4,3.8,2.6,4.0,0.0,0.2,38.4,1.6,8.6,435.4,0.0,1.4,0.0,0.0,0.2,1.8,0.2,0.0,0.0,2.6,0.4,0.0,2.8,0.2,1.0,0.0,0.0,0.6,9.8,0.4,1.0,0.0,0.0,0.0,15.0,9.6,0.0,0.0,0.0,0.0,67.4,9.8,1.6,2.2,0.0,1.8,0.4,0.0,1.0,3.0,1.4,0.0,74.8,7.0,21.2,0.2,5.4,3.6,1.2,0.6,0.0,19.4,3.8,0.2,0.0,9.8,0.4,2.2,2.8,2.6,0.0,2.6,32.4,21.6,1.6,0.0,0.6,0.8,0.0,1.8,9.4,0.2,0.0,0.2,7.4,0.2,0.0,0.6,1.8,0.8,10.0,0.0,2.4,3.2,0.0,0.0,3.2,0.4,0.2,1.0,1.8,5.0,6.6,1.0,11.2,1.8,0.0,21.4,1.8,4.8,1.2,0.0,12.4,0.2,12.8,8.8,134.2,2.0,0.2,11.0,0.0,1.6,1.2,18.2,5.2,0.0,6.4,28.0,0.0,0.6,0.0,0.8,7.2,5.8,0.0,0.0,0.0,2.6,1.0,0.8,3.4,3.8,0.2,2.6,0.0,0.0,0.2,3.0,0.4,1.6,0.0,40.2,1.8,26.6,0.8,4.0,5.4,1.6,0.8
10,0.0,12.2,0.2,0.0,0.0,4.0,5.6,0.2,0.2,0.0,1.4,0.4,2.6,26.8,6.6,0.0,2.8,0.2,1.6,0.4,0.4,0.6,7.2,46.0,2.8,11.0,0.0,0.6,0.6,7.0,0.0,1.2,1.0,32.0,83.2,0.0,10.4,3.4,0.0,33.4,0.0,3.0,0.0,0.2,45.8,5.8,97.2,0.0,5.2,5.4,4.8,0.6,3.4,0.2,0.0,5.6,1.8,17.0,0.0,205.0,0.2,13.2,2.6,4.4,1.0,0.0,3.2,1.4,8.2,4.8,0.0,2.4,2.0,0.0,0.2,1.2,0.2,4.2,3.8,0.6,197.8,5.6,0.2,0.2,2.2,0.8,7.2,16.0,8.0,0.0,0.4,6.8,5.2,4.6,7.4,3.4,2.2,0.0,0.0,2.6,2.4,0.0,2.6,0.4,12.0,0.0,1.0,0.2,12.6,2.8,3.0,0.2,6.4,1.0,0.2,87.6,32.8,5.2,6.0,0.6,3.0,3.8,2.0,0.6,0.4,24.2,3.4,12.4,274.6,0.0,1.6,0.8,0.2,0.4,2.2,0.0,0.0,0.0,1.4,0.4,0.2,3.0,0.0,0.0,0.0,0.0,0.0,17.2,3.8,0.4,0.0,0.0,0.0,5.0,5.6,0.2,0.0,0.0,0.2,69.0,15.4,2.6,4.0,0.0,1.4,1.0,0.0,1.2,1.8,2.8,0.0,75.2,5.8,12.4,0.0,2.6,3.4,1.8,1.2,0.0,23.4,4.6,0.0,0.0,12.6,0.0,1.4,7.4,1.8,0.2,5.8,31.0,27.6,1.6,0.0,1.4,1.0,0.2,0.2,10.8,0.0,0.0,0.0,8.4,0.8,0.0,0.6,8.8,0.8,5.8,0.0,2.4,2.8,0.0,0.0,0.6,0.4,0.2,2.0,1.2,6.2,8.8,0.8,6.8,5.4,0.2,19.4,2.0,4.6,5.6,0.0,9.2,0.2,11.2,0.8,79.8,4.4,0.0,6.6,0.0,1.0,0.4,14.8,7.8,0.0,6.2,27.6,0.0,0.0,0.0,4.8,7.4,2.6,0.0,0.0,0.0,4.0,1.2,0.0,5.8,1.0,0.0,5.6,0.0,0.0,0.8,3.0,0.4,1.8,0.0,56.2,0.0,35.6,1.2,2.4,7.2,2.8,0.2
11,0.0,11.2,0.0,0.0,0.0,0.4,2.0,0.0,0.0,0.2,1.2,0.2,1.4,40.8,2.4,0.0,1.4,1.4,1.2,0.4,0.2,2.2,7.0,32.4,1.0,13.2,0.0,0.2,0.4,2.0,0.0,2.0,0.6,40.8,61.6,0.2,5.0,0.8,0.2,15.2,1.0,2.2,0.0,0.0,34.6,3.6,35.8,0.4,1.6,9.6,3.4,0.4,4.2,0.2,0.0,7.0,0.4,14.2,0.0,68.2,0.0,22.0,22.0,3.6,1.6,0.0,3.4,1.6,8.2,5.4,0.0,1.0,0.6,0.0,0.0,2.4,0.0,2.4,8.8,1.0,239.4,9.8,0.0,0.4,2.2,2.4,10.8,16.6,10.6,0.2,0.8,5.2,6.4,7.6,3.4,0.4,3.0,0.0,0.4,2.8,6.8,0.0,1.4,0.6,18.4,0.0,8.2,0.0,6.2,2.8,3.2,0.0,4.2,8.6,0.0,85.0,18.0,3.6,5.6,1.0,3.8,1.2,5.4,0.2,0.0,28.8,5.4,6.8,364.6,0.0,3.4,1.4,0.0,0.4,1.0,0.0,0.0,0.2,1.0,0.4,0.0,3.0,0.0,1.2,0.0,0.4,0.2,2.8,1.0,1.4,0.0,0.0,0.0,5.8,4.4,0.0,0.0,0.0,0.0,38.8,6.0,2.2,3.4,0.0,1.4,0.2,0.0,2.0,4.6,2.2,0.0,76.0,2.6,4.4,1.2,1.0,2.0,5.6,0.4,0.0,4.4,1.6,0.0,0.0,8.2,0.4,0.2,1.6,2.6,0.0,2.8,17.0,18.2,1.6,0.2,1.6,1.2,0.0,2.2,13.2,0.0,0.0,0.0,7.8,1.0,0.0,0.4,6.2,0.6,3.6,0.2,0.8,4.6,0.0,0.0,0.6,0.4,0.0,0.4,2.0,6.6,7.4,0.6,6.0,2.0,0.0,19.8,0.4,6.8,3.8,0.0,13.2,0.0,7.4,2.6,87.8,2.4,0.2,6.8,0.0,1.6,0.4,9.4,4.6,0.0,1.0,5.2,0.0,0.2,0.0,3.8,9.6,3.6,0.0,0.0,0.0,0.4,1.2,0.2,4.4,0.2,0.0,5.2,0.6,0.2,0.2,14.0,0.4,5.0,0.0,34.4,2.2,42.8,0.0,4.2,8.6,4.0,0.6
12,0.0,8.4,0.0,0.2,0.0,0.8,1.0,0.0,0.0,0.2,1.2,0.8,1.0,46.4,3.2,0.0,3.2,1.4,1.0,0.4,0.0,0.6,4.2,35.6,3.4,28.6,0.0,0.0,3.8,4.6,0.0,1.0,0.4,29.8,56.2,0.0,5.4,1.0,0.8,18.0,0.4,3.4,0.0,0.2,34.8,14.4,23.6,0.6,3.0,6.2,3.0,1.8,7.4,0.2,0.0,7.6,0.8,19.4,0.2,34.8,0.0,52.8,3.2,3.0,1.2,0.0,3.6,1.4,8.8,4.8,0.2,2.4,0.0,0.0,0.0,2.6,0.0,2.0,11.0,2.6,127.0,2.4,0.2,0.6,0.2,2.2,6.8,12.6,14.6,0.4,1.2,8.4,6.0,10.8,2.4,0.8,3.0,0.0,0.4,5.4,5.6,0.0,4.2,0.2,19.8,0.0,3.4,0.4,3.8,3.0,2.0,0.0,2.2,2.0,0.2,32.2,29.0,5.8,5.8,1.2,4.8,2.0,2.4,0.2,0.2,41.4,1.6,10.8,336.0,0.0,1.6,1.2,0.0,0.0,0.8,0.0,0.0,0.0,1.8,0.2,0.0,4.0,0.0,0.8,0.0,0.0,0.6,7.8,1.0,2.4,0.0,0.0,0.2,30.6,3.2,0.6,0.0,0.0,0.0,30.4,6.0,1.4,3.6,0.0,4.4,0.4,0.0,1.4,3.0,0.6,0.0,52.6,1.8,11.2,1.0,1.4,1.2,1.0,0.0,0.0,22.6,3.8,0.2,0.0,6.6,1.0,2.6,2.4,3.8,0.0,5.0,29.0,18.8,1.4,0.0,0.6,0.6,0.0,1.6,6.4,1.4,0.0,0.0,5.6,0.6,0.0,0.4,4.0,1.0,4.4,0.4,1.6,3.4,0.0,0.0,2.6,0.8,0.0,1.2,1.6,7.8,3.8,1.4,8.4,0.8,0.0,26.8,1.0,4.2,2.6,0.0,2.6,0.0,12.8,4.0,72.4,1.4,0.0,6.6,0.4,1.4,0.6,12.4,5.2,0.0,2.4,20.4,0.0,0.0,0.0,1.4,3.8,3.4,0.0,0.0,0.0,1.4,2.6,0.2,6.4,0.4,0.0,1.8,0.0,0.2,0.2,5.4,0.2,2.0,0.0,33.0,3.2,30.4,1.6,3.4,3.6,0.0,1.0
13,0.0,4.0,0.0,0.4,0.0,0.6,0.8,0.0,0.2,0.4,0.6,2.0,2.2,42.0,5.8,0.4,2.0,0.8,1.2,0.8,0.0,1.4,10.6,29.8,2.8,31.0,0.0,0.4,0.4,3.6,0.0,2.0,1.2,39.6,68.6,0.0,2.2,0.8,0.4,19.4,0.8,3.2,0.0,0.0,29.4,6.6,37.8,0.4,4.2,7.6,2.0,0.4,6.6,0.0,0.0,6.0,0.2,20.6,0.6,37.8,0.0,39.2,2.4,2.6,2.6,0.0,2.2,1.6,7.0,2.6,0.0,3.4,3.2,0.2,0.0,0.6,0.0,1.4,9.6,1.0,125.6,2.2,0.4,0.6,0.0,0.8,8.6,16.2,17.0,0.4,1.8,6.2,4.8,8.8,3.4,2.2,2.2,0.0,0.4,2.6,3.4,0.0,4.0,0.0,11.6,0.2,2.4,1.6,2.6,4.6,1.4,0.0,0.2,0.2,0.2,14.2,39.6,7.6,7.4,1.0,2.6,3.8,5.2,0.0,0.2,43.2,1.6,8.0,352.6,0.0,1.6,0.4,0.2,0.6,1.2,0.0,0.0,0.0,2.0,0.6,0.0,4.8,0.0,0.8,0.0,0.0,1.0,3.6,0.4,1.2,0.0,0.0,0.4,1.8,6.0,0.0,0.0,0.2,0.0,28.4,5.0,0.2,3.8,0.0,1.6,0.4,0.0,2.6,2.6,3.6,0.0,60.0,1.2,17.2,2.2,3.2,7.0,1.8,0.2,0.0,28.4,2.4,0.0,0.0,8.4,0.0,3.8,1.6,2.2,0.0,5.2,12.8,18.2,0.8,0.2,0.4,1.2,0.0,1.8,8.6,0.4,0.0,0.2,5.2,1.6,0.0,1.0,0.6,1.2,4.8,0.0,0.4,3.4,0.0,0.2,2.0,0.2,0.0,0.0,3.6,8.0,7.4,1.4,20.4,0.8,0.4,20.2,1.2,5.0,1.6,0.0,11.2,0.0,12.0,10.4,81.2,2.0,0.0,9.6,0.2,1.6,0.2,12.0,4.0,0.0,1.2,16.2,0.0,0.2,0.0,0.8,13.8,5.6,0.0,0.0,0.0,0.2,0.2,0.6,4.2,1.4,0.0,4.0,0.0,0.8,1.2,3.2,0.4,2.4,0.0,39.6,3.6,30.6,2.8,4.6,4.8,0.2,0.6
14,0.0,7.8,0.0,0.0,0.0,1.2,0.8,0.0,0.2,0.2,0.6,1.4,1.8,39.0,4.4,0.0,0.4,1.2,1.0,0.4,0.2,2.8,8.2,24.6,4.2,22.2,0.0,0.0,0.2,3.8,0.4,1.4,0.2,35.0,75.6,0.0,3.6,0.2,0.0,22.8,1.4,0.0,0.0,0.0,36.6,5.2,14.8,1.4,2.4,8.4,4.0,1.0,2.2,0.8,0.0,5.0,0.8,10.6,0.0,27.2,0.0,29.0,4.2,2.0,1.8,0.0,3.0,1.4,6.6,2.4,0.2,3.0,0.2,0.0,0.2,0.8,0.0,2.4,4.0,1.2,120.6,3.2,0.0,0.4,1.4,1.6,13.0,19.0,14.0,0.0,1.2,7.2,3.8,7.8,4.6,1.4,3.2,0.0,0.4,3.4,3.2,0.0,5.4,0.2,18.0,1.0,1.6,1.2,3.4,2.2,1.4,0.0,2.4,0.4,0.4,18.8,38.4,9.2,6.0,0.6,3.2,4.0,1.2,0.0,0.0,46.6,1.2,10.0,357.2,0.0,2.6,0.6,0.0,0.2,1.0,0.0,0.0,0.0,0.8,0.0,0.0,2.8,0.2,1.0,0.0,0.0,0.4,3.8,0.6,0.8,0.2,0.0,0.0,3.2,8.4,0.2,0.2,0.0,0.0,42.4,3.6,1.0,3.0,0.0,1.6,1.6,0.0,1.6,2.2,0.4,0.0,48.4,2.8,13.4,1.4,3.2,5.4,0.6,0.8,0.0,22.8,3.2,0.0,0.0,5.2,1.0,1.6,2.0,1.6,0.0,7.8,29.2,14.2,1.2,0.0,0.2,2.0,0.2,1.2,4.2,0.0,0.6,0.0,5.8,0.6,0.0,0.6,1.4,1.0,5.8,0.0,0.0,1.4,0.0,0.0,1.8,0.0,0.0,0.6,1.4,6.4,6.4,1.4,10.8,0.8,0.0,25.2,1.4,4.2,0.6,0.0,8.8,0.0,4.6,11.8,102.2,3.2,0.0,8.2,0.0,1.0,0.2,12.0,3.4,0.0,2.8,14.0,0.0,0.0,0.0,1.4,6.2,3.0,0.2,0.0,0.0,0.6,1.0,1.0,5.6,2.0,0.0,2.8,0.0,0.4,0.4,3.4,0.4,1.0,0.0,25.8,3.0,22.6,3.4,3.0,6.6,0.4,0.8
15,0.0,7.8,0.0,0.4,0.0,1.8,1.0,0.0,0.0,0.0,1.4,1.0,2.0,41.8,7.2,0.0,2.0,0.4,1.0,0.4,0.2,1.2,10.2,26.0,5.4,27.6,0.0,0.4,1.8,7.2,0.0,2.2,0.8,27.6,105.8,0.0,3.8,0.0,0.0,25.6,1.0,0.4,0.2,0.0,38.4,5.6,35.4,0.4,2.4,9.0,1.0,2.8,5.2,0.0,0.0,9.4,0.6,17.4,1.0,27.6,0.0,23.4,7.8,1.8,0.4,0.0,4.6,1.4,5.6,3.2,0.0,3.8,0.2,0.0,0.0,0.2,0.0,4.0,7.0,1.0,142.6,4.4,0.0,1.6,0.4,1.6,10.0,14.0,12.2,0.0,1.0,6.4,3.0,10.0,4.8,0.8,3.0,0.2,0.4,1.8,7.2,0.0,5.2,0.4,16.4,1.0,3.0,1.0,3.6,3.0,0.4,0.0,3.2,1.2,0.6,23.4,43.6,9.0,7.0,0.4,3.0,4.6,2.2,0.2,0.0,47.2,1.6,14.2,388.0,0.2,2.2,0.6,0.0,0.2,1.4,0.0,0.0,0.0,1.2,0.4,0.0,1.8,0.0,1.0,0.0,0.0,0.6,4.0,0.4,1.2,0.0,0.0,0.4,3.4,5.0,0.8,0.0,0.0,0.0,33.2,5.2,0.6,2.4,0.0,1.4,0.2,0.0,1.8,1.2,1.8,0.0,55.2,1.4,13.6,0.8,3.0,2.2,1.4,0.2,0.0,29.8,3.8,0.0,0.0,7.4,1.0,7.2,2.0,5.0,0.0,8.4,22.6,18.0,3.0,0.0,1.0,2.0,0.0,1.6,14.8,0.4,0.0,0.0,3.6,0.2,0.0,0.4,2.2,2.2,4.4,0.4,0.2,2.0,0.0,0.0,0.8,1.2,0.0,0.0,1.4,7.2,6.4,0.6,10.6,0.6,0.2,24.6,1.0,5.6,0.6,0.0,11.4,0.0,7.6,15.2,124.4,3.2,0.0,9.2,0.0,1.4,0.2,6.0,6.4,0.0,2.6,14.4,0.4,0.2,0.0,1.0,5.2,0.6,0.0,0.0,0.0,0.8,1.4,0.8,6.0,3.6,0.0,2.0,0.0,0.0,1.8,3.6,0.0,0.6,0.0,35.2,3.8,23.0,4.6,3.0,5.6,0.6,0.4
16,0.0,5.8,0.0,0.2,0.0,0.4,1.4,0.0,0.0,0.0,2.0,0.4,1.0,37.0,6.8,0.2,0.2,0.2,0.6,0.4,0.0,2.4,9.6,26.4,9.6,22.2,0.2,1.0,0.6,5.4,0.0,2.6,0.4,29.0,117.0,0.0,2.4,0.2,0.0,20.0,1.4,1.4,0.4,0.0,46.2,4.2,22.4,0.0,2.2,14.2,2.0,2.4,4.4,0.0,0.0,4.0,0.2,16.4,0.8,29.0,0.0,22.0,7.2,1.4,1.0,0.0,3.0,1.4,6.2,2.4,0.0,3.4,0.6,0.0,0.0,0.0,0.0,2.0,4.4,1.2,171.4,2.8,0.2,0.4,3.8,1.4,8.6,18.6,8.4,0.0,1.6,5.4,4.6,9.4,3.2,1.4,3.2,0.0,0.2,4.4,5.0,0.0,5.8,0.0,16.6,0.0,0.6,0.6,1.4,2.8,3.2,0.0,1.4,1.2,0.0,20.8,33.0,3.4,7.0,1.0,3.2,4.0,1.4,0.2,0.0,50.8,1.0,5.0,363.2,0.0,1.4,0.0,0.0,0.2,0.6,0.8,0.2,0.0,1.6,0.4,0.0,2.6,0.0,0.6,0.0,0.2,0.2,2.4,0.4,0.6,0.0,0.0,0.0,2.2,4.2,0.4,0.0,0.0,0.0,15.6,3.0,0.6,1.4,0.0,1.6,0.0,0.0,0.8,2.0,0.8,0.0,45.2,0.6,14.0,1.4,2.2,2.8,1.2,0.2,0.0,18.6,2.0,0.4,0.0,6.2,0.0,1.0,1.0,4.0,0.0,6.6,26.6,8.8,1.6,0.0,1.2,1.2,0.2,0.2,6.8,0.2,0.0,0.4,3.6,0.4,0.0,0.4,1.6,1.0,4.8,0.6,0.0,1.2,0.2,0.0,2.2,0.0,0.0,0.4,1.8,7.0,2.2,0.8,8.6,0.2,0.0,25.6,1.4,4.0,1.4,0.0,7.2,0.0,3.6,11.8,124.0,2.4,0.0,11.4,0.0,1.2,0.4,6.2,5.0,0.0,3.0,21.6,0.2,0.6,0.0,1.2,5.8,5.4,0.0,0.0,0.0,0.2,2.0,0.4,7.2,2.8,0.0,2.8,0.0,0.0,1.8,2.0,0.2,1.2,0.0,16.2,4.0,17.2,2.6,2.2,6.2,0.2,0.4
17,0.0,4.0,0.2,0.0,0.0,0.8,1.2,0.0,0.0,0.4,0.6,0.6,1.2,33.2,1.8,0.4,0.2,0.0,0.6,0.0,0.0,0.4,11.0,25.6,3.0,19.0,0.2,1.4,0.4,4.4,0.0,0.2,0.6,25.4,74.6,0.0,2.6,0.0,0.0,28.6,0.8,0.0,0.0,0.0,52.2,2.8,30.6,0.4,2.4,6.2,1.6,5.4,2.4,0.0,0.0,2.4,0.6,9.0,1.0,29.6,0.0,15.2,8.8,1.4,1.0,0.0,1.0,2.6,4.6,1.2,0.0,4.0,0.0,0.0,0.0,1.0,0.0,2.6,3.2,1.6,139.8,2.2,0.0,0.0,0.6,2.0,7.8,10.6,10.4,0.0,0.2,6.2,3.8,8.4,3.8,1.0,1.4,0.0,0.2,1.2,6.6,0.0,4.4,0.0,14.4,0.2,0.2,1.8,2.2,1.2,1.4,0.2,1.6,0.0,0.2,20.8,33.0,2.4,5.2,0.2,1.6,7.0,0.8,0.0,0.2,34.4,0.4,11.8,343.2,0.0,2.2,1.0,0.0,0.0,0.4,0.0,0.0,0.0,0.8,0.6,0.0,2.2,0.0,0.6,0.2,0.4,0.0,3.2,0.0,0.6,0.0,0.0,0.2,1.8,1.8,0.0,0.0,0.0,0.0,15.0,4.0,0.4,2.0,0.2,0.4,0.2,0.0,1.0,1.0,3.2,0.0,47.8,1.4,6.6,1.6,2.6,2.6,1.4,1.2,0.0,28.6,1.6,0.0,0.0,5.4,0.0,1.0,1.2,2.0,0.0,6.0,21.2,8.4,1.0,0.0,0.4,1.0,0.0,0.0,5.6,0.0,0.0,0.0,4.2,0.2,0.0,0.6,2.8,0.6,3.6,0.2,0.6,0.6,0.0,0.0,1.2,1.0,0.0,0.2,1.8,7.6,3.2,1.2,4.8,0.6,0.0,18.4,1.4,2.8,0.2,0.0,8.4,0.0,1.2,6.4,140.4,1.4,0.0,12.4,0.0,1.2,0.2,6.6,4.4,0.0,2.6,10.8,0.2,0.0,0.0,1.8,6.2,2.4,0.0,0.0,0.0,0.2,1.2,0.2,3.0,3.2,0.0,0.6,0.2,0.2,5.6,0.8,0.4,2.2,0.0,18.6,2.4,13.4,2.0,1.8,4.4,0.0,0.6
18,0.0,8.2,0.0,0.0,0.0,1.2,0.8,0.0,0.0,0.2,2.8,1.0,0.8,36.0,4.2,0.0,1.6,0.2,1.0,0.0,0.0,0.6,10.2,27.8,3.0,21.2,0.0,1.6,0.2,6.2,0.0,2.0,0.0,24.6,105.0,0.0,3.2,1.0,0.6,18.0,0.8,0.0,0.0,0.0,30.4,3.6,15.4,0.0,1.2,5.2,3.0,0.0,2.8,0.0,0.0,4.2,1.6,4.2,0.2,18.2,0.0,19.0,3.8,1.8,0.8,0.0,4.6,1.0,4.4,1.8,0.0,3.2,0.4,0.0,0.0,0.4,0.0,1.4,3.2,0.4,126.8,3.0,0.4,0.0,0.8,1.6,12.8,12.4,13.4,0.0,2.0,4.8,1.4,7.4,2.6,0.8,2.2,0.0,0.0,1.6,7.0,0.0,4.0,0.0,22.4,1.0,1.6,1.0,3.6,2.2,1.4,0.0,2.0,0.2,0.0,22.2,31.2,5.6,7.6,0.0,1.8,1.4,1.4,0.4,0.0,51.2,1.2,5.0,391.4,0.2,0.8,0.0,0.0,0.2,0.6,0.6,0.0,0.0,0.8,0.8,0.0,3.2,0.0,1.2,0.6,0.0,0.0,1.4,0.2,0.4,0.0,0.0,0.0,2.6,2.2,0.2,0.0,0.0,0.0,21.8,4.2,1.4,2.2,0.2,1.2,0.0,0.0,0.6,1.6,0.6,0.0,57.2,1.8,13.0,3.0,2.2,2.8,0.6,1.0,0.0,24.4,2.6,0.0,0.0,5.8,0.0,1.2,1.4,2.0,0.2,1.8,20.8,7.8,2.0,0.0,0.0,0.8,0.0,0.0,8.0,0.0,0.4,0.2,2.0,0.2,0.0,0.2,2.4,1.4,4.6,0.2,0.6,1.0,0.0,0.0,1.0,0.8,0.0,0.8,0.2,3.4,5.4,2.0,5.0,1.6,0.0,14.2,1.2,1.8,0.6,0.2,4.0,0.0,5.0,8.2,126.0,1.2,0.0,7.6,0.0,1.2,0.6,4.8,4.2,0.0,0.6,13.0,0.2,0.0,0.0,1.0,6.4,1.8,0.0,0.0,0.0,1.8,2.0,0.8,4.8,1.0,0.0,2.2,0.2,0.0,2.2,1.8,0.4,1.8,0.0,22.2,2.2,12.6,0.4,2.4,5.6,0.0,0.4
19,0.2,4.6,0.0,0.2,0.0,1.0,1.0,0.0,0.0,0.4,1.8,3.0,0.8,34.6,13.8,0.0,0.6,0.0,4.2,0.0,0.4,1.8,9.6,25.4,7.8,14.8,0.2,0.8,1.2,4.6,0.0,0.6,0.2,34.8,89.6,0.0,1.6,0.8,0.2,20.6,0.6,0.0,0.4,0.0,39.6,2.0,41.4,0.0,0.2,4.8,2.6,6.0,5.2,1.2,0.0,3.6,1.0,5.0,1.6,27.8,0.0,10.8,7.8,1.0,0.4,0.0,3.0,0.8,6.0,2.6,0.4,1.8,0.4,0.0,1.2,0.2,0.0,2.8,3.0,0.4,153.2,1.2,0.0,2.2,2.0,1.4,11.4,17.4,12.2,0.4,2.6,4.2,2.4,11.0,3.4,1.8,1.2,0.0,0.0,2.6,4.6,0.0,4.8,0.0,16.0,0.6,0.4,1.2,1.6,1.6,1.8,0.2,1.2,0.2,0.0,14.4,28.0,6.8,9.0,0.4,1.8,2.0,1.0,0.8,0.4,42.8,0.8,11.8,394.2,0.0,1.0,0.4,0.0,0.8,0.8,0.6,0.0,0.0,0.8,1.8,0.0,4.0,0.0,0.2,0.6,0.0,0.0,3.6,0.0,0.6,0.0,0.0,0.4,2.4,2.4,0.0,0.2,0.0,0.0,18.2,5.0,0.6,2.4,0.0,1.0,1.0,0.0,1.0,1.6,0.6,0.0,62.0,1.8,8.8,0.6,3.8,4.6,0.6,1.0,0.0,30.6,2.6,0.0,0.0,6.4,0.4,2.0,0.8,0.6,0.2,2.4,17.6,9.4,1.4,0.0,0.2,1.8,0.0,0.6,6.0,0.0,0.0,0.0,4.4,0.8,0.0,0.0,2.6,1.0,4.4,0.4,0.0,1.6,0.2,0.0,0.2,0.8,0.0,0.2,2.4,8.6,6.0,0.8,6.0,0.0,0.0,26.6,1.6,2.8,1.2,0.0,5.8,0.0,3.6,10.2,98.2,0.8,0.0,12.4,0.0,2.0,0.8,4.6,5.6,0.0,1.4,11.2,0.6,0.2,0.0,0.6,11.4,1.6,0.0,0.0,0.0,0.0,1.2,1.0,6.6,2.2,0.4,0.8,0.2,0.2,6.8,1.6,0.2,2.0,0.0,19.8,0.8,10.2,1.4,1.8,3.0,1.6,1.0
20,1.0,1.6,0.0,0.0,0.0,1.0,0.2,0.0,0.0,0.0,0.4,1.2,0.4,27.8,3.8,0.0,0.0,0.6,0.0,0.0,0.2,1.6,9.6,14.8,5.4,13.4,0.0,0.2,0.0,4.2,0.0,1.0,0.2,19.8,62.8,0.2,2.4,0.2,0.0,14.6,1.0,0.6,0.4,0.0,30.0,2.0,11.2,0.0,1.4,1.4,1.0,2.4,1.4,0.0,0.0,1.4,1.0,3.0,0.6,16.6,0.0,5.6,3.8,1.6,0.2,0.0,1.6,1.0,3.4,1.2,0.2,2.2,2.6,0.0,0.2,0.8,0.0,1.8,0.4,1.0,134.6,2.2,0.0,0.0,0.4,0.8,11.4,8.6,9.0,0.4,2.0,4.6,1.0,7.0,0.4,1.2,0.6,0.0,0.0,1.2,4.2,0.0,3.4,0.0,12.0,0.6,0.0,0.4,0.8,1.0,0.0,0.0,1.6,0.4,0.2,11.8,22.8,2.2,6.2,0.0,1.2,1.6,0.6,0.0,0.0,32.6,0.6,5.0,347.6,0.0,0.8,0.2,0.2,1.2,0.0,0.0,0.0,0.0,0.4,0.8,3.4,2.2,0.0,0.4,0.2,0.0,0.0,0.2,0.0,0.8,0.0,0.0,0.0,0.6,1.2,0.6,0.0,0.0,0.0,14.8,1.4,0.6,2.0,0.0,0.2,0.0,0.0,0.6,1.4,0.2,0.0,53.8,0.6,5.6,1.4,0.2,0.8,0.6,0.8,0.0,21.2,1.0,0.0,0.0,1.6,0.0,0.2,0.2,1.2,0.0,0.4,14.8,5.0,0.4,0.0,0.0,0.6,0.0,0.4,1.0,0.0,0.2,0.0,2.6,0.8,0.0,1.2,0.8,0.4,1.4,0.0,0.0,1.2,0.2,0.2,0.0,0.6,0.0,0.0,0.8,6.0,3.8,1.2,2.4,0.4,0.0,16.6,0.8,2.4,0.2,0.0,4.4,0.0,1.2,11.2,67.8,1.8,0.0,6.6,0.0,1.2,0.4,2.4,2.4,0.0,0.4,4.6,0.4,0.4,0.4,0.6,7.4,1.6,0.0,0.0,0.0,0.2,0.4,0.2,4.4,0.6,0.0,1.0,0.0,0.2,2.6,1.8,0.0,1.2,0.0,10.8,0.4,3.0,0.4,0.4,3.4,0.6,0.8
21,0.0,1.4,0.0,0.0,0.0,0.2,2.2,0.0,0.0,0.0,0.2,0.0,0.2,20.8,3.6,0.0,0.0,0.4,0.0,0.0,0.0,0.4,5.8,14.0,2.4,10.0,0.0,0.0,0.0,3.2,0.0,0.0,0.4,15.8,50.2,0.0,1.6,0.2,0.0,10.4,0.6,0.0,0.0,0.0,18.8,0.6,19.0,0.0,0.4,0.8,2.2,1.0,0.8,0.0,0.0,1.4,0.4,7.4,0.4,18.2,0.0,3.8,2.8,0.2,0.0,0.0,2.0,0.4,2.6,0.2,0.0,1.4,0.4,0.0,0.0,1.2,0.0,0.8,0.4,0.0,117.6,1.0,0.0,0.0,0.6,1.4,3.4,5.8,6.8,0.0,0.2,1.2,1.0,4.4,0.0,0.0,0.4,0.0,0.2,1.2,3.8,0.0,2.2,0.0,8.2,0.0,1.0,0.2,1.2,0.8,0.6,0.0,0.6,0.0,0.0,7.6,19.0,2.2,4.6,0.4,0.6,1.0,0.0,0.2,0.2,24.0,0.0,5.0,248.0,0.0,1.2,0.2,0.0,0.0,0.0,0.0,0.0,0.0,0.2,0.2,0.0,0.2,0.0,0.0,0.2,0.0,0.0,2.2,0.0,0.0,0.0,0.0,0.0,1.2,1.0,0.0,0.0,0.0,0.0,17.2,0.4,0.0,0.8,0.0,0.0,0.4,0.0,0.6,1.6,0.2,0.0,40.8,0.0,2.6,0.0,0.4,1.6,0.0,1.0,0.0,18.8,0.2,0.0,0.0,1.0,0.0,0.2,0.4,0.0,0.0,0.4,15.6,3.2,0.2,0.0,0.2,0.8,0.0,0.2,1.4,0.2,0.0,0.0,1.8,0.2,0.0,0.0,1.2,0.2,1.4,0.0,0.0,1.0,0.0,0.0,0.0,0.2,0.0,0.0,1.0,4.2,0.8,1.0,2.4,0.4,0.0,11.8,0.4,2.4,0.0,0.0,3.4,0.0,0.4,6.6,66.0,0.6,0.0,3.4,0.0,0.2,0.0,1.0,1.0,0.0,0.8,2.6,0.2,0.0,0.0,0.6,6.2,0.4,0.0,0.0,0.0,0.6,0.2,0.4,1.6,0.2,0.0,0.2,0.0,0.0,3.0,0.0,0.2,0.8,0.0,2.8,0.2,1.6,0.0,0.0,1.4,0.4,0.2
22,0.0,1.0,0.0,0.2,0.0,0.2,0.2,0.0,0.0,0.0,0.8,0.2,0.0,21.4,1.0,0.0,0.2,0.0,0.4,0.0,0.0,1.6,5.2,15.0,1.8,9.2,0.0,0.0,0.2,4.4,0.0,0.2,0.0,16.0,50.6,0.0,1.0,0.4,0.0,14.2,0.0,4.2,0.0,0.0,15.2,1.8,8.2,0.4,0.4,0.4,1.4,0.0,1.0,0.0,0.0,1.0,0.4,2.0,0.2,7.0,0.0,2.2,1.2,0.2,0.4,0.0,1.0,0.6,0.6,0.6,0.2,0.8,0.2,0.0,0.0,0.4,0.0,1.2,0.6,0.8,85.4,0.2,0.0,0.0,0.4,0.8,6.6,8.2,9.6,0.0,0.0,2.0,3.0,5.2,1.0,0.6,0.8,0.0,0.4,0.6,3.4,0.4,1.4,0.0,7.4,0.0,0.0,0.6,0.6,0.4,0.6,0.0,0.0,0.0,0.0,8.0,12.8,1.0,5.2,0.0,0.2,0.8,0.2,0.0,0.0,30.6,1.2,3.6,245.6,0.0,1.0,0.0,0.0,0.0,0.4,0.0,0.0,0.0,0.0,0.0,0.0,0.8,0.0,0.0,0.0,0.0,0.6,0.0,0.0,0.4,0.0,0.0,0.0,1.8,1.0,0.0,0.0,0.0,0.0,18.0,0.8,0.4,1.4,0.0,0.4,0.2,0.0,0.0,1.2,0.2,0.0,32.8,0.2,5.8,0.0,0.0,1.2,1.0,0.6,0.0,16.4,0.4,0.0,0.0,1.6,0.0,0.2,0.4,0.8,0.0,0.6,12.2,2.4,0.2,0.0,0.0,0.2,0.0,0.2,3.0,0.0,0.0,0.2,2.8,0.2,0.0,0.0,0.6,0.6,1.4,0.0,0.0,0.8,0.0,0.0,0.0,0.0,0.0,0.0,0.6,6.2,1.2,0.8,0.8,0.0,0.0,10.2,0.8,1.0,0.4,0.0,1.8,0.0,0.6,11.2,48.6,0.2,0.0,6.4,0.0,0.2,0.0,0.4,2.2,0.0,0.4,4.4,0.0,0.0,0.0,0.2,3.0,1.6,0.0,0.0,0.0,0.0,0.2,0.0,1.6,0.2,0.0,0.8,0.0,0.2,0.6,0.0,0.0,0.2,0.0,5.2,0.2,4.8,0.6,0.6,3.2,0.8,0.2
23,0.0,1.2,0.0,0.0,0.0,0.4,0.4,0.0,0.0,0.0,0.0,0.2,0.0,21.4,1.8,0.0,0.0,0.0,0.0,0.0,0.0,1.6,5.6,12.6,1.6,9.0,0.2,0.0,0.0,3.4,0.0,0.2,0.0,16.2,41.0,0.0,1.2,0.0,0.0,11.4,0.4,0.4,0.0,0.0,15.0,0.4,24.2,0.2,0.8,0.6,0.4,0.8,1.8,0.0,0.0,1.0,0.6,1.6,0.0,8.4,0.0,2.8,2.0,1.0,0.0,0.0,1.4,0.0,0.4,0.2,0.0,0.0,0.2,0.0,0.0,1.2,0.0,0.8,0.6,0.0,97.8,0.2,0.2,0.0,0.8,0.2,6.2,3.8,2.6,0.0,0.0,2.6,1.2,5.2,0.4,0.0,0.0,0.0,0.0,1.0,2.4,0.2,3.0,0.0,6.6,0.2,0.6,0.0,2.0,0.4,0.0,0.0,0.6,0.0,0.0,10.8,8.6,1.4,3.8,0.0,0.2,0.4,0.4,0.2,0.0,24.2,0.0,1.4,224.4,0.0,0.4,0.0,0.0,0.0,0.4,0.0,0.0,0.0,0.0,0.2,4.8,0.8,0.0,1.0,0.4,0.0,0.0,2.4,0.0,0.4,0.0,0.0,0.0,0.4,2.8,0.0,0.2,0.0,0.0,17.6,2.0,0.0,1.0,0.0,0.0,0.2,0.2,0.2,1.0,0.0,0.0,38.0,0.2,5.4,0.4,0.6,1.8,0.0,0.2,0.0,18.6,0.0,0.0,0.0,1.8,0.0,0.4,0.2,1.0,0.0,0.6,10.6,1.2,0.4,0.0,0.8,0.2,0.0,0.0,5.4,0.0,0.0,0.0,1.0,0.2,0.0,0.2,1.0,0.0,2.8,0.0,0.2,0.2,0.0,0.0,0.4,0.0,0.0,0.0,0.6,2.6,1.0,0.2,0.6,0.0,0.0,8.2,0.4,0.4,0.0,0.0,1.8,0.0,0.0,11.6,57.8,0.8,0.0,3.8,0.0,0.0,0.0,1.8,1.0,0.0,0.4,5.8,0.2,0.0,0.0,0.6,4.6,1.2,0.0,0.0,0.0,0.2,0.2,0.2,0.6,0.2,0.0,0.8,0.0,0.0,0.0,0.2,0.0,0.2,0.0,7.4,0.6,1.4,0.2,0.4,2.6,0.0,0.4
24,0.0,4.6,0.0,0.0,0.0,0.2,0.0,0.0,0.0,0.0,0.6,0.0,0.6,20.4,2.2,0.0,0.0,0.0,0.4,0.0,0.0,0.4,3.0,12.8,1.2,8.2,0.0,0.2,0.0,4.8,0.0,0.6,0.2,14.8,43.2,0.0,0.8,0.4,0.0,14.8,0.4,0.4,0.0,0.0,18.2,1.0,8.6,0.0,0.8,0.8,2.6,0.2,0.2,0.0,0.0,1.2,0.2,1.2,0.0,3.6,0.0,2.6,2.6,0.6,0.0,0.0,1.4,0.6,2.2,0.2,0.0,0.8,0.0,0.0,0.0,0.4,0.0,0.6,1.2,0.4,88.4,0.4,0.0,0.0,0.2,0.2,5.8,5.4,4.8,0.0,0.0,2.2,1.2,2.8,0.4,0.2,1.0,0.0,0.0,0.6,3.0,0.0,3.8,0.0,6.2,0.0,0.0,0.2,0.4,0.6,0.2,0.0,0.6,0.0,0.0,5.8,16.2,2.2,5.0,0.0,0.8,1.4,1.6,0.0,0.0,24.0,0.4,2.6,226.6,0.0,1.2,0.0,0.0,0.0,0.2,0.0,0.2,0.0,0.4,0.4,0.0,1.4,0.0,0.4,0.4,0.0,0.0,0.4,0.0,0.2,0.0,0.0,0.0,0.4,2.2,0.0,0.0,0.0,0.0,17.0,1.4,0.0,1.6,0.0,0.0,0.4,0.0,0.0,0.8,0.0,0.0,42.0,0.0,6.6,0.0,0.8,0.0,1.8,0.6,0.0,16.8,0.4,0.0,0.0,1.6,0.2,0.0,0.4,1.0,0.0,0.0,13.8,2.8,0.2,0.4,0.4,0.0,0.0,0.0,1.4,0.0,0.0,0.0,1.6,0.6,0.0,0.4,1.8,0.2,0.6,0.0,0.0,0.2,0.0,0.0,0.0,0.2,0.0,0.0,0.8,3.0,1.2,0.2,0.6,0.6,0.0,8.4,0.4,0.4,0.6,0.0,3.4,0.0,0.6,5.8,53.6,0.4,0.0,2.6,0.0,0.6,0.0,1.6,1.2,0.0,0.2,3.0,0.6,0.0,0.0,0.6,5.6,0.4,0.0,0.0,0.0,0.8,0.0,0.6,2.8,0.2,0.0,0.6,0.0,0.0,0.2,0.2,0.0,0.0,0.0,3.4,0.6,2.4,0.4,0.2,3.4,0.2,0.2
25,0.0,1.6,0.0,0.0,0.0,0.6,0.6,0.4,0.0,0.0,0.4,0.6,0.4,16.8,1.6,0.0,0.2,0.2,0.4,0.0,0.2,0.4,0.6,8.4,2.2,3.8,0.0,0.4,0.2,4.6,0.0,0.2,0.0,13.2,37.4,0.0,0.2,0.8,0.0,8.0,0.6,2.4,0.0,0.0,15.2,0.4,16.6,0.0,0.2,0.2,1.8,0.0,0.2,0.0,0.0,0.6,0.4,0.8,0.0,2.0,0.2,3.8,2.0,1.0,0.2,0.0,2.6,0.6,0.6,0.8,0.0,0.2,0.0,0.0,0.0,1.4,0.0,0.4,0.0,0.6,86.4,0.2,0.0,0.0,0.2,1.0,4.2,3.0,4.4,0.0,0.0,1.4,0.2,4.0,0.2,0.0,0.2,0.0,0.0,0.8,1.6,0.0,2.4,0.2,6.0,0.2,0.0,0.2,0.6,0.4,0.0,0.0,0.6,0.0,0.0,12.0,13.6,0.8,3.0,0.0,0.0,0.2,0.6,0.0,0.0,21.8,0.0,2.4,202.6,0.0,0.2,0.0,0.0,0.2,0.0,0.0,0.0,0.0,0.6,0.4,0.0,1.8,0.0,0.0,0.0,0.0,0.0,0.4,0.0,1.0,0.0,0.0,0.0,0.6,0.4,0.0,0.0,0.0,0.0,21.2,0.8,0.0,0.6,0.0,0.0,0.0,0.0,1.0,0.8,0.2,0.0,35.6,0.0,3.2,0.2,0.2,1.2,0.0,0.4,0.0,15.4,0.4,0.0,0.0,0.6,0.0,0.0,0.0,0.0,0.0,0.2,7.8,2.0,0.0,0.0,0.0,0.0,0.0,0.0,2.0,0.0,0.0,0.0,5.8,0.2,0.0,0.0,0.0,0.4,0.6,0.0,0.0,0.4,0.0,0.0,0.0,0.2,0.0,0.0,0.4,2.6,0.8,1.0,1.0,0.2,0.0,6.6,0.8,0.4,0.0,0.0,1.4,0.0,1.6,5.4,45.4,1.4,0.0,2.0,0.0,0.6,0.0,2.2,2.8,0.0,0.2,2.6,0.0,0.0,0.0,1.0,4.6,0.4,0.0,0.0,0.0,0.2,0.2,0.2,3.6,0.2,0.2,0.0,0.0,0.0,0.0,0.2,0.0,0.2,0.0,1.8,1.4,2.0,0.8,0.8,1.4,0.0,0.0
26,0.0,0.4,0.0,0.0,0.0,0.2,0.0,0.0,0.0,0.0,0.2,0.0,0.2,15.8,1.6,0.0,0.4,0.0,0.0,0.0,0.0,0.6,2.8,8.8,2.0,5.2,0.0,0.8,0.4,4.2,0.0,0.2,0.0,9.6,34.4,0.0,1.0,0.0,0.0,10.6,0.4,2.2,0.0,0.0,12.0,1.4,10.4,0.0,0.4,0.0,0.8,0.0,0.4,0.0,0.0,0.0,0.0,1.6,0.0,6.0,0.2,1.2,0.8,0.8,0.4,0.0,1.6,0.2,2.0,0.6,0.0,0.0,0.0,0.0,0.0,1.6,0.4,0.6,0.4,0.0,84.4,1.0,0.0,0.0,0.2,0.2,6.0,9.0,7.2,0.0,1.4,1.8,0.8,3.2,0.6,0.4,1.2,0.0,0.0,0.8,2.4,0.0,1.2,0.0,3.0,0.2,0.0,0.6,0.4,0.4,0.2,0.0,0.2,0.0,0.0,5.8,12.2,2.2,6.2,0.0,1.2,0.6,0.4,0.0,0.0,20.8,0.0,2.6,204.4,0.0,0.4,0.0,0.0,0.0,0.2,0.0,0.0,0.0,0.0,0.0,0.8,1.8,0.0,0.0,0.0,0.0,0.0,2.6,0.0,0.0,0.0,0.0,0.0,0.4,1.0,0.0,0.0,0.0,0.0,18.6,0.2,0.0,2.4,0.0,0.4,0.0,0.0,0.0,0.8,0.4,0.0,36.2,0.0,3.4,0.2,0.4,1.4,0.0,0.2,0.0,12.4,0.4,0.0,0.0,1.0,0.0,0.0,0.2,0.4,0.0,0.0,10.8,0.6,0.2,0.0,0.4,0.0,0.0,0.2,1.6,0.0,0.0,0.0,0.6,0.0,0.0,0.0,0.2,0.2,2.4,0.0,0.0,0.2,0.0,0.0,0.6,0.0,0.0,0.0,0.4,3.2,1.4,0.6,3.6,0.0,0.0,13.8,0.8,0.4,0.0,0.0,2.4,0.0,0.4,7.2,32.8,0.4,0.0,4.2,0.0,0.4,0.0,2.2,0.6,0.0,0.8,3.8,0.0,0.0,0.2,0.6,1.6,0.0,0.0,0.0,0.0,0.8,0.0,0.2,1.4,0.4,0.0,0.0,0.0,0.0,0.0,0.0,0.0,0.0,0.0,2.8,1.0,2.4,0.4,0.0,2.0,0.0,0.0
27,0.0,0.8,0.0,0.0,0.0,0.4,0.6,0.0,0.0,0.0,0.4,0.2,0.2,11.2,0.4,0.0,0.0,0.2,0.0,0.0,0.0,0.2,3.0,5.6,1.0,4.4,0.2,0.2,0.2,3.2,0.0,0.4,0.0,8.0,22.2,0.0,0.6,0.0,0.0,6.0,0.2,0.2,0.0,0.0,6.4,0.0,12.2,0.0,0.0,0.2,1.0,0.6,2.0,0.0,0.0,0.4,0.0,1.4,0.4,5.8,0.0,3.0,1.4,1.2,0.0,0.0,0.4,0.4,2.2,0.2,0.0,0.4,0.0,0.0,0.0,0.0,0.0,0.2,0.2,0.0,75.2,0.2,0.0,0.0,0.8,0.0,3.6,3.6,4.8,0.0,0.0,0.4,0.4,1.8,1.2,0.0,1.0,0.0,0.0,0.4,3.2,0.2,1.8,0.0,6.2,0.0,0.0,0.0,0.2,0.0,0.6,0.0,0.0,0.0,0.0,6.0,9.2,0.2,1.6,0.0,0.0,0.8,0.2,0.0,0.0,13.4,0.0,1.4,130.6,0.0,0.6,0.0,0.0,0.0,0.0,0.0,0.0,0.0,0.4,0.0,0.0,0.0,0.0,0.2,0.0,0.0,0.0,1.2,0.0,0.4,0.0,0.0,0.0,0.6,1.6,0.0,0.0,0.0,0.0,13.6,0.2,1.0,0.0,0.0,0.0,0.2,0.0,0.0,0.2,0.4,0.0,19.8,0.2,0.6,0.0,0.0,0.8,0.0,0.2,0.0,9.4,0.0,0.0,0.0,1.2,0.0,0.0,0.4,1.6,0.0,0.2,9.4,1.0,1.4,0.0,0.2,0.8,0.0,0.0,1.4,0.0,0.0,0.0,1.0,0.0,0.0,0.0,0.2,0.0,0.4,0.0,0.0,0.4,0.0,0.0,0.2,0.2,0.0,0.0,0.0,1.8,0.6,0.0,1.0,0.2,0.0,4.2,0.0,0.0,0.0,0.0,2.2,0.0,0.2,13.2,29.0,0.6,0.0,3.0,0.0,0.0,0.0,1.0,0.6,0.0,0.6,3.0,0.0,0.0,0.0,0.2,0.8,0.2,0.0,0.0,0.0,0.2,0.0,0.2,0.4,0.0,0.0,0.0,0.0,0.0,0.6,0.0,0.0,0.0,0.0,3.0,0.0,4.0,0.2,0.6,1.0,0.2,0.0
28,0.0,1.0,0.0,0.0,0.0,0.2,0.4,0.0,0.0,0.0,0.0,0.0,0.2,11.0,0.2,0.0,0.0,0.0,0.0,0.0,0.0,0.6,2.0,4.8,2.8,7.6,0.0,0.0,0.0,3.2,0.0,0.2,0.0,4.0,23.4,0.2,0.0,0.2,0.0,6.2,0.2,0.4,0.0,0.0,7.8,1.4,4.0,0.0,0.0,0.0,0.2,0.0,0.0,0.0,0.0,1.2,0.2,1.8,0.0,2.6,0.0,3.6,0.0,0.6,0.0,0.0,0.4,0.2,0.8,0.2,0.0,1.0,0.4,0.0,0.0,0.0,0.0,0.2,0.2,0.0,62.2,0.2,0.0,0.2,0.6,0.0,3.6,3.8,4.0,0.0,0.0,0.4,0.0,1.8,0.6,0.4,0.0,0.0,0.0,0.0,1.6,0.0,2.4,0.0,4.2,0.0,0.0,0.4,0.2,1.0,0.2,0.0,0.2,0.0,0.0,8.6,13.4,0.8,1.6,0.0,0.2,1.4,0.0,0.0,0.0,13.0,0.0,0.6,160.2,0.0,0.6,0.0,0.0,0.0,0.0,0.0,0.0,0.0,0.0,0.0,0.0,0.4,0.0,0.0,0.0,0.0,0.0,0.6,0.0,0.0,0.0,0.0,0.0,0.4,0.6,0.0,0.0,0.0,0.0,16.8,1.0,0.0,0.8,0.0,0.4,0.0,0.0,0.0,0.4,0.0,0.0,25.6,0.0,1.4,0.0,0.4,0.4,0.0,0.2,0.0,9.4,0.4,0.0,0.0,2.0,0.0,0.0,0.0,0.4,0.0,0.8,6.8,0.2,0.0,0.0,0.0,0.0,0.0,0.0,1.2,0.0,0.0,0.0,0.2,0.2,0.0,0.0,0.8,0.2,0.8,0.0,0.0,0.6,0.0,0.0,0.6,0.0,0.0,0.0,0.2,0.8,0.2,0.4,1.2,0.2,0.0,3.6,0.4,0.0,0.4,0.0,2.8,0.0,0.2,6.8,31.8,0.4,0.0,1.4,0.0,0.4,0.0,1.8,0.2,0.0,0.2,4.4,0.0,0.0,0.0,0.2,0.6,0.0,0.0,0.0,0.0,0.2,0.2,0.0,0.4,0.0,0.0,0.2,0.0,0.0,0.0,0.0,0.0,0.0,0.0,2.2,1.2,1.4,0.0,0.0,1.2,0.0,0.2
29,0.0,0.2,0.0,0.0,0.0,0.0,0.0,0.0,0.0,0.0,0.0,0.0,0.0,8.6,0.4,0.0,0.0,0.0,0.0,0.0,0.0,0.4,0.8,8.2,1.2,7.2,0.0,0.0,0.0,2.6,0.0,0.0,0.0,7.4,18.2,0.0,0.6,0.0,0.0,7.6,0.0,0.0,0.0,0.0,6.2,0.0,14.2,0.2,0.4,0.0,0.8,0.0,0.2,0.0,0.0,0.4,0.2,2.0,0.0,3.6,0.0,1.6,1.2,0.0,0.0,0.0,0.0,0.4,0.6,0.4,0.0,0.2,0.0,0.0,0.0,0.0,0.0,0.6,0.2,0.0,67.8,0.4,0.2,0.0,0.0,0.2,2.0,5.8,3.8,0.0,0.0,0.2,0.2,1.4,0.0,0.0,1.4,0.0,0.2,1.0,2.2,0.0,3.2,0.0,4.0,0.0,0.0,0.2,0.2,0.0,0.2,0.0,0.2,0.0,0.0,4.4,10.6,0.4,1.4,0.0,0.6,0.2,0.2,0.0,0.0,7.8,0.8,1.6,158.0,0.0,0.4,0.0,0.0,0.2,0.2,0.0,0.0,0.0,0.2,0.0,0.0,0.2,0.0,0.0,0.0,0.0,0.2,0.4,0.0,0.0,0.0,0.0,0.0,0.4,0.4,0.0,0.0,0.0,0.0,20.4,0.2,0.0,0.8,0.0,0.0,0.0,0.0,0.0,0.2,0.0,0.0,17.2,0.8,1.8,0.0,0.0,0.0,0.2,0.4,0.0,6.6,0.0,0.0,0.0,0.0,0.0,0.2,0.0,0.2,0.0,0.2,5.0,0.4,0.0,0.0,0.0,0.0,0.0,0.0,2.0,0.0,0.0,0.0,0.2,0.2,0.0,0.0,0.2,0.0,1.4,0.0,0.2,0.4,0.0,0.0,0.2,0.0,0.0,0.0,0.0,0.8,0.4,0.2,0.6,0.0,0.0,4.0,0.0,0.4,0.0,0.0,1.2,0.0,0.0,5.8,32.0,0.4,0.0,0.8,0.0,0.4,0.0,0.4,0.8,0.0,0.0,1.8,0.0,0.0,0.0,0.2,3.0,0.4,0.0,0.0,0.0,0.0,0.2,0.0,0.2,0.0,0.0,0.4,0.0,0.0,0.0,0.2,0.0,0.0,0.0,2.4,0.2,2.0,0.4,0.0,1.4,0.4,0.0
30,0.0,1.0,0.0,0.0,0.0,0.0,0.0,0.0,0.0,0.0,0.0,0.0,0.0,10.2,0.0,0.2,0.0,0.2,0.6,0.0,0.0,0.4,1.4,6.0,1.2,5.6,0.0,0.0,0.0,4.8,0.0,0.0,0.0,7.6,24.8,0.0,0.2,0.2,0.0,4.8,0.4,0.0,0.0,0.0,7.8,1.0,3.6,0.0,0.6,0.6,1.2,0.0,0.2,0.0,0.0,0.4,0.0,1.0,0.2,2.0,0.0,3.8,0.2,0.8,0.0,0.0,0.8,1.0,0.2,0.4,0.0,0.4,0.0,0.0,0.0,0.8,0.0,0.2,0.2,0.0,66.8,0.4,0.0,0.0,0.4,0.2,3.0,3.0,3.4,0.2,0.0,0.8,0.8,1.0,0.6,0.2,0.6,0.0,0.0,0.0,2.6,0.0,1.2,0.0,4.6,0.0,0.0,0.6,0.0,0.2,0.0,0.0,0.2,0.2,0.0,5.4,9.8,0.6,1.8,0.0,0.4,0.0,0.4,0.0,0.0,16.2,0.0,0.6,141.0,0.0,0.6,0.0,0.0,0.0,0.2,0.0,0.0,0.0,0.0,0.0,0.0,1.4,0.0,0.0,0.0,0.0,0.0,0.2,0.2,0.0,0.0,0.0,0.0,0.4,1.0,0.0,0.0,0.0,0.0,18.2,0.2,0.0,0.6,0.0,0.2,0.0,0.0,0.0,0.4,0.0,0.0,22.4,0.0,2.2,0.0,0.8,0.2,0.8,0.0,0.0,8.0,0.2,0.0,0.0,0.2,0.0,0.0,0.0,0.2,0.0,0.0,10.0,0.4,0.2,0.0,0.0,0.4,0.0,0.0,1.6,0.0,0.0,0.0,1.0,0.0,0.0,0.0,0.2,0.2,2.8,0.0,0.0,0.0,0.0,0.0,0.2,0.0,0.0,0.2,0.2,2.0,0.6,0.2,0.0,0.0,0.0,3.8,0.0,0.0,0.0,0.0,0.8,0.0,0.0,5.8,23.2,0.6,0.0,2.2,0.0,0.4,0.0,1.8,0.2,0.0,0.2,3.8,0.0,0.0,0.0,0.0,6.2,0.6,0.0,0.0,0.0,0.2,0.0,0.0,1.4,0.0,0.0,0.6,0.0,0.0,0.4,0.0,0.0,0.0,0.0,2.2,0.2,3.6,0.0,0.2,1.4,0.0,0.0
31,0.0,0.8,0.0,0.0,0.0,0.4,0.0,0.0,0.0,0.0,0.0,0.0,0.0,7.8,0.4,0.0,0.0,0.2,0.0,0.0,0.0,0.2,0.6,5.8,1.0,5.6,0.0,0.0,0.0,3.2,0.0,1.4,0.0,4.8,19.0,0.0,0.4,0.0,0.0,5.6,0.2,0.2,0.0,0.0,6.6,1.4,8.0,0.0,1.2,0.6,1.2,0.0,0.4,0.2,0.0,0.4,0.4,0.2,0.0,1.6,0.0,1.6,0.8,1.2,0.0,0.0,0.2,0.4,0.4,0.6,0.0,0.8,0.2,0.0,0.0,0.6,0.0,0.4,0.2,0.0,60.0,0.2,0.0,0.0,0.2,0.6,2.8,2.4,3.2,0.0,0.0,0.8,0.8,1.8,0.4,0.8,0.8,0.0,0.0,0.8,1.6,0.0,0.4,0.0,5.2,0.0,0.0,0.2,0.4,0.4,0.2,0.0,0.0,0.0,0.0,3.8,8.2,1.0,1.4,0.0,0.2,0.0,0.4,0.0,0.0,10.8,0.6,0.4,102.8,0.0,0.0,0.0,0.0,0.2,0.0,0.0,0.0,0.0,0.0,0.0,0.2,0.4,0.0,0.0,0.0,0.0,0.0,1.2,0.0,0.0,0.0,0.0,0.0,0.0,2.0,0.0,0.0,0.0,0.0,12.6,0.6,0.0,0.4,0.0,0.4,0.0,0.0,0.0,1.2,0.0,0.0,15.4,0.2,1.8,0.2,0.2,0.2,0.0,0.0,0.0,6.2,0.0,0.0,0.0,1.0,0.0,0.0,0.0,0.4,0.0,0.2,4.4,0.4,0.0,0.2,0.0,0.4,0.0,0.2,1.4,0.0,0.0,0.0,0.6,0.0,0.0,0.2,0.6,0.0,1.2,0.0,0.2,0.2,0.0,0.0,0.2,0.0,0.0,0.0,0.4,0.6,0.0,0.2,0.4,0.0,0.0,4.6,0.2,0.2,0.0,0.0,1.8,0.0,0.2,5.6,17.8,0.0,0.0,1.0,0.0,0.0,0.0,1.2,0.4,0.0,0.2,2.2,0.0,0.0,0.0,0.0,2.4,0.6,0.0,0.0,0.0,0.0,0.0,0.0,0.6,0.0,0.0,0.8,0.0,0.0,0.0,0.0,0.0,0.0,0.0,1.8,0.0,3.4,0.4,0.0,1.4,0.0,0.0
32,0.0,0.6,0.0,0.0,0.0,0.2,0.2,0.0,0.0,0.0,0.0,0.2,0.0,7.0,1.0,0.0,0.0,0.0,0.0,0.0,0.0,0.2,0.4,3.6,0.2,5.0,0.0,0.2,0.0,3.0,0.0,0.8,0.0,6.2,18.4,0.0,0.8,0.0,0.0,9.6,0.2,0.4,0.0,0.0,6.2,0.6,5.8,0.0,1.2,0.0,0.2,0.0,0.2,0.0,0.0,0.4,0.0,0.6,0.0,2.0,0.0,2.0,0.2,2.0,0.0,0.0,0.4,0.2,0.2,0.0,0.0,0.4,0.0,0.0,0.0,0.4,0.0,0.2,0.0,0.2,50.0,0.2,0.0,0.0,0.2,0.8,3.6,2.2,4.6,0.0,0.0,1.0,1.2,2.0,0.2,0.2,0.6,0.0,0.0,0.2,1.6,0.0,0.6,0.0,4.0,0.0,0.0,0.4,0.0,0.0,0.2,0.0,0.0,0.0,0.0,5.6,6.8,1.0,1.6,0.0,0.2,0.2,0.0,0.0,0.0,11.2,0.6,1.0,133.4,0.0,0.4,0.0,0.0,0.0,0.2,0.0,0.0,0.0,0.0,0.0,0.0,1.0,0.0,0.0,0.0,0.0,0.0,0.2,0.0,0.0,0.0,0.0,0.0,0.0,1.6,0.0,0.0,0.0,0.0,8.6,0.8,0.4,1.0,0.0,0.0,0.2,0.0,0.2,0.2,0.4,0.0,22.2,0.0,2.4,0.0,0.2,1.0,0.2,0.0,0.0,6.8,0.6,0.0,0.0,0.8,0.0,0.0,0.4,0.6,0.0,0.0,9.4,0.2,0.4,0.0,0.0,0.4,0.0,0.0,2.0,0.0,0.0,0.0,0.2,0.0,0.0,0.2,1.0,0.0,1.2,0.0,0.8,0.2,0.0,0.0,0.4,0.0,0.0,0.0,0.0,1.2,0.4,0.2,1.0,0.0,0.0,3.6,0.2,0.2,0.0,0.0,2.2,0.0,0.2,8.0,27.6,1.2,0.0,1.8,0.2,1.8,0.0,0.4,0.2,0.0,0.6,5.0,0.0,0.0,0.0,0.0,4.2,0.0,0.0,0.0,0.0,0.2,0.0,0.0,0.6,0.0,0.0,0.6,0.0,0.0,0.0,0.2,0.0,0.0,0.0,1.8,0.4,1.8,0.2,0.0,1.2,0.0,0.0
33,0.0,0.2,0.0,0.0,0.0,0.0,0.2,0.0,0.0,0.0,0.6,0.0,0.2,7.6,1.4,0.0,0.0,0.6,0.0,0.0,0.0,0.0,0.6,4.6,0.2,4.2,0.0,0.4,0.0,2.4,0.0,0.0,0.0,8.8,16.0,0.0,1.0,0.0,0.0,5.4,0.2,0.0,0.0,0.0,5.2,2.4,9.4,0.0,0.0,0.0,1.2,0.2,0.6,0.0,0.0,0.4,0.0,1.0,0.0,1.6,0.2,3.4,0.4,0.8,0.0,0.0,0.0,0.2,1.2,0.2,0.0,0.0,0.2,0.0,0.0,1.4,0.0,0.0,0.0,0.0,66.2,0.8,0.0,0.0,1.2,0.4,2.8,3.8,4.6,0.0,0.0,1.2,0.6,0.8,0.0,0.0,1.4,0.0,0.0,0.6,2.2,0.0,0.8,0.0,4.6,0.0,0.2,0.4,0.2,0.4,0.0,0.0,0.2,0.0,0.0,4.0,8.2,0.4,1.2,0.0,0.2,0.2,0.0,0.0,0.0,9.2,0.0,0.2,137.4,0.0,0.8,0.2,0.0,0.2,0.4,0.0,0.0,0.0,0.0,0.2,0.0,0.2,0.0,0.0,0.0,0.0,0.0,3.8,0.0,0.2,0.0,0.0,0.0,0.6,1.0,0.0,0.0,0.0,0.0,11.0,0.4,0.0,0.8,0.0,0.2,0.0,0.0,0.0,0.6,0.0,0.0,13.6,0.4,1.6,0.2,0.0,1.4,0.0,0.2,0.0,9.0,0.0,0.0,0.0,0.4,0.0,0.0,0.0,0.4,0.0,0.0,5.0,0.0,0.0,0.0,0.0,0.4,0.0,0.2,2.6,0.0,0.0,0.0,0.0,0.0,0.0,0.0,0.4,0.0,0.4,0.0,0.0,0.2,0.0,0.0,0.2,0.0,0.0,0.0,0.2,2.8,0.0,0.0,0.4,0.8,0.0,3.6,0.0,0.2,0.8,0.0,2.2,0.0,0.0,7.0,22.8,0.0,0.0,2.0,0.0,0.2,0.0,1.4,0.2,0.0,0.2,2.6,0.0,0.0,0.0,0.4,4.6,0.0,0.0,0.0,0.2,0.0,0.0,0.0,0.2,0.0,0.0,0.4,0.0,0.0,0.0,0.2,0.0,0.0,0.0,2.2,0.2,1.4,0.2,0.0,2.0,0.0,0.0
34,0.0,1.4,0.0,0.0,0.0,0.0,0.6,0.0,0.0,0.0,0.2,1.0,0.0,8.6,0.6,0.0,0.0,0.2,0.0,0.0,0.0,0.2,1.2,4.2,1.0,7.0,0.0,0.2,0.2,1.4,0.0,0.0,0.0,6.4,21.8,0.0,1.4,0.0,0.0,5.8,0.2,0.0,0.0,0.0,5.8,1.0,3.0,0.0,0.6,0.2,1.2,0.4,0.6,0.0,0.0,0.2,0.0,0.6,0.0,0.6,0.0,4.2,0.4,1.6,0.0,0.0,0.0,0.4,0.4,0.2,0.0,0.0,0.0,0.0,0.0,1.0,0.0,0.4,0.4,0.0,59.0,0.2,0.0,0.0,0.0,0.4,2.6,4.8,3.4,0.0,0.0,0.6,0.6,2.4,0.4,0.4,0.8,0.0,0.0,0.0,2.8,0.0,1.4,0.0,4.6,0.0,0.2,0.2,0.0,0.2,0.2,0.0,0.0,0.0,0.0,2.4,6.0,0.6,0.2,0.0,0.6,0.4,0.2,0.2,0.0,8.8,0.8,0.4,121.4,0.0,0.4,0.0,0.0,0.0,0.0,0.0,0.0,0.0,0.2,0.0,0.0,0.6,0.0,0.0,0.0,0.0,0.0,1.8,0.0,0.2,0.0,0.0,0.0,0.8,1.4,0.0,0.0,0.0,0.0,9.8,0.6,0.2,0.4,0.0,0.0,0.0,0.0,0.0,0.4,0.2,0.0,18.2,0.2,3.4,0.2,0.2,0.8,0.0,0.0,0.0,8.0,0.0,0.0,0.0,1.0,0.0,0.4,0.2,0.2,0.0,0.0,6.2,0.4,0.0,0.0,0.0,1.0,0.0,0.0,3.0,0.0,0.0,0.0,0.0,0.0,0.0,0.0,0.8,0.0,0.6,0.0,0.0,0.0,0.0,0.0,0.0,0.0,0.0,0.0,0.8,0.8,0.2,0.0,1.2,0.0,0.0,3.8,0.0,0.0,0.0,0.0,2.6,0.0,0.0,7.2,35.2,0.2,0.0,2.2,0.0,0.0,0.0,0.4,0.6,0.0,0.0,3.2,0.0,0.0,0.0,0.2,1.4,0.8,0.0,0.0,0.0,0.0,0.2,0.2,0.4,0.0,0.0,0.0,0.0,0.0,0.0,0.4,0.0,0.0,0.0,1.4,0.4,1.0,0.0,0.2,1.2,0.4,0.0
35,0.0,1.4,0.0,0.0,0.0,0.4,0.2,0.0,0.0,0.0,0.0,0.2,0.0,5.6,0.0,0.0,0.0,0.0,0.0,0.0,0.0,0.0,1.2,3.0,0.2,3.8,0.0,0.2,0.0,1.8,0.0,0.2,0.0,5.6,20.2,0.0,1.6,0.0,0.0,8.6,0.4,0.4,0.0,0.0,7.6,2.4,7.6,0.0,0.0,0.0,0.6,0.0,0.4,0.0,0.0,0.0,0.0,1.0,0.0,1.4,0.0,7.6,0.6,2.4,0.0,0.0,0.6,0.2,1.2,0.2,0.0,0.2,0.2,0.0,0.0,1.4,0.0,0.2,0.0,0.0,50.2,0.2,0.0,0.0,0.2,0.0,2.8,3.4,2.4,0.0,0.0,1.2,1.0,1.6,0.8,0.2,0.8,0.0,0.0,0.0,1.4,0.0,0.4,0.0,3.4,0.0,0.2,0.4,0.8,0.2,0.6,0.0,0.6,0.2,0.0,2.8,6.8,0.6,1.2,0.0,1.0,0.2,0.2,0.0,0.0,9.0,0.0,0.6,108.6,0.0,0.2,0.0,0.0,0.0,0.2,0.0,0.0,0.0,0.2,0.0,0.0,0.6,0.0,0.0,0.0,0.0,0.2,1.4,0.0,0.0,0.0,0.0,0.0,1.6,2.2,0.0,0.0,0.0,0.0,9.8,1.0,0.0,0.4,0.0,0.0,0.0,0.0,0.2,0.6,0.2,0.0,15.4,0.0,4.0,0.0,0.6,0.6,0.0,0.4,0.0,6.6,0.0,0.0,0.0,2.0,0.0,0.2,0.0,0.8,0.0,0.0,5.8,0.6,0.0,0.0,0.0,0.2,0.0,0.0,2.6,0.0,0.0,0.0,0.0,0.0,0.0,0.0,0.6,0.0,1.4,0.0,0.4,0.4,0.0,0.0,0.4,0.0,0.0,0.0,0.0,0.4,0.6,0.0,1.0,0.4,0.0,3.6,0.4,0.0,0.0,0.0,7.0,0.0,0.0,7.6,35.6,0.8,0.0,0.8,0.0,0.0,0.0,1.2,1.0,0.0,1.0,5.6,0.0,0.0,0.0,0.0,1.6,0.8,0.0,0.0,0.0,0.2,0.0,0.0,0.0,0.4,0.0,0.6,0.0,0.0,0.0,0.6,0.2,0.0,0.0,4.2,0.0,2.8,0.0,0.2,1.0,0.0,0.0
36,0.0,1.6,0.0,0.0,0.0,0.0,0.2,0.0,0.0,0.0,0.0,0.0,0.0,7.4,0.6,0.0,0.0,0.0,0.0,0.0,0.0,0.2,1.2,4.4,2.2,3.6,0.0,0.0,0.0,1.4,0.0,0.4,0.0,5.4,28.8,0.0,1.6,0.2,0.0,3.4,0.0,0.2,0.0,0.0,7.2,2.4,4.8,0.0,0.6,0.4,1.4,0.2,0.6,0.0,0.0,0.0,0.0,0.0,0.4,1.2,0.0,4.2,0.2,1.4,0.0,0.0,1.4,0.0,0.6,1.0,0.0,0.6,0.2,0.0,0.0,1.4,0.0,0.2,1.0,0.0,33.2,0.4,0.0,0.0,0.2,0.0,1.0,2.6,1.6,0.0,0.2,1.8,1.6,2.2,0.4,0.0,1.2,0.0,0.0,0.0,1.2,0.2,1.0,0.0,4.2,0.0,0.0,0.2,0.4,0.4,0.0,0.2,0.0,0.4,0.0,4.0,5.8,1.6,0.8,0.2,0.4,0.0,0.2,0.0,0.0,8.6,0.0,0.6,128.0,0.0,0.4,0.0,0.0,0.0,0.2,0.0,0.0,0.0,0.2,0.0,0.0,0.6,0.0,0.0,0.2,0.0,0.2,0.4,0.0,0.0,0.0,0.0,0.0,0.6,1.0,0.0,0.0,0.0,0.0,8.4,0.6,0.0,0.8,0.0,0.0,0.0,0.0,0.0,0.6,0.4,0.0,13.2,0.2,2.0,0.0,0.2,1.8,0.2,0.2,0.0,10.0,0.0,0.0,0.0,1.8,0.0,0.4,0.4,0.2,0.0,0.4,5.0,0.4,0.0,0.0,0.0,0.6,0.0,0.0,1.4,0.2,0.0,0.0,0.0,0.2,0.0,0.0,0.4,0.0,1.6,0.0,0.0,0.2,0.0,0.0,0.4,0.0,0.0,0.0,0.0,2.4,0.6,0.2,1.6,0.0,0.0,2.0,0.2,0.4,0.0,0.0,2.0,0.0,0.2,3.0,31.4,0.8,0.0,2.0,0.0,0.0,0.0,1.8,0.6,0.0,0.6,5.8,0.2,0.0,0.0,0.2,2.4,0.4,0.0,0.0,0.0,0.0,0.0,0.0,0.4,0.2,0.0,0.6,0.0,0.0,0.0,0.8,0.0,0.0,0.0,6.0,0.6,3.2,0.0,0.2,2.0,0.4,0.0
37,0.0,2.6,0.0,0.0,0.0,0.6,0.8,0.0,0.0,0.0,0.0,0.4,0.0,13.0,0.2,0.0,0.0,0.2,0.4,0.0,0.0,0.0,1.4,9.4,1.2,6.0,0.0,0.0,0.0,2.4,0.0,0.8,0.0,8.6,34.8,0.0,1.8,0.4,0.0,8.6,0.2,0.2,0.0,0.0,6.8,2.6,4.8,0.0,0.6,1.4,0.4,0.2,0.8,0.0,0.0,0.0,0.0,0.8,0.0,3.4,0.0,9.6,0.2,1.6,0.0,0.0,1.0,0.2,3.0,0.6,0.0,0.8,0.0,0.0,0.0,1.8,0.0,0.0,1.2,0.0,50.2,0.6,0.0,0.0,0.6,0.8,3.4,5.8,3.6,0.0,0.0,0.6,1.6,2.4,2.0,0.0,1.6,0.0,0.0,0.0,1.8,0.0,0.4,0.0,6.2,0.4,0.2,0.8,0.4,1.0,0.6,0.0,0.0,0.4,0.0,6.6,9.2,1.4,1.6,0.0,1.0,0.4,0.0,0.0,0.0,11.2,0.0,0.8,167.4,0.0,1.0,0.0,0.0,0.0,0.6,0.0,0.0,0.0,0.4,0.0,0.2,1.0,0.0,0.0,0.4,0.0,0.2,2.6,0.0,0.2,0.0,0.0,0.0,1.2,2.6,0.0,0.0,0.0,0.0,11.4,2.4,1.2,1.6,0.0,0.4,0.0,0.0,0.4,0.2,0.0,0.0,24.6,0.2,2.6,0.0,0.8,0.0,0.2,0.4,0.0,10.4,0.6,0.0,0.0,3.0,0.0,0.6,0.2,0.4,0.0,0.2,6.0,1.6,0.0,0.0,0.0,0.2,0.0,0.6,6.4,0.0,0.0,0.0,0.4,0.0,0.0,0.2,1.4,0.2,2.2,0.0,0.8,0.0,0.0,0.0,0.0,0.0,0.0,0.2,0.8,1.6,2.4,0.2,2.8,0.2,0.0,3.0,0.8,0.0,0.4,0.0,5.6,0.0,1.0,8.8,36.0,0.8,0.0,2.6,0.0,0.4,0.0,1.2,0.4,0.0,0.4,6.6,0.0,0.0,0.0,0.2,3.4,1.4,0.0,0.0,0.0,0.2,0.0,0.2,0.6,0.2,0.0,0.4,0.0,0.0,0.0,0.4,0.2,0.4,0.0,3.6,0.0,3.2,0.2,0.0,2.8,0.6,0.0
38,0.0,3.0,0.0,0.0,0.0,0.6,0.6,0.0,0.0,0.0,0.6,0.2,0.0,9.6,0.0,0.0,0.0,0.0,0.0,0.0,0.0,0.0,1.4,5.0,1.0,5.6,0.0,0.0,0.0,1.0,0.0,0.4,0.2,6.6,28.4,0.0,2.0,0.0,0.0,9.2,0.0,1.8,0.0,0.0,10.8,3.0,6.8,0.0,1.0,0.6,0.4,0.0,1.2,0.0,0.0,0.2,0.4,2.6,0.2,9.0,0.0,3.4,0.2,2.8,0.0,0.0,2.6,0.0,1.6,0.4,0.0,1.0,0.6,0.0,0.0,1.0,0.0,0.2,0.2,0.0,59.4,1.0,0.0,0.0,0.2,0.0,3.8,4.4,4.0,0.2,0.0,0.8,1.8,2.4,1.2,0.4,1.6,0.0,0.0,0.6,3.6,0.0,0.4,0.0,5.6,0.0,0.4,0.6,0.4,2.0,0.4,0.2,0.2,0.0,0.0,13.0,10.6,1.4,2.2,0.0,1.2,0.0,0.0,0.0,0.0,9.6,0.2,0.6,174.2,0.0,0.2,0.0,0.0,0.0,0.2,0.0,0.2,0.0,0.4,0.0,0.0,0.4,0.0,0.0,0.0,0.0,0.0,1.2,0.0,0.0,0.0,0.0,0.0,1.2,2.0,0.0,0.2,0.0,0.0,14.6,0.6,0.0,0.6,0.0,0.0,0.0,0.0,0.0,0.8,0.2,0.0,27.2,1.2,3.6,0.0,1.4,1.2,0.0,0.0,0.0,8.6,0.2,0.0,0.0,1.6,0.0,0.0,0.0,0.4,0.0,0.2,6.8,1.2,0.0,0.0,0.6,0.4,0.0,1.0,3.0,0.0,0.0,0.0,0.4,0.0,0.0,0.0,1.2,0.4,1.8,0.0,0.2,0.4,0.0,0.0,1.0,0.0,0.0,0.4,0.6,1.6,0.6,0.0,1.2,0.2,0.0,4.8,1.2,0.4,0.6,0.0,8.8,0.0,0.2,6.2,34.4,0.6,0.0,2.4,0.0,0.8,0.0,1.4,1.4,0.0,0.0,7.0,0.0,0.0,0.0,0.2,2.4,1.4,0.0,0.0,0.0,0.0,0.0,0.0,0.2,0.6,0.0,0.0,0.0,0.0,0.2,0.6,0.0,0.0,0.0,4.8,0.2,5.4,0.2,0.0,2.2,2.0,0.2
39,0.0,0.8,0.0,0.0,0.0,0.4,1.6,0.0,0.0,0.0,0.2,0.0,0.8,15.4,0.6,0.0,0.0,0.4,0.0,0.0,0.0,0.0,1.6,6.4,1.4,7.4,0.0,0.0,0.0,6.2,0.0,0.6,0.0,10.8,42.2,0.0,2.4,0.6,0.0,7.4,0.0,0.6,0.0,0.0,13.2,2.2,11.8,0.2,0.4,0.6,1.8,0.0,2.2,0.0,0.0,1.0,0.2,1.6,0.0,5.2,0.0,6.8,0.8,1.0,0.0,0.0,1.2,0.2,2.0,0.8,0.0,0.0,1.6,0.0,0.0,1.0,0.0,0.8,0.6,0.4,52.2,1.0,0.0,0.0,0.6,0.4,5.4,3.0,4.0,0.0,0.0,1.6,0.4,3.0,0.8,0.2,0.6,0.0,0.0,0.8,5.0,0.0,0.0,0.0,8.8,0.4,0.2,0.6,0.4,1.0,1.0,0.2,1.0,0.0,0.0,15.6,12.8,2.0,2.2,0.0,0.8,0.4,0.0,0.0,0.0,10.6,0.0,1.8,212.2,0.0,0.6,0.0,0.0,0.0,0.6,0.0,0.0,0.0,0.4,0.0,0.0,1.0,0.0,0.4,0.0,0.0,0.0,3.0,0.0,0.0,0.0,0.0,0.0,1.2,1.2,0.0,0.0,0.0,0.0,17.0,3.6,0.6,2.0,0.0,0.0,0.0,0.0,0.4,0.8,0.2,0.0,24.8,0.6,4.8,0.0,1.6,0.8,0.4,0.6,0.0,11.4,0.0,0.0,0.0,2.2,0.0,1.8,0.6,0.6,0.0,0.4,7.4,0.6,0.2,0.0,0.4,0.4,0.0,0.6,5.2,0.0,0.0,0.0,0.0,0.0,0.0,0.0,0.2,0.0,2.8,0.0,0.4,0.2,0.0,0.0,0.0,0.0,0.0,0.0,1.0,1.8,1.6,0.6,1.8,0.8,0.0,3.2,1.0,0.6,0.0,0.0,3.2,0.0,0.4,11.6,38.0,0.8,0.0,2.8,0.0,0.4,0.0,1.4,0.8,0.0,1.0,10.4,0.2,0.0,0.0,1.0,3.0,1.4,0.0,0.0,0.0,0.2,0.4,0.2,0.6,0.0,0.0,1.0,0.0,0.0,0.8,1.2,0.4,0.4,0.0,5.2,0.6,7.6,0.0,0.0,2.4,0.4,0.0
40,0.0,1.2,0.0,0.2,0.0,0.0,0.8,0.0,0.0,0.0,0.2,0.0,0.2,12.4,0.2,0.0,0.0,0.8,0.4,0.0,0.0,0.0,2.6,11.0,0.2,10.0,0.0,0.2,0.2,1.0,0.0,0.2,0.0,8.4,37.0,0.0,4.0,0.8,0.0,14.2,0.2,0.2,0.0,0.0,15.0,1.4,7.4,0.2,2.8,1.0,0.4,0.0,0.4,0.0,0.0,0.4,0.2,1.2,0.4,2.0,0.0,11.2,0.2,1.8,0.2,0.0,1.6,0.2,1.0,0.8,0.0,0.6,0.6,0.0,0.0,1.6,0.0,0.4,1.0,0.4,53.2,1.2,0.0,0.0,0.2,0.4,3.2,4.0,2.4,0.0,0.2,1.2,2.0,2.6,1.6,1.6,2.0,0.0,0.4,1.6,1.8,0.0,0.2,0.0,8.4,0.0,0.2,2.0,0.0,1.6,0.0,0.0,0.2,0.2,0.0,6.4,14.2,3.0,3.4,0.0,1.4,0.0,0.4,0.0,0.0,12.4,0.0,0.8,197.8,0.0,1.0,0.0,0.0,0.0,0.6,0.0,0.0,0.2,0.0,0.0,0.0,0.4,0.0,0.8,0.0,0.0,0.0,0.8,0.4,0.0,0.0,0.0,0.0,0.2,5.0,0.0,0.0,0.0,0.0,15.6,1.6,0.0,1.0,0.0,0.6,0.0,0.0,0.0,0.8,0.0,0.0,21.2,0.6,3.4,0.0,1.8,1.4,0.2,0.6,0.0,6.8,0.6,0.0,0.0,1.4,0.0,0.0,0.2,0.4,0.0,0.4,11.6,2.0,0.0,0.0,0.2,0.8,0.0,0.0,3.2,0.0,0.2,0.0,0.4,0.0,0.0,0.2,0.6,0.6,2.4,0.0,0.0,0.0,0.0,0.0,0.0,0.0,0.0,0.0,0.6,1.2,1.6,0.6,1.8,0.2,0.0,3.8,0.8,0.0,0.6,0.0,8.8,0.0,0.6,8.8,43.2,1.2,0.0,4.2,0.0,0.8,0.0,2.6,1.4,0.0,0.0,10.4,0.0,0.0,0.0,0.2,3.0,1.0,0.0,0.0,0.0,0.2,0.2,0.0,0.2,0.4,0.0,1.4,0.0,0.0,0.2,0.4,0.0,0.0,0.0,7.2,1.0,6.0,0.4,0.0,2.2,1.0,0.0
41,0.0,2.4,0.0,0.0,0.0,0.4,0.4,0.0,0.0,0.0,0.0,0.4,0.2,15.0,0.2,0.0,0.0,0.0,0.0,0.0,0.0,0.0,1.8,10.4,0.0,6.8,0.0,0.4,0.0,3.2,0.0,0.8,0.0,6.4,29.4,0.0,1.6,0.2,0.0,6.8,0.0,0.4,0.0,0.0,10.2,2.2,13.8,0.2,0.4,1.4,1.6,0.0,1.6,0.0,0.0,0.8,0.4,1.4,0.0,1.4,0.0,6.8,1.0,1.6,0.2,0.0,0.4,0.0,1.4,0.2,0.0,1.0,0.2,0.0,0.0,1.2,0.0,0.4,0.6,0.0,41.4,0.8,0.0,0.0,0.8,0.0,3.2,3.0,3.6,0.0,0.2,0.8,2.2,2.0,1.8,0.8,0.6,0.0,0.0,0.8,1.2,0.0,0.8,0.0,4.4,0.0,0.0,0.4,1.6,1.0,0.0,0.0,0.2,0.2,0.0,8.0,14.0,1.6,1.8,0.2,1.0,0.0,0.2,0.0,0.0,15.6,0.0,2.2,142.2,0.0,0.8,0.6,0.0,0.0,0.4,0.2,0.0,0.0,0.0,0.0,0.0,0.4,0.0,0.0,0.0,0.0,0.0,3.4,0.2,0.0,0.0,0.0,0.0,1.0,2.2,0.0,0.0,0.0,0.0,15.0,2.8,0.8,1.0,0.0,0.6,0.0,0.0,0.2,1.4,0.0,0.0,18.8,0.6,7.6,0.0,1.0,0.8,0.0,0.2,0.0,7.4,1.2,0.0,0.0,2.2,0.0,0.0,0.4,0.2,0.0,0.2,5.4,2.0,0.0,0.0,0.4,0.4,0.0,0.8,7.6,0.0,0.0,0.0,0.8,0.0,0.0,0.0,0.8,0.2,2.0,0.0,0.6,1.4,0.0,0.0,0.4,0.0,0.0,0.2,0.6,1.2,1.8,0.0,3.4,0.6,0.0,3.8,0.6,0.2,0.4,0.0,8.8,0.0,2.6,6.4,35.2,0.8,0.0,1.0,0.0,0.0,0.0,3.6,0.4,0.0,0.8,8.2,0.0,0.0,0.0,0.8,2.4,1.4,0.0,0.0,0.0,0.6,0.0,0.2,0.6,0.0,0.0,1.0,0.0,0.0,0.2,0.8,0.0,0.2,0.0,5.2,0.6,6.8,0.0,0.6,4.0,0.4,0.0
42,0.0,2.0,0.0,0.0,0.0,0.4,0.2,0.0,0.0,0.0,0.0,0.6,0.0,16.2,0.6,0.0,0.0,0.2,0.4,0.0,0.0,0.0,2.4,7.4,0.2,9.2,0.0,0.2,1.0,3.8,0.0,0.2,0.0,11.8,45.8,0.0,2.4,0.6,0.0,10.8,0.0,0.6,0.0,0.0,12.6,1.2,7.0,0.2,1.0,1.6,1.0,0.0,1.0,0.0,0.0,0.0,0.0,1.2,0.0,7.0,0.0,10.6,0.4,1.2,0.0,0.2,0.6,0.0,1.2,0.4,0.0,1.6,0.2,0.0,0.0,0.8,0.0,0.2,1.6,0.8,84.0,1.0,0.0,0.0,0.4,0.0,5.2,5.6,4.4,0.0,0.6,1.4,1.8,2.6,1.2,0.4,1.0,0.0,0.0,0.8,2.6,0.0,0.8,0.0,9.6,0.0,0.2,0.8,0.6,0.6,0.2,0.0,1.0,0.0,0.0,5.8,11.0,1.8,3.0,0.0,1.8,0.4,0.2,0.0,0.0,14.6,0.0,4.2,216.2,0.2,0.4,0.0,0.0,0.0,0.4,0.0,0.0,0.0,0.4,0.0,0.2,2.0,0.0,0.2,0.0,0.0,0.0,3.8,0.2,0.4,0.0,0.0,0.0,0.6,2.2,0.0,0.0,0.0,0.0,16.8,1.6,0.0,1.2,0.0,0.2,0.0,0.0,0.2,0.0,0.2,0.0,24.2,0.2,6.6,0.0,1.8,1.4,0.2,0.0,0.0,10.4,1.0,0.0,0.0,2.6,0.0,0.2,1.0,0.8,0.0,0.4,6.6,2.0,0.0,0.0,0.0,0.8,0.0,0.2,4.8,0.0,0.0,0.0,1.2,0.0,0.0,0.0,0.6,0.0,1.8,0.0,0.0,0.4,0.0,0.0,0.4,0.0,0.0,0.0,1.0,1.2,2.0,1.0,3.2,1.2,0.0,3.0,0.2,0.4,0.2,0.0,6.2,0.0,0.6,8.8,31.6,2.0,0.0,2.8,0.0,0.8,0.0,2.4,0.4,0.0,0.8,6.4,0.0,0.0,0.0,0.2,2.8,1.6,0.0,0.0,0.0,0.0,0.0,0.2,0.6,0.0,0.0,1.2,0.0,0.0,0.0,1.0,0.0,0.2,0.0,6.0,0.6,4.0,0.2,0.6,3.6,0.0,0.2
43,0.0,1.6,0.0,0.0,0.0,0.0,1.2,0.0,0.0,0.0,0.2,0.6,0.2,21.6,0.2,0.0,0.4,0.0,0.4,0.0,0.0,0.0,3.6,10.2,0.6,10.8,0.0,0.0,0.8,4.0,0.0,0.2,0.0,8.2,59.0,0.0,3.2,0.0,0.0,13.2,0.0,0.6,0.0,0.0,10.0,3.4,13.0,0.2,0.2,1.0,1.6,0.2,1.2,0.0,0.0,0.6,0.2,1.0,0.0,7.0,0.0,13.2,1.0,0.6,0.4,0.0,0.4,0.0,2.2,1.4,0.0,1.0,0.2,0.0,0.0,1.6,0.0,0.6,0.4,1.0,68.0,2.6,0.0,0.2,1.2,0.4,4.4,8.4,3.4,0.0,0.4,1.4,1.8,2.8,1.2,0.0,2.0,0.0,0.0,0.8,3.0,0.0,0.6,0.0,8.0,0.0,0.0,1.0,0.6,0.2,0.8,0.0,1.2,0.4,0.0,7.4,16.4,4.2,3.4,0.0,1.4,0.2,1.0,0.0,0.0,18.4,0.0,2.8,261.0,0.0,0.4,0.4,0.0,0.0,0.4,0.0,0.0,0.0,0.0,0.0,0.2,1.6,0.0,0.0,0.0,0.0,0.0,3.2,0.2,0.4,0.0,0.0,0.0,1.2,5.2,0.0,0.0,0.0,0.0,11.0,2.6,0.6,0.8,0.0,1.0,0.0,0.0,0.6,0.8,0.4,0.0,26.0,0.6,6.2,0.0,0.4,0.8,0.0,0.2,0.0,11.0,1.6,0.0,0.0,3.8,0.0,0.0,0.0,0.8,0.0,0.2,10.8,1.2,0.0,0.0,0.2,0.2,0.0,0.4,7.0,0.2,0.0,0.0,0.8,0.4,0.0,0.0,1.4,0.0,2.6,0.0,0.2,0.2,0.0,0.2,0.6,0.2,0.0,0.0,1.6,1.8,2.6,0.2,4.4,0.8,0.0,7.4,1.6,0.6,0.0,0.0,11.6,0.0,1.8,8.2,46.4,0.4,0.0,4.0,0.0,0.6,0.0,2.8,1.2,0.0,0.4,7.2,0.0,0.0,0.0,1.2,3.2,1.8,0.0,0.0,0.0,0.4,0.0,0.2,1.8,0.2,0.0,0.8,0.0,0.0,0.0,1.0,0.0,0.0,0.0,8.4,1.2,5.0,1.0,0.8,3.6,0.4,0.0
44,0.0,3.8,0.0,0.0,0.0,0.6,1.4,0.0,0.0,0.0,0.4,1.0,0.0,18.4,0.2,0.0,0.0,0.8,0.0,0.0,0.0,0.0,4.4,20.6,0.4,13.6,0.0,0.4,0.4,6.8,0.0,0.0,0.0,13.6,61.6,0.0,2.2,0.4,0.0,8.0,0.0,0.8,0.0,0.0,13.4,1.8,17.0,0.2,1.6,1.8,1.8,0.0,1.0,0.0,0.0,0.4,0.4,1.2,0.4,25.4,0.0,6.0,0.8,2.0,0.2,0.0,1.8,0.0,2.2,1.8,0.0,0.8,0.4,0.0,0.0,1.0,0.0,0.0,0.4,0.8,46.0,2.0,0.0,0.0,0.4,0.0,7.8,6.0,0.6,0.0,0.4,0.8,1.4,2.2,2.2,0.4,2.2,0.0,0.0,2.2,3.6,0.0,1.4,0.0,9.6,0.0,0.8,0.8,1.4,0.2,0.4,0.0,1.2,0.2,0.0,10.2,18.4,2.0,3.6,0.0,2.2,0.0,1.0,0.0,0.0,17.2,0.2,3.6,193.4,0.0,0.0,0.2,0.0,0.0,0.0,0.0,0.0,0.0,0.0,0.0,0.0,1.2,0.0,0.0,0.0,0.0,0.0,3.0,1.0,0.0,0.0,0.0,0.0,2.2,2.6,0.0,0.0,0.0,0.0,17.0,2.6,1.8,1.0,0.0,1.4,0.0,0.0,1.0,0.6,0.8,0.0,30.2,0.2,5.4,0.0,0.8,0.2,0.6,0.0,0.0,7.8,2.2,0.0,0.0,2.4,0.0,0.8,1.2,1.0,0.0,0.0,7.0,2.6,0.0,0.0,0.0,0.6,0.0,0.2,8.8,0.0,0.0,0.0,2.4,0.2,0.0,0.0,0.6,0.4,1.4,0.0,0.0,1.0,0.0,0.0,0.0,0.2,0.0,0.0,0.8,1.6,3.2,1.0,1.6,2.0,0.0,7.2,0.6,0.2,1.2,0.0,3.2,0.0,3.4,5.4,38.0,0.8,0.0,3.2,0.0,0.4,0.0,2.8,1.0,0.0,0.6,10.0,0.0,0.0,0.0,0.2,3.2,1.4,0.0,0.0,0.0,0.0,0.8,0.0,1.0,0.6,0.0,1.8,0.0,0.0,0.0,1.2,0.0,0.0,0.0,8.6,1.2,8.0,0.4,1.0,2.8,1.4,0.0
45,0.0,2.4,0.0,0.0,0.0,0.6,0.2,0.0,0.0,0.0,0.0,1.0,0.0,17.4,0.2,0.0,0.0,1.0,0.0,0.0,0.0,0.2,4.0,21.2,0.4,9.4,0.0,0.4,0.6,5.6,0.0,0.6,0.0,14.6,48.6,0.0,3.4,0.2,0.0,9.2,0.0,0.8,0.0,0.0,11.0,3.8,23.8,0.0,1.6,0.4,0.2,0.0,1.8,0.0,0.0,0.6,1.6,1.6,0.0,39.0,0.0,5.0,0.8,6.4,0.8,0.0,1.2,0.2,3.4,1.2,0.2,0.6,0.2,0.0,0.2,1.2,0.0,0.6,0.6,1.2,70.8,8.4,0.2,0.0,1.6,0.2,5.0,10.6,2.2,0.0,0.8,2.0,1.4,1.6,2.2,0.4,1.4,0.0,0.2,1.4,4.0,0.0,1.2,0.0,8.0,0.0,0.0,0.2,1.6,0.8,0.4,0.0,4.4,0.2,0.0,33.4,16.0,2.0,4.0,0.0,3.6,0.2,0.4,0.0,0.0,21.0,0.2,2.6,233.8,0.0,1.0,0.4,0.0,0.0,1.4,0.0,0.0,0.0,0.4,0.0,0.6,1.4,0.0,0.0,0.0,0.0,0.0,3.8,0.2,0.2,0.0,0.0,0.0,12.0,1.6,0.0,0.0,0.2,0.0,26.2,4.0,1.6,0.6,0.0,0.6,0.0,0.0,1.2,0.8,0.2,0.0,26.4,0.4,12.0,0.2,2.2,0.4,0.6,0.0,0.0,12.6,5.0,0.0,0.0,4.2,0.0,0.2,0.2,0.8,0.0,0.8,17.6,3.4,0.0,0.0,0.4,0.2,0.2,0.4,4.0,0.0,0.0,0.0,0.6,0.6,0.0,0.0,1.2,0.4,2.4,0.0,0.4,1.2,0.0,0.0,1.0,0.0,0.0,0.0,0.6,3.4,4.2,0.4,4.6,1.2,0.0,6.4,2.6,1.0,0.4,0.0,8.0,0.0,3.0,8.2,33.2,2.0,0.0,5.8,0.0,1.6,0.0,3.4,0.8,0.0,1.0,9.8,0.2,0.0,0.0,0.4,4.2,2.2,0.0,0.0,0.0,0.2,0.6,0.2,1.4,4.6,0.0,1.8,0.0,0.0,0.0,0.2,0.0,0.8,0.0,11.8,1.0,8.4,0.6,0.6,3.0,2.0,0.2
46,0.0,1.6,0.0,0.0,0.0,0.6,0.2,0.0,0.0,0.0,0.6,1.0,0.4,14.8,0.2,0.0,0.0,0.2,0.6,0.0,0.0,0.0,5.2,12.0,0.0,7.0,0.0,0.4,0.2,4.6,0.0,1.2,0.0,17.0,39.0,0.0,2.8,0.4,0.0,5.4,0.2,0.2,0.0,0.0,11.6,3.0,6.2,0.0,0.2,1.8,1.4,0.4,2.6,0.0,0.0,0.6,0.4,1.2,0.2,18.0,0.2,4.6,1.0,1.2,0.0,0.0,1.6,0.0,1.4,2.0,0.0,0.2,1.2,0.0,0.0,0.8,0.0,0.0,2.2,1.0,40.2,0.8,0.0,0.0,0.6,0.2,7.0,5.8,3.6,0.0,0.4,2.8,2.4,3.2,2.2,0.2,2.8,0.0,0.0,1.6,4.0,0.0,1.0,0.0,9.0,0.4,0.8,0.6,0.8,0.8,1.0,0.2,1.0,0.2,0.0,13.4,10.8,5.2,5.2,0.0,1.4,0.0,0.8,0.2,0.0,23.4,1.4,3.2,335.4,0.0,1.6,0.2,0.0,0.0,1.0,0.0,0.0,0.0,1.2,0.2,0.2,1.2,0.0,0.0,0.0,0.0,0.0,4.0,0.2,0.2,0.0,0.0,0.0,1.2,3.6,0.0,0.0,0.0,0.0,17.0,3.4,0.0,2.6,0.0,0.6,0.0,0.0,0.4,2.8,0.6,0.0,27.2,1.4,5.8,0.0,1.2,0.8,0.6,0.0,0.0,7.4,2.4,0.2,0.0,4.8,0.0,1.0,0.4,0.8,0.0,0.6,9.2,3.8,0.2,0.0,0.2,0.6,0.0,0.2,4.0,0.0,0.0,0.0,3.2,0.2,0.0,0.0,2.4,0.4,4.2,0.0,1.0,1.0,0.0,0.0,0.4,0.0,0.0,1.0,1.6,0.8,3.0,0.2,4.8,0.2,0.0,5.6,0.6,0.2,0.4,0.0,3.6,0.0,4.8,7.2,29.0,1.2,0.0,6.6,0.0,1.0,0.0,4.0,0.6,0.0,1.2,8.8,0.0,0.0,0.0,0.6,6.8,1.8,0.0,0.0,0.0,1.2,0.6,0.0,1.4,2.4,0.0,4.8,0.0,0.0,0.0,0.4,0.0,0.8,0.0,7.0,0.6,9.2,1.0,1.4,4.2,0.4,0.0
47,0.0,2.6,0.0,0.0,0.0,0.2,1.8,0.0,0.0,0.0,0.6,0.4,0.0,20.8,0.4,0.0,0.0,0.6,0.8,0.0,0.0,0.0,6.4,18.6,0.4,17.2,0.0,0.0,0.6,4.2,0.0,1.0,0.2,18.8,45.0,0.0,2.0,1.8,0.0,17.0,0.2,0.6,0.0,0.0,13.8,3.4,16.2,0.0,1.4,0.8,1.0,0.0,2.2,0.0,0.0,0.8,0.2,1.0,0.0,16.6,0.0,9.6,1.6,1.6,0.4,0.0,3.6,0.0,3.8,1.2,0.0,1.8,0.2,0.0,0.0,0.4,0.0,1.4,2.6,2.6,73.2,2.0,0.0,0.2,0.6,0.4,5.4,10.0,4.4,0.0,0.6,3.6,2.0,4.8,2.4,0.8,3.0,0.0,0.0,0.6,3.4,0.0,1.2,0.0,13.8,0.0,0.4,0.2,1.4,0.8,2.2,0.0,0.6,1.4,0.0,9.8,18.2,4.2,6.4,0.2,2.2,0.2,0.6,0.0,0.0,28.6,1.4,2.6,356.6,0.0,0.4,0.2,0.0,0.0,0.6,0.0,0.0,0.0,1.0,0.0,0.6,0.2,0.0,0.2,0.0,0.0,0.0,7.0,0.0,0.8,0.0,0.0,0.0,5.2,3.0,0.0,0.0,0.0,0.0,15.4,5.2,1.6,4.8,0.0,1.2,0.0,0.0,6.8,2.0,0.6,0.0,28.4,0.4,7.8,0.0,1.4,1.6,1.2,0.0,0.0,15.6,1.2,0.4,0.0,7.4,0.0,2.2,2.0,1.8,0.0,1.2,13.0,4.6,0.0,0.0,0.4,0.2,0.0,0.4,7.2,0.4,0.0,0.0,0.8,0.4,0.0,0.0,5.6,1.2,2.8,0.0,0.2,1.8,0.0,0.0,1.6,0.0,0.0,0.0,2.0,2.8,4.0,1.0,1.6,0.8,0.0,7.4,1.4,0.8,0.4,0.0,3.4,0.0,4.2,7.6,45.6,2.4,0.0,6.6,0.0,2.0,0.0,5.4,2.4,0.0,2.2,4.8,0.2,0.2,0.0,0.6,6.2,3.4,0.0,0.0,0.0,0.2,0.4,0.0,1.6,0.6,0.0,3.0,0.0,0.0,0.0,1.4,0.0,0.2,0.0,8.6,1.4,11.8,0.8,0.6,6.0,0.8,0.4
48,0.0,7.4,0.0,0.0,0.0,0.4,0.4,0.2,0.0,0.0,0.6,1.4,0.0,23.2,2.8,0.0,0.0,0.2,0.4,0.0,0.0,0.0,3.8,28.2,1.0,17.6,0.0,0.0,1.0,5.2,0.0,0.6,0.2,23.0,58.4,0.0,3.4,0.4,0.0,16.6,0.2,0.8,0.0,0.0,10.8,2.6,17.0,0.0,2.6,1.8,1.0,0.0,2.4,0.0,0.0,1.4,0.4,2.4,0.4,13.0,0.0,29.8,1.6,2.2,0.8,0.0,0.2,0.8,3.8,2.0,0.0,2.2,0.2,0.0,0.0,1.4,0.0,0.4,1.6,2.0,78.4,1.0,0.0,0.0,1.2,0.6,7.2,10.2,5.0,0.4,1.2,3.8,2.2,3.6,0.8,2.4,3.0,0.0,0.0,2.0,2.6,0.0,0.8,0.0,13.6,0.4,1.0,0.2,1.2,0.6,0.4,0.0,1.8,0.4,0.0,9.2,24.8,5.0,7.2,0.0,1.2,0.6,0.4,0.0,0.2,31.6,0.6,4.6,417.6,0.0,1.6,0.6,0.0,0.0,0.2,0.0,0.0,0.0,1.2,0.0,0.4,1.0,0.0,0.2,0.0,0.0,0.0,5.2,0.4,0.0,0.0,0.0,0.0,2.0,5.6,0.0,0.0,0.0,0.0,33.2,4.4,1.0,1.8,0.0,0.4,0.2,0.0,0.4,0.8,1.0,0.0,29.2,0.8,10.6,0.0,0.6,1.0,1.0,0.4,0.0,18.6,2.2,0.0,0.0,3.0,0.0,0.6,0.6,0.8,0.2,1.0,18.4,5.8,0.0,0.0,0.4,0.0,0.0,0.2,11.6,0.0,0.0,0.2,3.2,0.0,0.0,0.0,1.2,0.4,3.2,0.4,0.0,1.8,0.0,0.0,0.6,0.2,0.0,0.2,1.8,4.8,4.6,0.6,7.8,1.0,0.0,7.0,1.4,0.4,0.4,0.0,7.0,0.0,4.2,8.8,82.6,1.6,0.0,4.0,0.0,0.8,0.0,4.0,2.6,0.0,1.8,11.8,0.0,0.4,0.2,0.6,5.8,1.2,0.0,0.0,0.0,1.0,0.2,0.2,3.8,1.2,0.0,1.8,0.0,0.0,0.2,0.4,0.0,0.8,0.0,16.4,1.0,18.0,1.8,0.8,5.6,0.8,0.2
49,0.0,6.8,0.0,0.0,0.0,0.8,0.8,0.0,0.0,0.0,0.6,1.4,0.4,30.6,2.0,0.0,1.6,1.0,1.2,0.0,0.0,0.0,6.4,28.6,1.4,24.4,0.0,0.6,0.8,4.0,0.0,1.0,0.6,24.8,89.8,0.0,3.2,0.6,0.0,27.6,0.4,1.0,0.0,0.0,28.8,5.2,30.0,0.0,1.6,2.0,3.2,0.2,5.2,0.0,0.0,0.8,0.6,3.6,0.0,15.6,0.0,28.0,1.6,1.8,0.4,0.0,4.6,0.4,3.0,2.2,0.0,2.4,0.2,0.0,0.0,1.2,0.0,1.2,2.4,1.2,105.2,1.8,0.2,0.0,0.0,0.4,7.4,14.6,7.0,0.2,1.0,5.0,3.6,7.6,2.4,1.0,4.2,0.0,0.4,2.6,4.2,0.0,0.8,0.2,22.2,0.0,0.6,1.8,1.2,0.6,1.0,0.0,1.6,0.4,0.0,14.8,25.2,3.4,6.4,0.0,1.6,1.0,1.8,0.0,0.2,35.0,0.2,4.2,449.6,0.0,0.8,0.2,0.0,0.0,0.4,0.0,0.0,0.0,0.6,0.0,0.6,3.0,0.0,0.0,0.0,0.0,0.0,8.8,0.4,0.8,0.0,0.0,0.2,2.8,8.4,0.0,0.0,0.0,0.0,37.2,4.4,2.4,2.0,0.0,1.2,0.6,0.0,1.6,1.4,0.4,0.0,43.4,1.4,12.0,0.0,3.0,2.2,0.6,0.0,0.0,21.0,3.2,0.0,0.0,3.4,0.0,2.2,1.0,0.4,0.0,0.6,17.6,5.4,0.0,0.0,0.0,1.2,0.0,1.4,9.6,0.6,0.0,0.0,0.8,0.4,0.0,0.4,2.8,0.4,0.8,0.0,1.4,0.8,0.0,0.0,0.4,0.4,0.0,0.0,1.6,3.0,5.0,1.8,10.6,1.8,0.0,8.2,1.4,1.2,0.8,0.0,8.4,0.0,7.2,8.0,94.0,2.6,0.0,5.4,0.0,1.0,0.0,7.6,4.0,0.0,2.2,16.0,0.0,0.2,0.0,0.2,5.2,4.6,0.0,0.0,0.0,0.4,1.2,0.0,3.6,0.2,0.0,2.0,0.0,0.0,0.4,1.6,0.2,0.0,0.0,17.6,2.0,12.0,0.8,0.6,5.0,0.0,1.0
50,0.0,6.8,0.0,0.0,0.0,0.8,0.4,0.0,0.2,0.0,0.6,0.0,0.2,31.0,2.0,0.4,0.0,0.0,0.0,0.0,0.0,0.0,9.6,26.0,1.2,17.6,0.0,0.2,0.6,4.0,0.0,0.8,0.0,25.8,111.8,0.0,3.8,0.6,0.0,17.2,0.6,0.6,0.0,0.0,42.0,4.0,14.4,0.2,3.6,1.0,1.2,0.2,5.8,0.0,0.0,1.0,0.6,3.6,0.2,21.2,0.0,32.0,1.6,1.8,0.6,0.0,4.0,1.0,2.0,1.2,0.0,1.4,0.2,0.2,0.0,0.6,0.0,0.6,1.2,1.4,102.8,2.4,0.0,0.0,1.4,0.2,5.8,11.8,6.2,0.0,0.4,3.6,4.0,8.2,2.6,1.4,5.0,0.0,0.2,3.0,3.4,0.0,1.0,0.0,20.0,0.0,2.4,1.2,0.8,1.8,0.8,0.0,1.6,0.4,0.0,11.2,22.6,5.0,6.2,0.0,3.0,0.6,1.0,0.0,0.4,31.4,0.0,5.0,416.2,0.0,0.8,0.8,0.0,0.0,0.8,0.2,0.0,0.0,1.6,0.0,1.0,3.6,0.0,0.6,0.0,0.0,0.0,7.4,0.2,0.6,0.0,0.0,0.0,3.0,5.8,0.0,0.0,0.0,0.0,35.2,5.0,1.0,2.0,0.0,0.2,0.0,0.0,0.8,1.6,1.2,0.0,46.8,1.8,10.8,0.0,1.6,0.8,0.4,0.0,0.2,21.4,2.6,0.0,0.0,4.4,0.6,2.0,0.2,1.8,0.0,0.6,24.0,5.2,0.2,0.0,0.2,1.2,0.0,0.4,6.2,0.0,0.0,0.0,2.0,0.8,0.0,0.2,1.8,0.8,4.2,0.0,0.2,2.4,0.0,0.0,0.2,0.2,0.0,0.0,1.4,3.6,3.8,1.0,8.4,1.0,0.0,14.0,0.8,1.2,1.2,0.0,8.8,0.0,5.2,9.2,90.8,2.6,0.0,3.0,0.0,1.4,0.4,5.2,3.2,0.0,1.4,18.8,0.0,0.0,0.0,0.6,2.2,5.0,0.0,0.0,0.0,0.4,0.4,0.0,2.8,0.6,0.0,1.6,0.0,0.0,0.0,1.0,0.6,0.8,0.0,15.4,2.2,9.8,1.4,1.0,4.4,1.4,1.2
51,0.0,9.6,0.0,0.0,0.0,0.8,0.6,0.0,0.0,0.0,1.0,0.2,0.0,25.8,1.0,0.4,0.0,0.2,0.0,0.0,0.0,0.0,7.0,22.8,0.0,16.0,0.0,0.6,0.8,2.4,0.0,1.4,0.0,25.4,34.8,0.0,1.2,0.2,0.0,9.6,0.2,0.8,0.0,0.0,24.4,2.6,27.2,0.0,1.4,1.8,0.2,0.0,3.4,0.0,0.0,1.0,0.2,2.8,0.0,16.6,0.0,36.2,0.4,1.8,0.2,0.0,2.6,0.4,3.4,1.2,0.0,1.2,0.0,0.0,0.2,0.4,0.0,0.8,1.0,0.8,87.2,1.2,0.2,0.0,0.0,1.2,7.6,9.6,0.4,0.0,1.4,3.2,4.6,4.2,3.8,1.6,3.6,0.0,0.0,1.6,5.6,0.0,0.8,0.0,14.2,0.0,0.6,1.2,1.8,0.8,1.2,0.0,1.0,0.6,0.0,11.8,35.8,4.2,4.2,0.0,3.0,0.0,0.8,0.2,0.0,28.6,0.0,7.6,284.6,0.0,0.4,0.4,0.0,0.0,0.6,0.2,0.0,0.0,0.8,0.0,0.8,3.0,0.0,0.0,0.0,0.0,0.0,6.8,0.0,0.2,0.0,0.0,0.0,3.0,7.4,0.0,0.0,0.0,0.0,19.4,4.8,0.8,3.4,0.2,1.0,0.0,0.0,2.4,1.6,0.4,0.0,35.6,1.0,7.8,0.0,0.8,0.4,0.0,0.2,0.0,23.4,2.2,0.0,0.0,5.6,1.8,1.6,1.0,1.2,0.0,0.0,10.8,6.0,0.0,0.0,0.0,0.6,0.0,1.0,8.6,0.0,0.0,0.0,1.0,0.0,0.0,0.0,2.2,0.2,3.2,0.0,0.0,2.4,0.0,0.0,1.0,0.2,0.0,0.0,1.0,2.2,3.0,0.2,7.6,1.0,0.0,8.6,1.4,0.8,0.2,0.0,11.6,0.0,6.6,6.0,41.6,2.4,0.0,5.2,0.0,2.4,0.0,8.2,2.8,0.0,1.2,21.8,0.0,0.0,0.0,0.8,0.0,2.8,0.0,0.0,0.0,0.8,0.4,0.0,3.8,1.0,0.0,2.8,0.0,0.0,0.0,0.4,0.2,0.8,0.0,24.6,3.2,8.4,1.2,1.4,3.8,0.4,0.2
52,0.0,8.8,0.0,0.0,0.0,0.4,0.8,0.0,0.0,0.0,0.0,0.0,0.0,1.8,1.0,0.4,0.0,0.0,0.0,0.0,0.0,0.0,4.8,21.2,0.2,16.8,0.0,0.8,0.2,1.2,0.0,0.8,0.2,9.0,22.2,0.0,3.0,0.4,0.0,1.2,0.0,0.4,0.0,0.0,16.4,3.4,4.0,0.0,1.0,0.4,0.0,0.0,3.4,0.0,0.0,0.0,1.0,3.2,0.0,2.6,0.0,15.8,1.0,1.4,0.0,0.0,1.8,0.4,4.2,3.0,0.0,1.0,0.0,0.0,0.0,0.0,0.0,1.0,0.0,0.6,2.8,3.0,0.0,0.0,0.0,0.4,6.2,7.8,0.0,0.2,0.8,1.6,3.0,2.8,1.4,0.0,4.4,0.0,0.0,2.0,1.4,0.0,0.4,0.0,14.0,0.0,1.6,0.8,0.0,1.0,0.2,0.0,1.8,0.2,0.0,5.6,20.4,4.6,0.0,0.0,3.0,2.0,0.2,0.0,0.0,20.6,0.0,5.2,0.0,0.0,0.6,0.6,0.0,0.0,0.4,0.0,0.0,0.0,0.0,0.0,0.0,2.6,0.0,0.0,0.0,0.0,0.0,7.2,0.0,0.2,0.0,0.0,0.0,3.4,3.8,0.0,0.0,0.0,0.0,15.8,2.8,0.6,1.6,0.2,0.4,0.0,0.0,1.6,0.2,0.4,0.0,12.8,1.0,3.0,0.0,1.2,1.2,0.0,0.0,0.0,25.8,2.0,0.0,0.0,3.4,0.2,1.2,0.4,1.4,0.0,0.0,6.0,5.0,0.0,0.0,0.2,1.4,0.0,0.2,4.0,0.0,0.0,0.0,0.0,0.0,0.0,0.0,1.2,1.0,2.8,0.0,0.0,1.8,0.0,0.0,1.0,0.0,0.0,0.0,0.4,0.0,3.6,1.0,10.4,0.8,0.0,4.8,0.8,0.0,0.0,0.0,7.6,0.0,5.0,0.0,5.8,2.2,0.0,1.4,0.0,1.4,0.0,2.2,1.8,0.0,0.8,16.4,0.0,0.0,0.0,0.0,0.0,2.2,0.0,0.0,0.0,1.8,0.4,0.2,0.4,0.2,0.0,0.0,0.0,0.0,0.2,0.0,0.0,0.4,0.0,16.0,3.6,1.8,0.8,2.4,2.6,0.2,0.0
53,0.0,4.0,0.0,0.0,0.0,1.0,0.0,0.0,0.5,0.0,0.0,0.0,0.5,0.0,0.0,0.0,0.0,0.0,0.0,0.0,0.0,0.0,14.5,9.0,2.0,14.0,0.0,0.0,2.0,0.0,0.0,0.5,1.5,13.0,19.0,0.0,1.0,1.5,0.0,2.0,0.5,0.0,0.0,0.0,8.0,4.5,0.0,0.0,0.0,1.0,1.0,0.0,6.5,0.0,0.0,0.0,0.0,6.0,0.0,23.5,0.0,12.5,1.0,0.5,0.0,0.0,0.5,0.5,3.0,0.5,0.0,0.5,0.0,0.0,0.5,0.0,0.0,1.5,0.0,0.0,29.0,0.5,0.0,0.0,0.0,2.0,5.0,11.5,0.0,0.5,0.0,1.0,5.5,1.5,3.5,1.5,6.5,0.0,0.0,2.5,0.0,0.0,0.0,0.0,9.0,0.0,2.0,1.0,0.0,3.0,1.0,0.0,1.0,0.5,0.0,2.0,20.0,4.5,0.5,0.0,0.5,0.5,0.5,0.0,0.0,36.5,0.0,7.0,60.5,0.0,0.0,0.0,0.0,0.0,0.0,0.0,0.0,0.0,0.0,0.0,0.0,3.5,0.0,0.0,0.0,0.0,0.0,11.0,0.0,1.5,0.0,0.0,0.0,1.5,4.5,0.0,0.0,0.0,0.0,5.5,2.0,0.0,8.0,0.0,0.0,0.0,0.0,3.5,1.0,0.5,0.0,15.0,0.0,2.0,0.0,1.0,0.0,0.0,0.0,0.0,6.5,3.5,0.0,0.0,2.0,0.0,2.0,1.0,0.0,0.0,0.0,0.0,7.0,0.0,0.5,2.0,1.5,0.0,4.0,4.5,0.0,0.0,0.0,0.0,0.0,0.0,0.0,1.5,0.0,3.0,0.0,0.5,1.5,0.0,0.0,2.0,0.0,0.0,0.0,0.0,0.0,2.5,0.5,7.5,0.5,0.0,6.0,1.0,0.0,1.0,0.0,10.5,0.0,1.0,0.0,0.5,0.5,0.0,0.0,0.0,3.5,0.0,0.5,2.5,0.0,4.0,6.5,0.0,0.0,0.0,0.0,0.0,7.0,0.0,0.0,0.0,1.0,0.5,0.5,1.0,0.0,0.0,0.0,0.0,0.0,0.0,0.0,0.0,0.0,0.0,12.5,6.0,0.0,2.5,2.0,2.5,1.0,0.0
