semana_epi,ABDON BATISTA,ABELARDO LUZ,AGROLÂNDIA,AGRONÔMICA,ÁGUA DOCE,ÁGUAS DE CHAPECÓ,ÁGUAS FRIAS,ÁGUAS MORNAS,ALFREDO WAGNER,ALTO BELA VISTA,ANCHIETA,ANGELINA,ANITA GARIBALDI,ANITÁPOLIS,ANTÔNIO CARLOS,APIÚNA,ARABUTÃ,ARAQUARI,ARARANGUÁ,ARMAZÉM,ARROIO TRINTA,ARVOREDO,ASCURRA,ATALANTA,AURORA,BALNEÁRIO ARROIO DO SILVA,BALNEÁRIO CAMBORIÚ,BALNEÁRIO BARRA DO SUL,BALNEÁRIO GAIVOTA,BANDEIRANTE,BARRA BONITA,BARRA VELHA,BELA VISTA DO TOLDO,BELMONTE,BENEDITO NOVO,BIGUAÇU,BLUMENAU,BOCAINA DO SUL,BOMBINHAS,BOM JARDIM DA SERRA,BOM JESUS,BOM JESUS DO OESTE,BOM RETIRO,BOTUVERÁ,BRAÇO DO NORTE,BRAÇO DO TROMBUDO,BRUNÓPOLIS,BRUSQUE,CAÇADOR,CAIBI,CALMON,CAMBORIÚ,CAPÃO ALTO,CAMPO ALEGRE,CAMPO BELO DO SUL,CAMPO ERÊ,CAMPOS NOVOS,CANELINHA,CANOINHAS,CAPINZAL,CAPIVARI DE BAIXO,CATANDUVAS,CAXAMBU DO SUL,CELSO RAMOS,CERRO NEGRO,CHAPADÃO DO LAGEADO,CHAPECÓ,COCAL DO SUL,CONCÓRDIA,CORDILHEIRA ALTA,CORONEL FREITAS,CORONEL MARTINS,CORUPÁ,CORREIA PINTO,CRICIÚMA,CUNHA PORÃ,CUNHATAÍ,CURITIBANOS,DESCANSO,DIONÍSIO CERQUEIRA,DONA EMMA,DOUTOR PEDRINHO,ENTRE RIOS,ERMO,ERVAL VELHO,FAXINAL DOS GUEDES,FLOR DO SERTÃO,FLORIANÓPOLIS,FORMOSA DO SUL,FORQUILHINHA,FRAIBURGO,FREI ROGÉRIO,GALVÃO,GAROPABA,GARUVA,GASPAR,GOVERNADOR CELSO RAMOS,GRÃO-PARÁ,GRAVATAL,GUABIRUBA,GUARACIABA,GUARAMIRIM,GUARUJÁ DO SUL,GUATAMBÚ,HERVAL D'OESTE,IBIAM,IBICARÉ,IBIRAMA,IÇARA,ILHOTA,IMARUÍ,IMBITUBA,IMBUIA,INDAIAL,IOMERÊ,IPIRA,IPORÃ DO OESTE,IPUAÇU,IPUMIRIM,IRACEMINHA,IRANI,IRATI,IRINEÓPOLIS,ITÁ,ITAIÓPOLIS,ITAJAÍ,ITAPEMA,ITAPIRANGA,ITAPOÁ,ITUPORANGA,JABORÁ,JACINTO MACHADO,JAGUARUNA,JARAGUÁ DO SUL,JARDINÓPOLIS,JOAÇABA,JOINVILLE,JOSÉ BOITEUX,JUPIÁ,LACERDÓPOLIS,LAGES,LAGUNA,LAJEADO GRANDE,LAURENTINO,LAURO MÜLLER,LEBON RÉGIS,LEOBERTO LEAL,LINDÓIA DO SUL,LONTRAS,LUIZ ALVES,LUZERNA,MACIEIRA,MAFRA,MAJOR GERCINO,MAJOR VIEIRA,MARACAJÁ,MARAVILHA,MAREMA,MASSARANDUBA,MATOS COSTA,MELEIRO,MIRIM DOCE,MODELO,MONDAÍ,MONTE CARLO,MONTE CASTELO,MORRO DA FUMAÇA,MORRO GRANDE,NAVEGANTES,NOVA ERECHIM,NOVA ITABERABA,NOVA TRENTO,NOVA VENEZA,NOVO HORIZONTE,ORLEANS,OTACÍLIO COSTA,OURO,OURO VERDE,PAIAL,PAINEL,PALHOÇA,PALMA SOLA,PALMEIRA,PALMITOS,PAPANDUVA,PARAÍSO,PASSO DE TORRES,PASSOS MAIA,PAULO LOPES,PEDRAS GRANDES,PENHA,PERITIBA,PESCARIA BRAVA,PETROLÂNDIA,BALNEÁRIO PIÇARRAS,PINHALZINHO,PINHEIRO PRETO,PIRATUBA,PLANALTO ALEGRE,POMERODE,PONTE ALTA,PONTE ALTA DO NORTE,PONTE SERRADA,PORTO BELO,PORTO UNIÃO,POUSO REDONDO,PRAIA GRANDE,PRESIDENTE CASTELLO BRANCO,PRESIDENTE GETÚLIO,PRESIDENTE NEREU,PRINCESA,QUILOMBO,RANCHO QUEIMADO,RIO DAS ANTAS,RIO DO CAMPO,RIO DO OESTE,RIO DOS CEDROS,RIO DO SUL,RIO FORTUNA,RIO NEGRINHO,RIO RUFINO,RIQUEZA,RODEIO,ROMELÂNDIA,SALETE,SALTINHO,SALTO VELOSO,SANGÃO,SANTA CECÍLIA,SANTA HELENA,SANTA ROSA DE LIMA,SANTA ROSA DO SUL,SANTA TEREZINHA,SANTA TEREZINHA DO PROGRESSO,SANTIAGO DO SUL,SANTO AMARO DA IMPERATRIZ,SÃO BERNARDINO,SÃO BENTO DO SUL,SÃO BONIFÁCIO,SÃO CARLOS,SÃO CRISTÓVÃO DO SUL,SÃO DOMINGOS,SÃO FRANCISCO DO SUL,SÃO JOÃO DO OESTE,SÃO JOÃO BATISTA,SÃO JOÃO DO ITAPERIÚ,SÃO JOÃO DO SUL,SÃO JOAQUIM,SÃO JOSÉ,SÃO JOSÉ DO CEDRO,SÃO JOSÉ DO CERRITO,SÃO LOURENÇO DO OESTE,SÃO LUDGERO,SÃO MARTINHO,SÃO MIGUEL DA BOA VISTA,SÃO MIGUEL DO OESTE,SÃO PEDRO DE ALCÂNTARA,SAUDADES,SCHROEDER,SEARA,SERRA ALTA,SIDERÓPOLIS,SOMBRIO,SUL BRASIL,TAIÓ,TANGARÁ,TIGRINHOS,TIJUCAS,TIMBÉ DO SUL,TIMBÓ,TIMBÓ GRANDE,TRÊS BARRAS,TREVISO,TREZE DE MAIO,TREZE TÍLIAS,TROMBUDO CENTRAL,TUBARÃO,TUNÁPOLIS,TURVO,UNIÃO DO OESTE,URUBICI,URUPEMA,URUSSANGA,VARGEÃO,VARGEM,VARGEM BONITA,VIDAL RAMOS,VIDEIRA,VITOR MEIRELES,WITMARSUM,XANXERÊ,XAVANTINA,XAXIM,ZORTÉA,BALNEÁRIO RINCÃO
2,23.95,24.32,22.64,23.69,22.38,25.5,25.29,21.59,21.58,24.35,24.98,22.66,23.78,18.72,22.66,24.44,25.36,26.06,24.26,22.63,21.7,25.63,25.25,22.8,23.67,24.13,25.85,26.12,24.15,25.81,25.72,25.53,23.49,25.77,24.9,23.26,26.36,22.05,25.45,19.53,25.37,25.77,20.81,24.37,21.62,22.72,23.37,24.47,21.46,24.89,22.1,25.6,22.17,23.33,22.65,25.1,23.33,23.96,23.89,24.31,24.34,23.56,25.68,23.52,23.17,22.35,26.14,22.93,25.4,25.94,25.88,24.63,22.81,22.65,23.9,25.41,25.66,22.99,25.34,25.21,23.9,24.48,25.05,22.83,23.93,24.54,25.2,25.91,24.91,23.82,22.82,23.04,24.39,22.89,23.62,26.03,24.17,16.81,23.94,24.44,25.66,25.47,24.87,26.03,23.56,23.75,23.06,24.66,24.32,26.19,23.31,23.66,23.67,25.86,22.92,24.29,25.56,25.01,24.51,25.0,23.99,25.03,23.18,25.99,24.65,25.96,25.74,25.65,25.63,23.4,24.32,20.96,24.75,24.02,24.93,24.07,23.8,24.64,23.91,24.08,21.75,24.26,25.96,23.72,19.63,22.11,24.03,24.06,24.37,26.13,23.49,21.47,23.99,23.0,23.58,24.12,25.56,25.73,25.77,21.68,23.44,22.55,25.61,25.35,23.24,23.02,24.27,19.23,26.0,25.08,25.54,23.65,20.81,24.13,18.06,22.51,24.29,24.87,26.55,21.71,22.36,24.75,22.5,25.35,23.99,25.56,23.95,23.58,22.17,23.94,25.57,24.44,24.13,22.55,25.4,25.17,23.22,24.45,25.77,25.24,22.84,22.9,23.65,25.24,22.84,21.84,21.33,24.36,24.17,24.54,25.16,25.4,22.74,22.14,21.99,23.72,23.22,24.15,16.66,23.25,19.83,24.98,25.31,25.08,23.39,25.28,21.76,24.61,22.27,25.66,17.07,21.5,23.83,25.05,25.14,21.46,24.88,23.11,22.02,25.64,22.59,24.59,26.36,25.68,23.47,25.48,22.27,20.8,22.58,25.17,23.27,24.27,23.07,22.4,25.13,25.96,22.2,25.6,24.35,25.75,25.81,19.96,23.53,25.0,22.77,23.53,25.54,25.17,19.87,24.93,21.66,24.21,19.84,24.67,21.88,23.54,24.95,25.75,21.46,25.14,18.84,20.38,20.64,23.97,23.47,23.52,24.48,22.96,24.27,23.72,25.55,25.05,25.79,24.24,24.75
3,23.0,23.24,22.23,23.33,21.28,24.96,24.43,21.85,21.41,23.51,24.36,22.76,23.06,18.83,22.94,24.23,24.11,26.26,24.45,22.84,20.87,24.49,25.03,22.4,23.31,24.2,26.05,26.33,24.01,25.56,25.1,25.69,22.66,25.62,24.59,23.43,26.09,21.81,25.69,19.56,24.17,25.01,20.7,24.27,21.91,22.31,22.28,24.47,20.7,24.68,21.4,25.77,21.8,23.5,22.1,24.31,22.35,24.04,23.09,23.38,24.58,22.4,25.19,22.85,22.47,22.08,25.03,23.12,24.31,24.85,24.9,23.79,22.45,22.06,24.09,24.94,25.21,22.15,25.07,24.73,23.33,23.98,23.97,22.65,22.97,23.24,24.62,25.77,23.91,23.97,22.01,22.16,23.69,23.03,24.08,25.78,24.24,17.21,24.17,24.32,25.12,25.6,24.39,25.18,22.61,22.82,22.14,24.38,24.61,26.12,23.55,23.91,23.24,25.66,22.03,23.36,25.53,23.92,23.19,24.57,22.77,24.1,22.38,24.73,23.75,26.05,25.94,25.95,25.87,23.05,23.18,20.45,24.97,23.9,23.92,23.01,24.03,24.15,23.15,23.03,21.44,24.59,24.79,23.4,19.74,21.44,23.73,22.76,24.04,26.06,22.5,20.65,23.15,23.02,22.71,24.35,24.81,24.63,25.77,21.07,23.41,21.76,24.82,25.39,22.24,22.2,24.5,19.22,26.09,24.27,24.69,23.65,20.83,23.26,18.25,22.06,23.3,23.67,25.23,21.45,22.57,24.3,22.07,25.2,23.05,25.31,23.74,22.39,22.32,24.17,25.8,23.51,24.4,22.25,25.53,24.46,22.32,23.59,24.98,25.06,22.08,22.1,22.39,25.45,22.2,21.31,20.91,23.31,23.86,24.21,24.64,24.35,22.81,21.35,21.18,23.31,22.95,23.86,17.11,22.75,19.71,24.75,25.08,24.34,22.56,24.41,20.82,24.84,21.49,25.6,17.36,21.12,22.94,24.27,24.15,21.86,23.94,22.84,22.17,25.21,21.78,23.73,26.45,25.88,23.6,25.64,21.89,20.65,22.79,24.65,22.5,23.32,23.33,22.54,24.41,25.46,22.56,24.97,24.45,24.51,25.0,20.03,23.33,24.15,22.0,22.61,24.75,25.29,19.83,24.73,20.92,23.32,19.92,24.88,20.94,23.21,25.14,25.94,21.29,24.22,18.87,20.22,20.82,22.69,22.32,22.32,24.01,22.09,23.56,23.06,24.32,23.86,24.59,23.34,25.09
4,17.56,18.76,16.94,18.31,16.89,20.94,20.24,16.41,15.82,18.93,20.21,17.46,17.67,12.59,17.82,19.47,20.12,21.37,20.42,17.26,15.91,20.5,20.22,17.14,18.32,20.19,21.43,21.54,20.49,21.33,20.94,21.07,17.47,21.46,19.69,18.72,21.58,16.47,21.21,13.43,19.97,20.78,14.94,19.62,15.61,17.19,16.77,19.88,15.62,20.82,16.44,21.24,16.58,17.48,16.79,20.16,17.03,19.44,18.0,18.67,19.9,18.06,21.24,17.51,17.12,16.8,21.06,18.06,20.09,20.81,20.71,18.99,17.06,16.86,19.23,20.97,21.27,16.9,20.99,20.57,18.4,18.85,19.67,17.99,17.9,19.22,20.53,21.9,19.49,19.43,16.68,16.8,18.73,18.43,18.49,21.28,19.88,10.4,19.17,19.78,20.96,20.65,20.24,21.17,17.62,17.64,17.24,19.57,20.18,21.58,18.7,19.53,18.28,21.01,17.08,18.83,21.34,19.56,19.22,20.52,18.65,19.77,17.49,20.83,18.34,21.52,21.4,21.84,20.74,18.04,18.88,15.15,20.34,18.77,19.63,18.36,18.49,19.15,18.26,18.3,16.17,20.48,20.68,18.52,13.91,16.04,18.73,18.76,19.17,21.5,17.72,15.65,17.73,17.85,17.43,20.11,20.66,20.4,21.05,16.23,18.42,16.63,20.62,21.39,16.81,16.94,19.73,13.42,21.5,20.14,20.62,18.92,15.47,18.58,12.09,16.75,18.75,19.45,21.38,16.15,17.5,20.13,16.89,21.38,17.61,21.23,20.28,18.17,17.2,19.31,21.31,19.04,19.81,16.96,20.96,20.35,17.32,18.91,20.95,20.44,16.97,16.99,18.29,20.93,17.45,16.18,15.98,18.93,18.98,19.25,20.46,20.01,17.4,16.17,16.0,18.35,17.76,19.03,10.22,17.28,14.0,20.74,20.37,20.24,17.4,20.1,16.02,20.22,16.23,21.32,10.73,16.29,17.6,20.05,19.63,16.43,19.63,17.14,16.48,21.3,16.69,18.96,21.39,21.8,18.79,20.94,17.33,14.93,17.91,20.47,17.2,18.74,17.94,16.75,20.28,21.37,17.16,20.92,19.08,20.61,20.77,14.64,18.88,19.86,16.87,17.39,20.56,20.81,14.01,20.09,15.69,17.98,14.27,20.09,16.15,18.31,20.33,21.72,16.06,19.96,12.88,14.61,15.48,18.63,16.76,18.08,19.07,17.01,18.55,18.08,20.25,19.84,20.6,18.49,21.18
5,21.55,21.66,20.14,21.43,19.75,24.27,23.62,19.12,18.7,22.39,23.58,20.15,21.49,15.65,20.49,22.42,23.5,24.13,22.79,20.13,19.09,23.73,23.43,20.28,21.29,22.6,24.12,24.17,22.74,24.53,24.27,23.79,20.67,24.73,22.93,21.25,24.64,19.8,23.76,16.94,23.33,24.18,18.05,22.5,18.87,20.57,20.87,22.7,18.82,24.2,19.3,23.93,20.08,21.22,20.49,23.51,20.89,22.13,21.19,22.37,22.53,21.54,24.59,21.31,20.86,19.71,24.39,20.86,23.54,24.15,24.07,22.46,20.55,20.49,21.91,24.31,24.6,20.65,24.23,23.93,21.72,22.21,22.98,20.7,21.53,22.72,23.82,24.12,22.95,22.15,20.16,20.53,22.3,20.76,21.56,24.32,22.32,14.0,21.94,22.72,24.24,23.65,23.64,24.55,21.13,21.22,20.48,22.8,22.61,24.53,21.22,21.82,21.04,24.0,20.3,22.39,24.6,22.9,22.77,23.85,22.13,23.18,20.62,24.1,21.74,24.25,24.05,25.24,23.49,20.86,22.36,18.18,22.97,22.02,23.04,21.85,21.74,22.52,21.78,21.85,19.61,22.79,24.01,21.83,17.09,19.32,21.49,22.29,22.11,24.47,21.12,18.89,21.22,20.55,20.72,22.62,24.02,23.7,24.08,18.86,21.28,20.34,24.01,24.72,20.73,20.29,22.36,16.86,24.25,23.51,23.98,21.74,18.51,21.95,15.37,20.1,22.38,22.78,24.59,19.51,20.0,23.61,20.4,24.71,20.98,24.47,22.48,21.17,19.73,22.08,23.94,22.52,22.35,20.1,23.73,23.74,20.62,22.53,24.33,23.51,20.74,20.78,21.63,23.54,19.78,19.71,18.78,22.47,22.28,22.06,23.77,23.32,20.19,19.47,19.38,21.77,21.05,22.21,13.89,20.86,17.26,24.06,23.46,23.59,20.73,23.47,19.19,22.86,19.72,24.6,14.14,19.09,21.0,23.39,23.02,19.21,23.0,20.92,19.26,24.63,20.52,22.41,24.11,25.13,21.45,23.8,19.97,18.28,20.42,23.79,21.04,22.05,20.92,19.58,23.61,24.67,19.89,24.3,22.33,23.76,24.16,17.78,21.5,23.26,20.36,20.98,23.93,23.43,17.48,23.18,18.85,21.42,17.37,22.79,19.34,21.67,23.02,25.06,19.08,23.32,16.26,17.9,18.41,22.08,20.94,21.39,21.81,20.32,21.96,21.5,23.64,23.24,23.9,22.19,23.31
6,24.28,23.81,23.01,24.03,21.7,26.17,25.52,22.22,21.75,24.75,24.92,23.13,24.32,19.09,23.45,24.86,25.51,26.73,25.95,23.61,21.23,25.86,25.68,23.12,23.84,25.71,26.7,26.84,25.61,26.09,25.66,26.32,23.06,26.35,25.24,24.18,27.04,22.85,26.43,20.48,25.27,25.77,21.23,25.0,22.35,23.27,23.57,25.24,20.99,25.93,21.57,26.5,23.17,23.34,23.41,24.89,23.52,24.82,23.59,24.68,26.07,23.49,26.48,24.05,23.76,22.54,26.42,24.36,25.63,26.12,26.01,24.36,22.89,23.28,25.34,25.99,26.38,23.33,25.91,25.22,24.18,24.52,24.95,24.14,23.95,24.62,25.43,27.16,24.72,25.41,22.72,23.16,24.16,23.91,24.02,26.73,25.23,17.39,25.42,25.18,25.64,26.12,24.9,26.48,23.48,23.74,22.74,25.1,25.99,26.95,24.51,24.91,23.6,26.44,22.55,24.64,26.43,24.85,24.67,25.49,24.06,24.88,23.17,26.24,24.02,26.79,26.65,27.0,26.18,23.46,24.37,21.99,26.58,24.44,24.79,24.02,24.13,24.81,23.61,24.09,22.71,26.01,25.97,24.25,20.63,21.9,24.1,24.2,24.62,26.88,23.28,20.91,23.38,23.44,23.06,25.83,25.62,25.67,26.47,21.02,24.77,23.04,25.64,26.52,23.35,22.66,25.89,20.54,26.8,25.37,25.87,24.32,22.11,23.79,18.89,23.04,24.57,24.74,26.76,22.61,23.12,24.83,23.24,26.5,23.25,25.85,25.37,23.19,22.96,25.66,26.47,24.79,25.71,22.95,26.2,25.43,22.96,24.91,26.24,25.91,23.44,23.48,23.55,26.18,22.13,22.33,22.47,24.6,24.66,24.62,25.1,25.29,23.17,21.87,22.01,24.21,23.43,24.61,17.26,23.03,20.55,25.83,25.8,25.06,23.38,25.12,21.24,26.4,22.3,26.33,17.57,22.66,23.34,24.94,24.92,22.2,24.58,23.07,22.58,26.42,23.22,24.3,26.85,26.95,24.24,26.24,23.49,21.81,23.46,25.13,23.76,23.81,24.4,23.04,25.2,26.17,22.9,25.97,24.75,25.94,25.78,21.25,24.86,24.94,23.04,23.5,25.53,26.14,21.16,25.53,21.38,23.55,20.92,26.48,21.41,24.12,26.79,26.82,22.67,25.22,19.68,21.2,21.95,24.0,23.66,23.31,24.36,22.68,24.28,23.86,25.57,25.21,25.93,24.69,26.63
7,21.52,22.71,20.51,21.61,20.65,24.07,23.65,20.2,19.56,22.39,23.7,21.08,21.54,16.79,21.41,22.65,23.6,24.71,23.35,21.13,19.85,23.77,23.4,20.67,21.54,22.98,24.5,24.86,22.69,24.68,24.41,24.18,21.13,24.64,22.93,22.05,24.75,20.01,24.25,17.6,23.67,24.29,18.82,22.75,19.84,20.64,20.8,23.0,19.53,23.71,20.14,24.29,20.28,21.25,20.57,23.76,21.06,22.63,21.54,22.34,23.47,21.72,24.26,21.38,20.96,20.28,24.3,21.74,23.63,24.16,24.15,22.98,20.58,20.55,22.76,24.08,24.32,20.78,24.11,24.07,21.7,22.17,23.33,21.22,21.89,22.99,23.84,24.98,23.26,22.68,20.78,20.81,22.78,21.59,22.19,24.44,23.03,14.81,22.86,22.89,24.46,23.98,23.7,24.38,21.56,21.63,21.14,22.7,23.52,24.68,21.99,22.4,21.45,24.17,21.0,22.38,24.39,23.32,22.99,23.71,22.35,23.46,20.91,24.05,21.84,24.57,24.47,24.66,24.31,21.26,22.54,19.05,24.0,22.29,23.31,22.08,22.15,22.44,22.29,22.05,19.78,23.24,24.2,21.7,17.92,20.4,21.96,22.52,22.33,24.64,21.54,19.63,21.28,21.36,21.01,23.23,24.08,24.0,24.24,19.75,21.87,20.38,24.1,24.27,20.84,20.57,23.31,17.43,24.61,23.47,23.9,22.12,19.17,22.51,16.3,20.37,22.37,23.24,24.54,19.69,21.09,23.57,20.43,24.19,21.05,24.56,22.45,21.94,20.8,23.08,24.29,22.56,23.09,20.49,24.04,23.67,21.26,22.45,24.16,23.61,20.72,20.78,22.06,24.0,20.82,19.72,19.51,22.55,22.16,22.48,23.95,23.68,21.1,20.17,19.66,21.62,21.18,22.16,14.65,20.8,17.85,23.76,23.52,23.71,20.98,23.73,19.92,23.84,20.16,24.49,15.08,19.71,21.15,23.57,23.45,20.29,23.38,20.67,20.38,24.31,20.48,22.95,24.85,24.66,22.11,24.12,20.53,18.96,21.39,23.96,21.03,22.67,21.82,20.7,23.67,24.71,20.99,24.16,22.69,23.81,24.29,18.41,21.94,23.44,20.52,21.39,24.03,23.95,18.05,23.25,19.63,21.54,18.19,23.94,20.01,21.53,24.28,24.67,19.69,23.46,16.98,18.39,19.31,22.46,20.81,21.8,22.23,20.95,21.91,21.42,23.83,23.35,23.96,22.12,24.32
8,22.0,21.98,21.11,22.37,20.1,24.06,23.42,20.51,19.91,22.78,22.76,21.38,22.18,17.02,21.8,23.19,23.59,24.83,23.99,21.43,19.38,23.82,23.97,21.28,22.29,23.8,25.04,24.95,23.89,23.8,23.49,24.46,20.99,24.08,23.36,22.55,24.99,20.8,24.79,18.15,23.35,23.64,19.25,23.29,20.26,21.36,21.23,23.43,19.13,23.79,19.77,24.82,21.14,21.12,21.32,22.75,21.3,23.11,21.41,22.64,23.76,21.71,24.42,21.91,21.61,20.84,24.41,22.11,23.75,24.16,24.0,22.2,20.66,21.13,23.15,23.82,24.23,21.07,23.64,23.05,22.37,22.52,22.93,22.03,21.82,22.69,23.19,25.62,22.59,23.39,20.58,20.94,21.97,22.11,22.08,24.69,23.62,15.44,23.2,23.29,23.41,24.15,22.76,24.44,21.4,21.59,20.81,23.4,23.83,25.02,22.45,23.04,22.12,24.51,20.62,22.7,24.17,22.86,22.74,23.3,22.24,22.75,20.76,24.25,22.05,25.02,25.0,24.7,24.24,21.93,22.54,19.8,24.21,22.29,22.69,22.02,22.09,22.99,21.43,22.07,20.61,23.94,24.03,22.61,18.36,19.81,22.56,22.29,23.07,24.95,21.38,19.06,21.35,21.7,21.12,23.84,23.46,23.67,24.53,19.37,22.55,20.77,23.53,24.34,21.09,20.68,23.61,18.11,24.96,23.27,23.79,22.68,19.79,21.59,16.72,21.0,22.67,22.84,24.75,20.52,21.43,22.71,21.18,24.36,21.4,23.59,23.6,21.48,21.14,23.33,24.81,22.84,23.56,21.13,24.4,23.35,20.97,22.91,24.19,23.92,21.17,21.18,21.72,24.54,20.49,20.35,20.29,22.71,23.0,23.07,22.9,23.25,21.44,19.84,19.91,22.46,21.29,23.05,15.35,20.98,18.41,23.61,23.96,22.84,21.31,22.95,19.42,24.1,20.14,24.05,15.56,20.55,21.35,22.74,22.81,20.6,22.44,20.93,20.65,24.27,20.9,22.16,24.93,24.71,22.55,24.42,21.41,19.52,21.84,22.94,21.57,21.63,22.22,20.91,22.99,23.94,21.27,23.89,22.61,23.91,23.66,19.05,22.81,22.82,20.9,21.35,23.37,24.49,18.74,23.62,19.29,21.54,18.63,24.05,19.59,22.45,24.28,24.56,20.41,23.09,17.5,19.01,19.69,22.1,21.29,21.55,22.89,20.69,22.42,22.0,23.67,23.27,23.96,22.65,24.5
9,22.73,23.11,21.73,22.99,21.39,24.59,24.1,20.77,20.42,23.24,24.01,21.77,22.75,17.5,21.95,23.84,24.05,25.63,24.57,21.87,20.7,24.14,24.68,21.89,22.86,24.35,25.59,25.71,24.25,24.95,24.73,25.23,22.22,25.06,24.15,22.56,25.84,21.41,25.24,18.83,24.09,24.64,19.81,23.86,20.85,22.05,21.98,24.04,20.56,24.3,21.27,25.33,21.72,22.27,21.91,24.08,22.06,23.45,22.66,23.2,24.06,22.47,24.87,22.53,22.19,21.36,24.88,22.68,24.32,24.66,24.62,23.3,21.65,21.91,23.81,24.62,24.87,21.97,24.55,24.35,23.13,23.43,23.74,22.77,22.7,23.31,24.2,25.19,23.61,24.09,21.79,21.93,23.12,22.12,23.03,25.52,23.55,16.02,23.57,23.98,24.67,25.01,24.06,24.95,22.32,22.6,22.02,24.16,24.43,25.77,22.77,23.2,22.62,25.3,21.91,23.22,24.85,23.71,23.31,24.16,22.87,23.78,21.95,24.67,23.11,25.64,25.48,25.26,25.09,22.45,23.23,20.68,24.52,23.22,23.67,22.87,23.05,23.81,22.59,22.85,21.25,24.14,24.67,23.29,18.96,21.28,23.08,22.87,23.65,25.75,22.38,20.49,22.47,22.13,22.23,24.46,24.42,24.45,25.36,21.0,23.4,21.63,24.46,24.87,21.97,21.79,24.12,19.1,25.65,23.93,24.41,23.14,20.64,22.74,17.25,21.66,23.23,23.66,25.2,21.13,21.44,23.99,21.86,24.83,22.37,24.73,23.97,22.48,21.26,23.67,25.43,23.36,23.84,21.73,25.09,24.15,22.18,23.38,24.72,24.69,22.02,22.05,22.49,24.96,22.08,21.12,21.1,23.29,23.72,23.62,24.18,24.1,21.83,21.15,20.83,23.19,22.19,23.71,15.93,22.01,19.01,24.29,24.75,24.01,22.2,24.03,20.7,24.45,21.26,24.93,16.09,21.31,22.39,23.84,23.81,20.87,23.66,22.03,21.04,24.87,21.75,23.27,25.57,25.28,22.85,25.22,22.12,20.28,21.78,24.21,22.35,22.86,22.67,21.38,24.02,25.09,21.56,24.65,23.6,24.27,24.64,19.78,23.5,23.76,21.76,22.39,24.36,24.76,19.75,24.39,20.62,22.74,19.26,24.35,20.82,23.13,24.56,25.22,21.28,23.82,18.08,19.63,20.19,22.8,22.0,22.48,23.42,21.94,23.28,22.79,24.25,23.67,24.44,23.14,25.09
10,21.39,22.06,19.68,20.84,20.21,23.0,22.71,18.56,18.26,21.41,22.67,19.52,21.12,15.57,19.64,21.5,22.69,23.82,22.36,20.24,19.45,22.73,22.5,19.8,20.6,22.23,23.23,23.94,22.27,23.55,23.4,23.06,21.12,23.62,22.2,20.12,23.41,19.25,22.87,17.12,22.89,23.3,17.75,21.42,19.36,20.13,20.68,21.58,19.31,22.48,20.12,22.96,19.66,21.09,20.08,22.79,20.66,21.02,21.62,21.61,22.34,21.05,23.23,20.94,20.47,19.11,23.42,20.78,22.88,23.29,23.3,22.16,19.95,20.17,21.78,23.12,23.26,20.53,23.04,23.06,21.24,21.71,22.53,20.66,21.37,22.04,22.8,22.63,22.43,21.93,20.53,20.61,21.98,19.95,21.56,23.06,21.06,14.29,21.89,21.46,23.37,23.06,22.72,23.47,20.98,21.41,20.82,22.16,22.34,23.4,21.01,21.26,20.26,22.93,20.73,21.57,23.11,22.53,21.99,22.65,21.5,22.51,20.82,23.17,22.07,23.27,23.13,23.42,23.65,20.1,21.8,18.28,22.82,21.32,22.44,21.51,21.48,22.02,21.41,21.44,19.16,22.27,23.44,21.26,17.08,20.0,20.78,21.51,21.39,23.44,21.06,19.24,21.49,19.83,21.11,22.23,23.02,23.26,23.15,19.9,21.4,20.11,23.09,23.03,20.7,20.6,22.31,16.95,23.33,22.49,22.98,20.71,18.54,21.56,15.36,19.65,21.66,22.46,23.69,18.88,19.07,22.64,19.91,22.97,21.25,23.36,21.98,21.29,19.07,21.96,23.05,21.65,22.04,19.62,22.78,22.69,21.01,21.62,23.21,22.31,20.5,20.59,21.22,22.58,21.12,19.28,18.72,21.76,21.74,21.34,22.87,22.93,19.65,19.88,19.25,21.3,20.27,21.6,14.23,20.56,16.91,22.5,22.51,22.62,20.64,22.77,19.43,22.71,19.91,23.31,14.29,19.0,21.24,22.53,22.64,18.63,22.37,20.54,19.11,23.23,20.26,22.14,24.2,23.44,20.44,23.11,19.87,18.31,19.33,22.88,20.83,21.67,21.03,19.7,22.63,23.71,19.35,23.19,21.92,22.79,23.32,17.52,21.45,22.4,20.16,21.17,22.99,22.4,17.64,22.07,19.31,21.82,17.3,22.69,19.55,21.11,22.93,23.47,19.14,22.46,16.2,17.52,18.24,21.52,20.73,21.22,21.11,20.75,21.7,21.04,22.99,22.33,23.09,21.48,22.83
11,23.3,23.85,22.43,23.64,21.76,25.41,25.25,21.54,21.39,23.94,25.41,22.53,23.28,19.14,22.52,24.33,25.09,26.1,24.01,23.1,20.9,25.24,25.24,22.59,23.43,23.93,25.83,26.14,23.83,26.17,26.1,25.63,22.22,26.26,24.78,22.87,26.53,21.99,25.28,20.15,25.12,25.79,20.94,24.34,22.94,22.58,22.52,24.48,20.52,24.86,20.81,25.63,22.0,23.12,22.31,25.39,22.59,23.72,22.64,23.99,24.19,23.31,25.62,23.03,22.65,22.06,25.84,23.09,25.25,25.67,25.69,24.61,22.2,22.32,24.01,25.52,25.63,22.41,25.68,25.92,23.65,24.07,24.83,22.81,23.34,24.35,25.48,25.42,24.86,23.91,21.9,22.24,24.53,22.42,23.52,26.18,23.7,18.42,24.11,24.47,26.1,25.51,25.53,25.82,22.93,23.0,22.29,24.78,24.16,26.38,23.22,23.37,23.1,25.95,22.16,24.0,25.71,24.77,24.36,25.11,23.76,24.92,22.0,25.65,23.58,26.08,25.68,26.03,25.6,22.97,24.11,20.75,24.57,23.71,24.85,23.68,23.59,24.45,23.9,23.65,21.67,23.92,25.79,23.81,20.02,21.11,23.67,23.86,24.19,26.32,22.98,20.76,22.76,22.81,22.4,24.01,25.52,25.57,25.94,20.23,23.68,22.07,25.55,25.49,22.39,21.96,24.29,19.63,26.14,24.99,25.45,23.57,21.0,24.02,18.72,22.29,24.0,24.56,26.18,21.55,21.96,25.5,22.34,25.33,22.84,26.06,23.6,23.19,21.83,23.95,25.62,24.09,23.97,22.46,25.43,25.11,22.44,24.07,25.65,25.25,22.51,22.54,23.36,25.05,21.02,21.46,21.09,24.1,24.28,24.21,25.62,25.22,22.76,21.14,21.09,23.72,22.72,24.24,18.45,22.47,19.94,24.99,25.23,25.31,22.6,25.22,20.99,24.49,21.4,25.89,18.25,21.28,22.77,25.23,25.04,21.55,24.72,22.69,22.3,25.6,22.24,24.41,26.22,25.97,23.23,25.65,22.05,21.11,22.22,25.67,22.83,24.01,23.66,22.81,25.35,26.29,22.29,25.58,24.14,25.31,25.79,20.09,23.49,24.86,22.15,22.75,25.51,24.96,20.32,24.88,20.43,22.9,20.06,24.49,21.12,23.64,24.67,26.12,21.56,25.02,19.37,20.43,20.78,23.76,22.56,23.27,23.92,22.11,23.87,23.35,25.31,24.75,25.52,23.84,24.19
12,21.25,21.37,20.92,22.4,19.74,22.66,22.39,20.35,19.73,21.44,22.07,21.36,21.15,16.77,21.36,23.5,22.27,25.81,23.88,21.38,19.11,22.44,24.44,21.15,22.37,23.67,25.57,25.9,23.6,22.96,22.83,25.29,21.27,23.14,23.87,21.56,25.87,20.15,24.9,17.71,22.4,22.86,18.93,23.5,20.35,21.04,20.46,23.83,19.02,22.13,19.86,25.17,20.14,22.09,20.35,22.13,20.5,22.73,21.7,21.47,23.67,20.68,22.87,20.92,20.6,20.71,23.07,22.06,22.57,22.93,22.95,21.99,21.33,20.56,23.18,22.68,22.89,20.6,22.61,22.47,22.33,23.12,22.14,21.93,21.15,21.45,22.35,23.96,22.11,23.39,20.34,20.48,21.98,21.31,23.19,25.53,22.39,15.19,23.14,23.81,22.83,25.07,22.07,23.08,20.74,21.18,20.52,23.73,23.81,25.77,22.22,22.55,22.18,25.25,20.41,21.48,22.8,22.12,21.43,22.19,21.02,22.13,20.76,22.85,22.69,25.58,25.24,23.01,25.39,21.98,21.47,19.66,24.18,23.05,22.04,21.22,23.11,23.33,21.39,21.21,19.83,23.6,23.02,22.54,18.03,19.79,22.65,20.96,23.21,25.77,20.76,18.91,21.93,21.73,21.51,23.78,22.55,22.86,25.38,19.59,22.61,20.31,22.67,22.67,20.48,20.92,23.64,17.97,25.65,22.15,22.64,22.51,19.66,21.34,16.34,20.6,21.5,21.88,23.39,19.74,20.69,21.99,20.61,22.65,21.93,22.81,23.32,20.69,20.56,23.29,25.28,21.56,23.38,21.0,24.99,22.29,20.7,21.62,22.86,24.62,20.69,20.73,20.61,24.59,20.82,19.9,20.09,21.53,23.04,23.26,22.26,22.55,21.33,19.66,19.72,22.31,21.93,23.08,15.11,21.64,17.83,22.17,24.51,22.08,21.29,22.31,19.05,24.07,19.93,22.88,15.26,20.35,21.78,22.08,22.37,20.55,21.81,21.72,20.53,22.86,20.4,21.9,26.03,23.01,22.1,25.28,21.23,19.1,20.85,22.31,20.91,21.34,22.22,20.87,22.19,23.13,21.27,22.79,23.56,22.49,22.9,18.75,22.73,22.04,20.61,20.95,22.53,23.97,18.67,24.23,19.22,22.07,18.3,24.06,19.17,22.3,24.32,23.09,20.32,22.14,16.99,18.38,19.42,20.9,20.48,20.67,23.06,20.49,22.63,22.03,22.54,21.92,22.73,21.44,24.4
13,20.21,20.75,19.42,20.8,18.57,22.82,22.6,18.26,17.85,21.18,22.57,19.34,20.33,14.65,19.29,21.49,22.09,23.4,22.11,19.46,17.72,22.38,22.27,19.64,20.74,21.96,23.53,23.49,22.07,23.48,23.38,22.99,19.6,23.68,21.65,19.56,23.62,18.41,22.85,16.07,22.08,23.51,17.07,21.53,18.23,19.38,19.39,21.7,17.48,22.64,18.1,23.08,18.9,19.45,19.21,22.53,19.52,20.68,20.12,21.06,21.92,20.15,22.95,20.11,19.61,19.04,23.04,20.19,22.29,22.86,22.94,21.84,19.09,19.07,21.32,23.52,23.37,19.2,23.27,22.83,20.22,20.9,22.04,20.19,20.23,21.21,23.13,22.19,22.34,21.61,18.91,19.16,21.83,19.6,20.46,23.28,20.44,12.91,21.33,21.63,23.22,22.74,22.48,23.12,19.79,19.91,19.21,21.62,21.92,23.56,20.5,21.01,20.5,23.03,19.05,21.12,23.38,21.9,21.21,23.11,20.67,22.49,19.5,22.74,20.77,23.45,23.17,23.46,22.82,20.29,21.04,17.68,22.39,20.81,22.37,20.56,20.63,21.09,21.39,20.56,18.25,22.08,22.93,20.62,16.18,18.21,20.9,20.71,21.41,23.5,19.87,17.49,19.98,19.74,19.75,21.98,23.41,22.81,23.13,17.63,20.87,18.8,23.27,23.08,19.31,19.21,21.77,16.25,23.47,22.39,22.77,20.51,17.89,21.44,14.31,19.09,21.06,21.48,23.32,18.02,18.71,22.41,19.05,22.93,20.12,23.14,21.82,20.01,18.66,21.46,23.14,21.28,21.7,19.55,22.78,22.76,19.36,21.3,22.94,22.37,19.19,19.24,20.17,22.54,18.73,18.3,18.21,21.15,21.0,21.47,22.63,22.53,19.33,18.16,18.05,20.4,19.68,21.18,12.81,19.37,16.06,22.85,22.33,22.77,19.57,22.76,17.8,22.26,18.41,23.48,13.03,18.51,19.84,22.64,22.36,18.45,22.17,19.31,18.51,23.16,18.92,21.65,23.54,23.45,20.06,22.97,19.42,17.44,18.86,22.68,19.64,21.46,20.29,18.9,22.96,23.77,19.17,23.31,21.23,22.42,23.47,16.99,21.01,22.45,19.01,19.67,23.27,21.94,16.94,22.0,17.62,20.22,16.49,22.23,17.94,20.51,22.49,23.62,18.55,22.38,15.19,16.64,17.53,20.58,19.45,20.06,21.39,19.09,20.37,19.81,22.32,21.78,22.64,21.0,22.51
14,22.6,22.73,20.94,22.14,20.61,24.82,24.41,19.84,19.1,23.17,24.3,20.87,22.41,16.16,21.35,23.01,24.15,24.84,22.85,20.77,19.83,24.36,23.85,21.05,21.87,22.68,25.02,24.86,22.63,25.19,25.11,24.42,21.31,25.4,23.25,21.58,24.98,20.4,24.39,17.68,24.07,25.3,18.57,22.91,19.84,21.14,21.9,23.26,19.48,24.56,19.96,24.6,20.74,21.89,21.23,24.16,21.87,22.44,21.77,23.2,22.63,22.22,24.96,22.24,21.68,20.05,25.07,21.19,24.34,24.85,24.84,23.35,21.02,21.18,22.29,25.4,25.31,21.34,25.04,24.52,21.99,22.6,23.83,21.15,22.52,23.28,25.0,23.7,23.89,22.46,20.99,21.39,23.19,20.91,22.22,24.64,22.29,14.74,22.24,23.09,24.88,24.24,24.24,25.16,22.06,22.25,21.39,23.2,22.78,24.98,21.66,22.12,21.23,24.51,21.19,23.19,25.25,23.72,23.3,25.04,22.74,24.1,21.08,24.77,22.56,24.92,24.75,25.31,24.26,21.25,23.1,18.85,23.05,22.44,24.0,22.72,22.31,22.81,22.59,22.72,20.24,22.83,24.85,22.26,17.56,20.1,21.85,22.81,22.69,24.91,22.03,19.58,21.81,21.33,21.46,22.76,25.34,24.62,24.52,19.47,21.92,20.83,25.04,25.0,21.71,20.98,22.62,17.48,24.94,24.23,24.66,22.07,19.05,22.82,15.81,20.89,23.18,23.51,25.32,20.08,20.78,24.22,21.07,24.88,21.8,24.79,22.39,22.07,20.14,22.21,24.58,23.29,22.51,20.85,24.25,24.57,21.55,23.35,24.94,23.82,21.25,21.29,22.26,24.15,20.44,20.16,19.23,23.23,22.65,22.65,24.29,24.26,20.73,20.19,19.9,22.18,21.34,22.68,14.67,21.34,17.78,24.73,23.86,24.59,21.37,24.42,19.9,22.96,20.37,25.32,14.76,19.53,21.66,24.37,23.94,20.42,23.76,21.55,19.87,25.14,20.96,23.25,24.84,25.34,21.91,24.4,20.36,19.03,21.06,24.36,21.86,22.85,21.39,20.38,24.85,25.54,21.3,25.15,22.93,24.41,25.21,18.12,21.91,24.14,20.91,21.97,25.11,23.72,18.17,23.46,19.44,22.03,17.78,22.87,20.06,22.15,23.06,25.46,19.66,24.16,16.78,18.47,18.63,22.66,22.02,22.15,22.19,21.21,22.17,21.61,24.34,23.82,24.63,23.07,23.29
15,20.39,20.61,19.36,20.53,18.57,22.49,21.94,19.18,18.07,21.03,21.9,20.1,20.34,15.13,21.04,21.36,21.84,23.23,21.67,19.73,17.77,21.99,22.11,19.5,20.31,21.46,23.48,23.31,21.36,22.86,22.66,22.77,19.4,22.99,21.42,21.18,23.42,18.78,22.99,16.45,21.82,22.76,17.4,21.43,18.79,19.39,19.62,21.85,17.46,22.26,18.04,23.14,19.01,19.72,19.32,21.86,19.65,21.4,19.89,20.98,21.34,20.02,22.73,20.13,19.67,18.76,22.7,19.94,22.11,22.48,22.47,20.99,19.07,19.29,21.09,22.81,22.92,19.35,22.56,22.27,20.1,20.71,21.45,19.77,20.33,21.05,22.36,23.15,21.44,21.16,19.0,19.31,20.83,20.22,20.52,23.09,21.69,13.72,21.02,21.57,22.54,22.58,21.95,22.83,19.89,20.08,19.31,21.38,21.62,23.45,20.71,21.34,19.85,22.93,19.13,20.99,22.87,21.41,21.07,22.39,20.53,21.64,19.18,22.41,20.48,23.42,23.34,23.08,22.76,19.78,20.89,17.3,21.7,20.68,21.54,20.52,20.59,20.92,20.23,20.56,18.57,21.76,22.47,20.48,16.34,18.25,20.53,20.58,21.09,23.33,19.85,17.5,19.81,20.41,19.48,21.55,22.68,22.22,22.9,17.55,20.55,18.92,22.52,22.75,19.49,19.01,21.34,15.98,23.43,21.79,22.25,20.84,17.64,20.42,14.66,19.23,20.96,21.32,22.94,18.43,20.66,21.9,19.29,22.69,19.71,22.63,21.07,19.93,19.48,20.89,23.03,21.13,21.36,19.38,22.71,22.1,19.47,21.21,22.59,22.22,19.34,19.37,20.07,22.81,18.7,18.33,17.77,21.02,20.81,21.13,22.08,21.85,19.88,18.2,17.98,20.29,19.51,20.95,13.66,19.3,16.38,22.3,22.11,22.0,19.46,21.97,17.8,21.66,18.43,22.92,13.73,18.05,19.63,21.85,21.57,20.21,21.38,19.46,18.91,22.84,19.05,20.96,23.37,23.09,21.1,22.76,18.92,17.62,21.06,22.06,19.82,20.49,20.18,19.43,22.18,23.09,21.17,22.69,21.18,22.04,22.7,16.8,20.54,21.68,19.01,19.82,22.52,22.72,16.67,21.78,17.56,20.09,16.53,21.47,17.96,20.39,21.62,23.17,18.22,21.66,15.55,17.0,17.38,20.47,19.69,19.95,20.71,19.16,20.25,19.7,22.03,21.5,22.26,20.92,22.19
16,18.15,18.07,16.68,17.84,16.23,19.99,19.45,17.67,15.62,18.6,19.11,18.13,18.21,13.89,19.32,19.21,19.41,21.5,21.16,18.89,15.46,19.61,19.97,16.74,17.53,20.93,21.63,21.71,20.93,20.12,19.98,20.88,17.31,20.38,19.27,19.73,21.21,16.4,21.15,14.82,19.3,20.23,15.31,19.43,17.92,17.05,17.35,19.7,15.07,19.76,15.52,21.08,16.88,17.8,17.14,18.97,17.42,19.45,17.71,18.59,20.64,17.65,20.31,17.94,17.53,15.83,20.29,19.13,19.66,20.05,20.0,18.3,16.85,16.94,20.32,20.39,20.4,17.05,20.0,19.26,17.94,18.59,18.92,19.01,18.05,18.54,19.95,21.79,18.75,20.52,16.69,16.99,18.13,19.11,19.04,20.87,20.21,12.8,20.26,19.41,19.74,20.54,18.96,20.35,17.61,17.77,16.97,19.17,21.03,21.3,19.84,20.38,16.74,20.81,16.8,18.57,20.38,18.84,18.55,20.01,18.07,18.95,16.92,20.07,18.65,21.37,21.33,20.49,21.47,16.94,18.49,16.38,21.06,18.41,18.88,18.18,18.69,18.77,17.51,18.17,16.3,20.94,20.0,18.18,15.21,15.99,17.74,18.07,18.53,21.19,17.49,15.21,17.93,18.28,17.51,20.99,20.32,19.72,20.73,14.67,19.72,16.62,19.97,20.28,17.18,17.0,20.67,15.0,21.42,19.3,19.77,18.87,16.69,17.66,13.69,16.7,18.55,18.79,20.62,16.06,19.48,18.9,16.82,20.24,17.93,19.79,20.66,17.52,18.32,20.19,21.14,18.68,20.59,16.49,20.76,19.58,17.12,18.76,20.1,20.02,17.02,17.06,17.6,20.83,15.98,16.01,16.98,18.58,18.57,18.79,19.11,19.32,17.87,15.85,15.84,18.13,17.31,18.6,12.78,17.29,14.35,19.8,19.98,19.48,17.31,19.27,15.44,21.01,16.21,20.32,12.71,17.27,17.68,19.22,18.93,19.0,18.62,17.33,17.77,20.3,16.73,18.27,21.89,20.58,19.31,20.81,18.21,15.96,19.64,19.16,17.53,17.7,19.39,18.5,19.79,20.45,19.75,20.19,19.06,19.74,20.12,15.73,19.84,19.05,16.81,17.51,20.05,20.88,15.69,19.59,15.3,18.2,15.43,20.84,15.59,18.04,21.01,20.58,17.33,19.16,13.9,14.94,16.5,17.95,17.44,17.58,17.85,16.81,18.14,17.57,19.55,19.04,19.82,18.6,21.81
17,19.74,20.05,18.21,19.2,18.31,21.89,21.44,18.93,17.16,20.44,21.18,19.31,19.72,15.54,20.27,20.22,21.37,21.89,21.15,19.92,17.68,21.58,20.96,18.26,18.87,21.04,22.08,21.96,20.98,22.14,22.02,21.43,18.96,22.39,20.31,20.47,22.08,18.0,21.64,16.49,21.31,22.26,16.87,20.39,19.44,18.47,19.04,20.55,17.39,21.64,17.93,21.77,18.36,19.08,18.64,21.04,19.11,20.3,19.44,20.42,20.96,19.63,22.12,19.56,19.0,17.47,22.18,19.78,21.6,21.96,21.93,20.46,17.99,18.61,20.85,22.39,22.32,18.8,22.01,21.43,18.94,19.66,20.96,19.72,19.92,20.68,21.98,22.32,20.82,20.94,18.6,18.79,20.34,19.93,19.57,21.74,20.85,14.71,20.86,20.28,21.8,21.26,21.09,22.26,19.55,19.65,19.08,20.23,21.12,22.1,20.6,21.07,18.17,21.7,18.94,20.42,22.32,20.88,20.71,22.03,20.1,20.99,18.66,21.94,19.81,22.06,21.94,22.45,21.53,18.36,20.46,17.33,21.25,19.39,20.92,20.23,19.42,19.81,19.7,20.21,17.88,21.34,21.98,19.34,16.51,18.0,19.1,20.21,19.75,21.98,19.54,17.51,19.28,19.42,18.87,21.11,22.34,21.73,21.54,17.57,20.62,18.34,21.99,22.16,18.95,18.36,21.0,16.54,22.09,21.27,21.72,19.86,17.84,19.8,15.14,18.28,20.4,20.81,22.5,17.65,20.22,21.01,18.45,22.05,19.05,21.81,20.75,19.49,19.33,20.55,21.63,20.55,21.06,18.08,21.38,21.54,19.22,20.59,22.02,20.89,18.84,18.9,19.7,21.43,18.51,17.5,17.76,20.48,19.64,19.94,21.23,21.37,19.22,17.98,17.12,19.25,18.4,19.77,14.73,18.46,16.05,21.76,20.93,21.52,18.35,21.31,17.61,21.21,17.93,22.3,14.55,18.04,18.82,21.26,21.01,19.94,20.65,18.48,19.09,22.18,18.61,20.44,21.97,22.5,20.17,21.42,18.85,17.55,20.34,21.25,19.17,19.81,20.25,19.78,21.82,22.48,20.67,22.14,19.94,21.65,22.15,16.83,20.43,21.05,18.19,19.39,22.08,21.65,17.23,20.52,17.25,19.72,16.64,21.04,17.74,19.31,21.15,22.55,18.43,21.16,15.54,16.6,17.36,20.11,19.13,19.59,19.18,18.86,19.13,18.54,21.54,21.03,21.76,20.39,21.39
18,21.06,21.67,19.52,20.64,19.79,23.42,22.92,18.95,17.41,21.36,22.73,19.59,20.6,15.52,20.54,21.47,22.68,23.48,20.17,19.5,19.06,23.03,22.38,19.56,20.22,20.07,23.07,23.56,19.94,23.75,23.61,22.67,20.72,23.89,21.95,20.71,22.87,19.07,22.52,16.78,22.76,23.82,17.34,21.29,19.28,20.09,20.43,21.46,18.82,23.15,19.32,22.73,19.01,21.21,19.56,22.63,20.37,21.16,21.18,21.49,20.13,20.93,23.62,20.55,19.93,18.41,23.63,19.14,22.79,23.46,23.44,21.95,19.86,20.09,20.13,23.9,23.84,20.38,23.51,22.9,21.02,21.48,22.45,18.86,21.21,21.86,23.52,22.42,22.35,19.98,20.22,20.36,21.79,19.52,21.53,22.52,21.18,14.75,20.19,21.14,23.38,22.73,22.57,23.71,20.83,21.1,20.45,21.99,20.27,22.98,20.02,20.48,19.02,22.65,20.34,21.5,23.76,22.38,21.82,23.53,21.33,22.56,20.27,23.33,21.87,23.02,22.93,23.83,23.37,19.55,21.71,16.61,20.36,21.04,22.46,21.37,21.25,21.74,21.18,21.32,18.77,20.53,23.45,21.17,16.32,19.73,19.91,21.33,21.12,22.94,20.8,18.89,21.29,20.1,20.82,20.13,23.88,23.23,22.69,18.84,19.81,19.99,23.58,23.63,20.41,20.3,20.24,15.69,23.06,22.77,23.22,20.76,17.11,21.35,15.0,19.56,21.57,22.26,23.91,18.63,20.21,22.48,19.78,23.6,21.1,23.47,19.67,20.99,19.07,19.76,22.71,21.57,20.32,19.2,22.47,23.11,20.63,21.52,23.51,21.94,20.42,20.5,20.99,22.4,19.83,19.23,16.91,21.66,21.58,21.09,22.79,22.87,19.4,19.49,19.07,21.19,20.08,21.51,14.8,20.35,16.65,23.23,22.27,23.1,20.45,22.89,19.03,20.35,19.69,23.79,14.59,17.19,20.86,22.83,22.53,19.92,22.27,20.42,18.89,23.74,20.19,21.92,23.8,23.89,20.89,22.74,17.95,17.67,20.44,22.79,20.57,21.4,19.74,19.52,23.37,24.07,20.78,23.7,21.72,23.07,23.73,16.24,19.54,22.65,20.06,20.87,23.64,22.47,16.36,21.68,18.91,21.66,16.33,20.14,19.15,21.02,20.21,23.94,17.6,22.64,15.77,17.3,16.85,21.29,20.48,20.97,20.09,20.34,21.23,20.68,22.96,22.4,23.23,21.24,20.38
19,21.26,21.59,19.63,20.63,19.72,22.98,22.55,19.71,18.03,21.41,22.21,20.38,21.02,16.04,21.37,21.82,22.39,23.63,21.9,20.45,18.88,22.46,22.61,19.67,20.26,21.76,23.64,23.66,21.61,23.19,23.06,23.06,20.46,23.34,22.03,21.56,23.59,19.38,23.12,17.84,22.56,23.27,17.87,21.85,19.89,20.07,20.59,22.1,18.63,22.58,19.05,23.33,19.53,21.22,19.98,22.17,20.52,21.76,20.88,21.51,21.62,20.85,23.16,20.83,20.34,18.68,23.15,20.59,22.67,23.02,23.08,21.87,20.05,20.26,21.68,23.29,23.34,20.5,22.94,22.36,20.47,21.41,22.22,20.43,21.17,21.77,22.89,23.37,22.11,21.69,20.1,20.38,21.77,20.53,21.3,23.25,21.98,15.07,21.48,21.81,22.85,23.03,22.05,23.27,20.74,20.98,20.14,21.87,21.93,23.64,21.1,21.53,19.34,23.25,20.09,21.5,23.2,22.2,21.74,22.86,21.23,22.22,20.03,22.85,21.68,23.62,23.52,23.17,23.22,19.67,21.62,17.98,21.96,21.32,22.14,21.41,21.33,21.44,21.13,21.35,19.24,21.86,23.12,20.92,17.44,19.48,20.29,21.27,21.17,23.54,20.73,18.74,21.04,20.63,20.59,21.87,23.23,22.95,23.19,18.51,21.42,20.1,23.04,23.07,20.48,20.1,21.78,17.37,23.65,22.37,22.82,21.27,18.7,21.19,15.8,19.75,21.55,22.12,23.36,19.03,21.11,22.03,20.01,23.06,20.98,22.81,21.33,20.91,19.97,21.27,23.22,21.56,21.65,19.42,22.97,22.6,20.38,21.58,23.1,22.5,20.64,20.73,20.92,22.99,19.4,19.14,18.46,21.59,21.2,21.34,22.22,22.64,20.1,19.29,18.75,20.82,20.29,21.34,15.06,20.33,17.28,22.66,22.6,22.5,19.88,22.48,18.87,21.93,19.59,23.24,14.95,18.7,20.59,22.31,22.37,20.74,21.9,20.66,19.63,23.24,20.47,21.86,23.78,23.29,21.5,23.09,19.51,18.7,21.35,22.28,20.79,21.2,20.86,20.29,22.74,23.48,21.61,23.18,21.92,22.48,23.22,17.77,21.12,22.21,19.83,20.76,23.05,23.09,18.04,22.15,18.7,21.37,17.59,21.76,18.97,20.9,21.89,23.3,19.19,22.3,16.63,17.89,18.16,21.24,20.64,20.86,20.41,20.14,20.66,20.05,22.68,22.03,22.8,21.44,22.2
20,15.27,16.62,14.64,15.92,15.31,15.83,16.12,14.58,12.9,14.75,16.01,15.29,14.44,11.01,16.2,17.33,16.04,19.58,15.35,14.86,14.7,15.69,18.34,14.7,15.58,15.23,19.04,19.61,15.18,16.7,16.71,18.76,17.12,16.5,17.94,16.31,19.09,14.03,18.43,11.79,16.85,16.81,12.57,17.34,14.75,15.22,14.93,17.52,14.68,14.89,15.44,18.68,13.24,17.5,13.81,16.18,14.69,17.17,17.71,14.98,15.09,15.37,15.88,14.44,14.0,13.67,16.36,14.2,16.37,16.5,16.76,16.43,16.22,14.93,15.22,16.17,16.02,15.29,15.97,16.3,16.39,17.48,16.43,13.88,15.65,15.97,16.1,17.87,16.39,15.08,15.61,15.38,16.33,14.93,17.58,18.73,16.76,10.23,15.3,17.28,16.64,18.93,15.95,16.32,15.57,15.99,15.59,17.72,15.47,19.15,15.31,15.8,14.56,18.8,15.81,15.11,15.73,16.58,15.75,15.79,15.46,16.31,16.77,16.18,18.36,19.1,18.81,15.34,19.38,14.92,15.87,11.33,15.26,17.29,16.27,15.86,17.44,17.39,15.71,15.62,13.45,15.61,17.02,16.55,11.44,15.45,15.66,15.37,16.68,19.12,15.64,14.67,17.85,15.8,17.24,15.29,16.45,17.05,18.87,15.06,14.85,14.93,16.57,15.41,15.21,16.37,15.31,10.76,19.17,15.77,16.21,16.73,12.12,15.73,10.34,14.56,15.31,16.62,16.65,13.52,15.66,15.88,14.67,15.35,17.73,16.39,14.87,15.97,14.57,14.72,18.76,15.06,15.42,14.36,18.55,16.02,15.98,14.86,16.17,18.12,15.26,15.34,15.53,18.22,16.33,14.37,11.66,15.39,17.0,16.94,16.17,16.85,14.97,15.12,14.51,16.54,16.31,16.95,10.28,16.67,11.72,15.09,18.28,16.02,15.8,16.51,14.61,15.29,15.08,16.08,10.09,12.09,16.86,16.03,16.77,15.4,16.19,16.88,14.41,15.94,14.98,16.44,19.78,15.46,16.67,18.88,12.84,12.55,15.93,16.14,15.15,15.76,14.95,15.0,16.02,16.91,16.34,16.35,18.01,15.75,16.86,11.25,14.59,16.02,15.3,15.91,16.48,18.44,11.43,17.87,14.84,18.38,11.4,15.0,14.58,16.33,15.01,15.57,12.6,15.96,10.89,12.29,11.94,15.72,14.82,15.65,15.72,15.8,16.63,16.02,16.62,15.61,16.33,14.77,15.71
21,14.92,15.39,13.89,14.93,14.01,16.05,15.77,15.01,12.96,14.66,15.28,15.36,14.65,11.43,16.37,16.23,15.85,18.8,17.33,15.91,13.19,15.69,17.07,13.97,14.61,17.18,18.44,18.93,17.1,16.3,16.09,17.96,14.95,16.43,16.49,16.56,18.08,13.39,18.04,12.04,16.18,16.33,12.49,16.44,15.41,14.17,14.2,16.65,13.04,15.56,13.62,17.95,13.39,15.94,13.79,15.37,14.2,16.48,15.45,14.93,16.99,14.7,16.28,14.41,14.1,13.19,16.4,15.76,16.14,16.32,16.43,15.24,14.66,14.12,16.86,16.28,16.34,14.37,15.97,15.52,14.96,15.89,15.63,15.74,14.93,15.52,15.8,18.39,15.47,16.98,14.33,14.34,15.11,15.84,16.79,17.74,16.99,10.49,16.87,16.33,15.95,17.95,15.2,16.47,14.61,14.95,14.47,16.29,17.29,18.19,16.49,16.88,13.93,17.75,14.46,14.88,16.2,15.73,15.44,15.83,14.98,15.5,14.46,16.16,16.05,18.22,18.19,16.27,18.83,14.05,15.35,13.3,17.31,16.02,15.41,15.19,16.38,15.89,14.49,15.05,13.15,17.23,16.55,15.24,12.25,13.98,15.07,15.0,15.64,18.14,14.73,13.06,15.61,15.47,15.0,17.24,16.16,16.35,17.83,13.14,16.58,13.98,16.14,16.08,14.28,14.43,17.12,12.19,18.32,15.54,16.0,15.91,13.71,14.58,10.98,13.8,15.06,15.84,16.66,12.99,16.23,15.15,13.91,16.05,15.23,15.89,16.78,14.93,15.29,16.59,18.03,14.91,17.03,13.74,17.72,15.74,14.68,14.86,16.21,17.04,14.41,14.48,14.83,17.7,14.28,13.23,13.72,15.14,15.61,15.93,15.38,16.02,15.21,13.65,13.05,15.19,14.85,15.65,10.61,14.89,11.56,15.65,17.08,15.45,14.36,15.71,13.22,17.27,13.75,16.29,10.4,14.02,14.94,15.41,15.76,15.93,15.21,15.3,15.08,16.27,14.17,15.29,19.18,16.33,16.31,18.0,14.87,13.01,16.38,15.41,14.55,14.6,16.24,15.73,15.63,16.52,16.68,16.27,16.79,15.77,16.33,12.64,16.48,15.41,14.03,14.81,16.05,17.88,12.87,16.69,13.12,15.97,12.41,17.12,13.26,15.11,17.25,16.38,14.3,15.52,11.12,12.04,13.3,15.15,14.18,14.79,14.99,14.46,15.16,14.58,16.21,15.46,16.14,14.82,17.71
22,10.1,10.54,9.93,11.17,8.79,11.5,11.07,12.0,9.43,10.02,10.92,12.28,9.99,8.14,13.48,12.98,10.92,15.25,13.75,12.85,8.09,10.64,13.69,10.05,10.93,13.43,15.77,15.45,13.19,11.88,11.65,14.82,10.14,12.07,12.84,13.77,15.41,9.37,15.3,8.04,11.25,11.73,8.73,13.53,12.25,10.08,9.27,13.83,7.94,11.12,8.53,15.26,9.13,11.24,9.27,10.95,9.32,13.62,10.6,10.16,13.79,9.6,11.77,9.75,9.49,9.42,11.54,12.2,11.32,11.42,11.65,10.63,10.23,9.67,13.29,11.58,11.82,9.6,11.53,11.24,11.2,12.02,10.84,11.38,10.07,10.54,11.15,15.59,10.76,13.14,9.26,9.38,10.52,13.05,12.63,15.07,14.26,6.98,13.71,13.53,11.59,14.33,10.92,11.8,9.7,10.04,9.41,12.62,13.93,15.44,13.59,14.15,10.44,14.9,9.37,10.11,11.85,10.9,10.51,11.09,9.93,10.86,9.77,11.2,11.56,15.48,15.5,12.11,15.12,10.38,10.34,8.28,14.05,12.02,10.76,10.2,12.21,12.1,9.88,10.14,9.01,14.31,11.65,11.41,8.44,8.76,11.83,10.02,12.16,15.28,9.7,8.0,10.92,12.42,10.31,13.61,11.46,11.56,14.68,7.87,12.38,9.4,11.51,11.78,9.3,9.78,13.78,7.73,15.52,10.84,11.33,12.96,9.41,9.95,7.4,9.69,10.18,10.88,11.68,8.93,13.43,10.91,9.65,11.71,10.66,11.52,12.79,9.79,12.41,13.3,15.2,10.2,14.0,9.87,14.79,11.09,9.66,10.22,11.6,14.03,9.78,9.81,9.7,14.99,9.16,8.94,8.93,10.25,11.87,12.61,11.01,11.27,11.96,8.56,8.8,11.35,10.87,11.95,7.29,10.59,7.53,11.17,13.77,10.89,10.53,11.14,8.07,14.0,8.9,11.95,7.06,9.3,10.63,10.9,11.06,13.12,10.64,10.69,12.11,11.8,9.5,10.62,15.56,12.16,13.47,14.71,10.22,8.87,13.57,11.08,9.85,10.0,13.04,12.75,10.97,12.06,13.88,11.65,12.59,10.69,11.74,8.55,12.17,10.78,9.8,9.82,11.41,15.05,8.4,13.49,8.1,11.06,8.53,13.81,8.15,11.22,13.92,12.17,9.83,10.8,7.21,7.98,9.66,10.06,9.24,9.63,11.62,9.41,11.4,10.83,11.24,10.46,11.2,10.16,14.44
23,16.56,17.57,14.24,15.16,14.79,19.35,19.14,15.01,13.17,17.47,19.24,15.35,16.31,11.34,16.22,15.87,18.9,17.92,16.85,16.15,13.73,18.65,16.68,14.32,14.73,16.88,18.03,17.97,16.77,20.19,20.18,17.22,13.78,20.28,15.92,16.17,17.89,14.0,17.59,12.83,19.17,20.42,12.88,16.02,16.09,14.32,15.71,16.17,13.09,18.9,13.2,17.7,14.36,14.93,14.92,19.11,15.74,15.99,14.25,17.61,16.76,16.82,19.35,16.1,15.42,13.56,19.68,15.73,19.2,19.55,19.73,18.63,13.4,14.96,16.95,20.5,20.03,15.32,19.89,19.59,14.35,15.12,18.81,15.89,16.85,18.44,20.11,18.23,18.85,17.02,14.82,15.27,18.69,15.67,14.97,17.47,16.54,10.64,16.9,15.74,19.92,17.15,19.25,19.81,16.36,16.3,15.47,15.89,16.86,17.95,16.54,16.89,14.09,17.46,15.27,17.59,19.86,18.74,18.45,20.16,17.53,19.01,13.36,19.24,14.66,17.95,17.98,19.52,17.36,14.19,17.83,13.38,17.02,15.02,18.89,17.34,15.04,15.37,17.83,17.27,13.91,17.08,19.82,14.99,12.39,13.93,15.11,17.82,15.63,17.82,16.38,13.52,14.03,15.29,13.55,16.9,20.6,19.69,17.37,12.56,17.16,14.65,20.03,19.32,15.51,13.34,16.94,12.69,17.97,18.85,19.34,15.49,13.92,17.74,10.78,14.37,17.6,18.6,19.84,13.55,15.91,19.26,14.64,19.06,13.47,19.69,16.5,16.69,15.18,16.35,17.45,17.69,16.94,14.19,17.12,19.35,15.64,17.67,19.56,16.52,15.41,15.52,17.12,17.36,13.15,13.13,13.74,17.76,15.24,15.74,19.31,19.37,15.49,13.87,12.26,14.85,13.65,15.48,10.71,13.59,11.96,19.33,16.6,19.57,13.64,19.41,13.84,16.99,13.8,20.1,10.35,13.95,13.83,19.25,19.13,15.83,18.63,14.27,15.36,19.69,15.21,18.59,18.09,19.69,15.89,17.25,14.86,13.83,15.99,19.33,15.81,17.67,16.45,16.19,19.94,20.66,16.67,20.05,15.76,18.7,20.27,12.58,16.66,18.96,13.84,15.97,20.23,17.63,13.55,16.05,12.5,14.46,12.45,16.81,14.01,15.08,16.9,19.88,14.66,18.89,11.5,12.55,12.95,17.74,15.78,16.82,15.14,15.07,14.55,13.84,19.27,18.44,19.3,17.26,16.74
24,19.46,19.58,16.96,17.79,16.85,22.43,21.83,17.79,15.94,20.47,21.32,18.12,19.5,14.02,18.98,18.5,21.62,19.98,20.46,19.0,15.71,21.74,19.26,17.02,17.35,20.61,20.38,19.93,20.79,22.55,22.49,19.52,15.75,22.93,18.5,18.85,20.58,16.79,19.97,15.89,21.5,22.94,15.67,18.66,18.82,17.01,18.55,18.8,14.88,22.14,14.8,20.2,17.49,17.37,18.02,21.04,18.59,18.59,16.12,20.47,19.82,19.29,22.72,19.16,18.56,16.29,22.7,18.93,21.88,22.44,22.46,20.42,15.93,17.72,20.23,23.23,23.01,18.03,22.56,21.32,16.78,17.68,21.1,19.86,19.43,20.68,22.76,21.02,20.92,20.66,16.99,17.78,20.34,18.4,16.85,20.16,19.17,13.25,19.88,18.41,22.06,19.46,20.97,22.83,18.9,18.81,17.64,18.45,20.12,20.58,19.37,19.65,16.76,20.11,17.35,20.43,22.94,20.94,20.74,22.86,19.94,21.14,15.18,22.34,17.13,20.49,20.44,22.98,19.12,16.84,20.38,17.75,20.16,17.53,21.07,19.85,17.26,17.88,19.5,19.87,16.83,19.99,22.39,17.54,15.45,15.7,17.79,20.1,18.24,20.41,18.83,15.41,16.28,17.96,15.81,20.49,23.28,22.08,19.9,13.92,20.9,17.4,22.56,22.71,18.16,15.69,20.14,16.36,20.47,21.64,22.18,18.12,17.52,19.53,13.65,17.12,20.39,20.82,23.02,16.39,18.65,20.9,17.44,22.63,16.03,22.02,20.69,18.91,17.93,19.46,19.8,20.6,19.9,16.92,19.52,22.02,17.78,20.67,22.55,19.13,18.25,18.36,19.34,19.8,14.54,15.76,18.05,20.5,17.73,18.34,21.14,21.63,18.25,15.83,14.73,17.36,16.21,18.05,13.29,16.12,14.86,22.32,19.18,22.06,16.05,21.56,15.92,20.13,16.17,22.84,12.96,18.2,16.35,21.57,21.18,18.53,20.64,16.7,18.08,22.8,18.1,20.37,19.89,23.08,18.51,19.53,19.16,17.08,18.73,21.27,18.65,19.5,19.38,18.92,22.59,23.11,19.37,22.79,18.14,21.85,22.73,16.01,20.68,21.3,16.4,18.42,22.81,20.19,17.26,18.66,14.38,16.5,15.63,19.96,16.11,17.7,20.08,23.15,18.53,21.49,14.46,15.46,16.07,19.9,18.66,19.12,17.81,17.17,16.97,16.24,21.82,21.18,22.12,20.28,20.12
25,17.7,18.11,16.03,17.27,15.89,19.59,19.17,16.79,14.71,17.79,18.89,17.31,17.5,12.77,18.32,18.39,19.09,20.0,18.96,17.79,14.94,19.01,19.35,16.11,16.84,18.89,20.26,19.93,18.79,19.97,19.76,19.49,16.24,20.13,18.67,18.32,20.45,15.58,19.76,14.05,19.3,19.74,14.4,18.5,17.55,16.35,16.81,18.67,14.5,19.01,14.97,20.04,15.93,17.57,16.31,18.85,16.79,18.37,16.71,17.96,18.66,17.23,19.89,17.19,16.73,15.17,19.99,17.52,19.41,19.8,19.84,18.38,16.11,16.41,18.81,19.61,19.92,16.65,19.47,19.39,17.16,17.94,18.81,17.6,17.65,18.39,19.1,20.33,18.59,18.87,16.2,16.56,18.26,17.45,17.03,20.03,18.71,11.95,18.7,18.28,19.67,19.49,19.0,20.09,17.17,17.51,16.61,18.6,18.95,20.46,18.28,18.68,15.99,20.06,16.49,17.92,19.79,18.82,18.32,19.01,17.66,18.69,15.62,19.68,17.78,20.4,20.26,20.13,19.17,16.18,18.15,15.02,19.01,17.61,18.61,17.86,17.35,18.16,17.45,17.81,15.45,18.92,19.94,17.5,13.84,15.37,17.19,17.71,17.92,20.34,17.13,14.73,16.95,17.46,16.39,18.95,19.43,19.72,19.86,14.41,18.74,16.14,19.5,19.73,16.68,15.93,18.89,13.87,20.36,18.88,19.5,17.9,15.36,17.49,12.22,16.04,17.99,18.76,20.34,15.1,17.91,18.98,16.18,19.63,16.73,19.65,18.5,17.33,16.95,18.26,19.71,17.99,18.77,15.87,19.46,19.04,16.86,18.02,19.81,19.07,16.72,16.81,17.33,19.61,15.46,15.11,15.42,18.05,17.93,18.12,19.08,19.3,17.28,15.27,14.71,17.45,16.38,17.97,12.0,16.46,13.33,19.03,19.27,18.85,16.42,18.99,14.95,18.98,15.5,19.91,11.68,15.68,16.74,18.71,18.91,17.74,18.34,16.88,16.95,19.9,16.45,18.35,19.93,20.17,18.2,19.52,16.62,15.2,18.1,19.12,17.06,17.48,18.15,17.73,18.88,20.19,18.68,19.69,18.23,19.13,19.76,14.09,18.43,18.61,16.04,17.19,19.37,19.94,14.74,18.68,14.3,17.22,13.93,18.78,15.08,17.39,18.9,20.21,16.14,18.82,12.8,13.96,14.63,17.76,16.87,17.26,17.2,16.44,17.4,16.71,19.43,18.59,19.54,17.84,19.12
26,13.5,14.21,12.21,13.62,12.49,14.47,14.48,13.24,10.72,13.06,14.34,13.83,12.92,8.93,15.01,15.01,14.42,17.57,15.09,14.0,11.68,14.26,16.11,12.31,13.19,14.88,17.61,17.62,14.79,15.28,15.23,16.73,13.72,15.17,15.5,15.2,16.97,11.42,17.13,9.3,14.96,15.2,10.22,15.12,13.66,12.66,12.67,15.41,11.48,13.53,12.13,17.1,11.29,14.91,11.81,14.54,12.63,15.25,14.42,13.35,14.83,13.1,14.71,12.79,12.2,11.25,15.12,13.41,14.85,15.08,15.21,14.38,13.17,12.49,14.71,14.69,14.78,12.82,14.54,14.81,14.04,14.85,14.52,13.08,13.66,13.92,14.45,17.24,14.42,14.65,12.92,12.86,14.29,14.1,15.03,16.54,15.76,7.88,14.87,14.89,15.14,16.71,14.39,15.11,13.25,13.71,13.04,15.4,15.16,17.15,14.68,15.27,12.16,16.68,13.11,13.37,14.49,14.6,13.76,14.17,13.31,14.41,13.28,14.86,15.03,17.29,17.44,14.34,17.23,12.44,13.86,10.14,15.15,14.63,14.34,13.74,14.82,15.03,13.53,13.57,11.08,15.28,15.4,14.16,9.42,12.6,13.57,13.22,14.47,17.09,13.3,11.6,14.47,14.05,13.71,14.99,14.78,15.36,16.71,11.53,14.12,12.35,14.94,14.23,12.76,13.04,14.97,8.74,17.32,14.11,14.7,14.58,10.59,13.52,8.06,12.06,13.55,14.52,15.48,10.83,14.76,14.32,12.13,14.15,13.94,15.0,14.46,13.46,13.55,14.36,16.98,13.3,15.04,11.96,16.53,14.34,13.4,13.24,14.81,15.76,12.82,12.92,13.17,16.86,12.86,11.55,10.62,13.59,14.72,14.66,14.57,15.05,13.56,12.16,11.49,14.19,13.33,14.61,8.08,13.56,8.93,13.68,16.02,14.29,13.31,14.69,11.61,15.14,12.2,14.77,7.75,11.02,13.76,14.23,14.83,14.45,14.28,13.99,13.31,14.7,12.51,14.37,17.79,14.43,15.04,16.75,12.01,10.41,15.01,14.56,13.0,13.61,14.26,14.0,14.29,15.5,15.43,14.89,15.5,14.35,15.26,9.46,14.0,14.18,12.65,13.52,14.8,16.94,9.6,15.39,11.51,15.01,9.47,14.88,11.66,13.91,14.98,14.52,11.33,14.22,8.27,9.54,10.46,13.45,12.66,13.23,13.47,13.13,14.32,13.63,14.91,13.91,14.85,13.17,15.6
27,12.93,13.72,10.96,11.77,11.75,14.07,14.15,11.82,10.0,12.79,14.23,12.05,12.35,8.6,12.71,12.26,14.13,14.36,11.83,12.24,10.96,13.84,13.2,11.07,11.33,11.91,14.44,14.28,11.9,14.96,14.97,13.57,11.47,14.87,12.68,12.48,13.85,10.38,14.07,9.6,14.61,14.88,9.65,12.33,13.05,10.99,12.18,12.42,10.52,13.04,10.72,13.98,10.37,12.8,11.05,14.32,12.12,12.41,12.01,13.23,11.32,12.67,14.26,12.2,11.52,10.55,14.74,11.0,14.58,14.65,14.82,14.14,10.82,11.5,12.2,14.26,14.32,11.97,14.2,14.82,11.04,12.07,14.14,10.95,13.2,13.68,14.13,14.18,14.14,12.04,11.71,12.01,14.12,11.77,11.92,13.48,12.77,8.3,12.04,11.89,14.94,13.79,14.43,14.76,12.78,13.05,12.35,12.56,11.89,14.03,12.22,12.63,10.87,13.64,12.33,13.07,14.12,14.24,13.63,13.78,13.0,14.03,11.24,14.46,12.37,14.11,14.32,13.95,13.65,10.86,13.5,8.03,11.38,11.96,14.09,13.42,11.96,12.15,13.29,13.28,10.18,11.96,15.08,11.64,8.61,10.81,11.88,13.05,12.2,13.99,12.89,11.0,11.71,11.94,11.19,11.88,14.47,14.96,13.74,10.19,12.34,11.35,14.59,13.78,12.14,10.75,11.86,7.93,14.16,13.77,14.32,11.94,9.14,13.21,7.48,10.91,13.18,14.14,15.07,9.76,12.12,14.44,11.08,13.61,11.4,14.59,11.56,12.88,11.52,11.01,13.78,13.07,11.91,10.97,13.36,13.95,12.59,13.06,14.44,12.74,12.12,12.25,12.75,13.73,10.92,9.83,8.42,13.28,11.93,12.3,14.41,14.64,12.3,10.98,9.13,11.53,10.68,12.13,8.57,10.92,8.57,13.28,13.09,14.06,10.35,14.34,10.93,11.52,10.68,14.51,7.95,8.81,11.16,14.0,14.48,12.26,13.91,11.95,12.2,14.22,11.96,14.11,14.27,14.02,12.33,13.7,9.65,9.96,12.23,14.47,12.27,13.18,12.09,12.86,14.0,15.2,13.12,14.44,12.88,13.91,14.91,7.98,11.71,13.82,10.61,12.76,14.49,14.03,8.75,12.43,9.77,12.25,8.4,11.07,11.01,11.71,10.97,14.17,9.76,13.94,8.23,9.02,8.47,13.13,12.22,12.81,11.81,12.17,11.26,10.52,14.57,13.62,14.47,12.87,11.61
28,10.15,11.47,9.44,10.41,9.91,10.54,10.87,10.3,8.47,9.14,10.1,10.71,9.28,6.6,11.44,11.2,11.06,13.73,10.65,10.78,8.82,10.62,12.17,9.54,9.97,10.56,13.45,13.86,10.57,11.18,11.09,12.79,10.33,11.04,11.51,11.25,13.02,9.16,13.01,6.86,11.95,11.28,7.9,11.31,10.91,9.52,9.36,11.43,8.43,9.37,9.09,13.06,8.03,10.5,8.51,10.51,9.21,11.32,11.15,9.6,10.86,10.11,10.66,9.17,8.75,8.79,11.32,9.55,11.33,11.47,11.81,10.83,8.97,9.6,10.66,10.71,10.73,9.65,10.39,10.44,10.16,10.85,11.12,8.95,10.32,11.09,10.35,13.05,10.91,10.48,9.65,9.59,10.63,10.32,11.0,12.59,11.7,5.6,11.2,10.94,10.97,12.73,10.0,11.18,10.13,10.48,9.84,11.51,10.82,13.19,10.85,11.09,9.45,12.71,10.1,9.7,10.16,11.42,10.7,10.12,10.33,10.66,10.19,11.25,11.23,13.27,13.36,10.04,13.53,9.39,10.69,5.66,10.97,10.54,10.56,10.62,10.82,11.12,9.89,10.26,8.48,10.97,12.0,10.55,6.43,9.34,10.53,10.21,11.05,13.13,10.17,8.73,10.72,10.59,10.13,10.61,10.8,11.91,12.75,8.68,10.21,9.15,11.06,9.97,9.47,9.45,10.92,5.24,13.32,10.46,11.04,10.84,6.9,9.92,5.27,9.43,10.16,11.71,11.86,8.59,10.8,9.87,9.5,10.02,10.18,10.85,10.23,10.97,10.08,10.36,12.93,9.43,11.12,9.38,12.55,10.55,10.33,9.16,10.92,11.81,9.71,9.77,10.6,12.74,10.03,8.29,6.13,10.19,10.95,11.22,10.3,11.58,10.92,9.04,7.87,10.49,9.25,11.01,5.78,9.5,6.66,9.46,12.07,10.18,9.45,10.85,8.83,10.95,8.84,10.56,5.49,6.69,9.95,10.2,11.37,10.82,10.55,9.69,10.44,10.67,9.37,10.91,14.19,10.14,11.22,12.83,7.59,7.58,11.0,10.3,9.86,10.02,10.74,10.95,10.21,11.39,11.77,11.06,11.4,10.69,11.37,5.9,9.82,10.38,9.15,10.32,10.83,12.96,6.05,11.41,8.22,11.41,6.2,10.83,8.76,10.49,10.96,10.21,7.43,10.62,5.78,7.19,6.9,10.95,9.33,10.36,10.52,10.0,10.4,9.7,11.72,10.51,11.34,9.19,10.82
