ABDON BATISTA,ABELARDO LUZ,AGROLÂNDIA,AGRONÔMICA,ÁGUA DOCE,ÁGUAS DE CHAPECÓ,ÁGUAS FRIAS,ÁGUAS MORNAS,ALFREDO WAGNER,ALTO BELA VISTA,ANCHIETA,ANGELINA,ANITA GARIBALDI,ANITÁPOLIS,ANTÔNIO CARLOS,APIÚNA,ARABUTÃ,ARAQUARI,ARARANGUÁ,ARMAZÉM,ARROIO TRINTA,ARVOREDO,ASCURRA,ATALANTA,AURORA,BALNEÁRIO ARROIO DO SILVA,BALNEÁRIO BARRA DO SUL,BALNEÁRIO GAIVOTA,BANDEIRANTE,BARRA BONITA,BARRA VELHA,BELA VISTA DO TOLDO,BELMONTE,BENEDITO NOVO,BIGUAÇU,BLUMENAU,BOCAINA DO SUL,BOM JARDIM DA SERRA,BOM JESUS,BOM JESUS DO OESTE,BOM RETIRO,BOTUVERÁ,BRAÇO DO NORTE,BRAÇO DO TROMBUDO,BRUNÓPOLIS,BRUSQUE,CAÇADOR,CAIBI,CALMON,CAMBORIÚ,CAPÃO ALTO,CAMPO ALEGRE,CAMPO BELO DO SUL,CAMPO ERÊ,CAMPOS NOVOS,CANELINHA,CANOINHAS,CAPINZAL,CAPIVARI DE BAIXO,CATANDUVAS,CAXAMBU DO SUL,CELSO RAMOS,CERRO NEGRO,CHAPADÃO DO LAGEADO,CHAPECÓ,COCAL DO SUL,CONCÓRDIA,CORDILHEIRA ALTA,CORONEL FREITAS,CORONEL MARTINS,CORUPÁ,CORREIA PINTO,CRICIÚMA,CUNHA PORÃ,CUNHATAÍ,CURITIBANOS,DESCANSO,DIONÍSIO CERQUEIRA,DONA EMMA,DOUTOR PEDRINHO,ENTRE RIOS,ERMO,ERVAL VELHO,FAXINAL DOS GUEDES,FLOR DO SERTÃO,FLORIANÓPOLIS,FORMOSA DO SUL,FORQUILHINHA,FRAIBURGO,FREI ROGÉRIO,GALVÃO,GAROPABA,GARUVA,GASPAR,GOVERNADOR CELSO RAMOS,GRÃO-PARÁ,GRAVATAL,GUABIRUBA,GUARACIABA,GUARAMIRIM,GUARUJÁ DO SUL,GUATAMBÚ,HERVAL D'OESTE,IBIAM,IBICARÉ,IBIRAMA,IÇARA,ILHOTA,IMARUÍ,IMBITUBA,IMBUIA,INDAIAL,IOMERÊ,IPIRA,IPORÃ DO OESTE,IPUAÇU,IPUMIRIM,IRACEMINHA,IRANI,IRATI,IRINEÓPOLIS,ITÁ,ITAIÓPOLIS,ITAJAÍ,ITAPEMA,ITAPIRANGA,ITAPOÁ,ITUPORANGA,JABORÁ,JACINTO MACHADO,JAGUARUNA,JARAGUÁ DO SUL,JARDINÓPOLIS,JOAÇABA,JOINVILLE,JOSÉ BOITEUX,JUPIÁ,LACERDÓPOLIS,LAGES,LAGUNA,LAJEADO GRANDE,LAURENTINO,LAURO MÜLLER,LEBON RÉGIS,LEOBERTO LEAL,LINDÓIA DO SUL,LONTRAS,LUIZ ALVES,LUZERNA,MACIEIRA,MAFRA,MAJOR GERCINO,MAJOR VIEIRA,MARACAJÁ,MARAVILHA,MAREMA,MASSARANDUBA,MATOS COSTA,MELEIRO,MIRIM DOCE,MODELO,MONDAÍ,MONTE CARLO,MONTE CASTELO,MORRO DA FUMAÇA,MORRO GRANDE,NAVEGANTES,NOVA ERECHIM,NOVA ITABERABA,NOVA TRENTO,NOVA VENEZA,NOVO HORIZONTE,ORLEANS,OTACÍLIO COSTA,OURO,OURO VERDE,PAIAL,PAINEL,PALHOÇA,PALMA SOLA,PALMEIRA,PALMITOS,PAPANDUVA,PARAÍSO,PASSO DE TORRES,PASSOS MAIA,PAULO LOPES,PEDRAS GRANDES,PENHA,PERITIBA,PESCARIA BRAVA,PETROLÂNDIA,BALNEÁRIO PIÇARRAS,PINHALZINHO,PINHEIRO PRETO,PIRATUBA,PLANALTO ALEGRE,POMERODE,PONTE ALTA,PONTE ALTA DO NORTE,PONTE SERRADA,PORTO UNIÃO,POUSO REDONDO,PRAIA GRANDE,PRESIDENTE CASTELLO BRANCO,PRESIDENTE GETÚLIO,PRESIDENTE NEREU,PRINCESA,QUILOMBO,RANCHO QUEIMADO,RIO DAS ANTAS,RIO DO CAMPO,RIO DO OESTE,RIO DOS CEDROS,RIO DO SUL,RIO FORTUNA,RIO NEGRINHO,RIO RUFINO,RIQUEZA,RODEIO,ROMELÂNDIA,SALETE,SALTINHO,SALTO VELOSO,SANGÃO,SANTA CECÍLIA,SANTA HELENA,SANTA ROSA DE LIMA,SANTA ROSA DO SUL,SANTA TEREZINHA,SANTA TEREZINHA DO PROGRESSO,SANTIAGO DO SUL,SANTO AMARO DA IMPERATRIZ,SÃO BERNARDINO,SÃO BENTO DO SUL,SÃO BONIFÁCIO,SÃO CARLOS,SÃO CRISTÓVÃO DO SUL,SÃO DOMINGOS,SÃO FRANCISCO DO SUL,SÃO JOÃO DO OESTE,SÃO JOÃO BATISTA,SÃO JOÃO DO ITAPERIÚ,SÃO JOÃO DO SUL,SÃO JOAQUIM,SÃO JOSÉ,SÃO JOSÉ DO CEDRO,SÃO JOSÉ DO CERRITO,SÃO LOURENÇO DO OESTE,SÃO LUDGERO,SÃO MARTINHO,SÃO MIGUEL DA BOA VISTA,SÃO MIGUEL DO OESTE,SÃO PEDRO DE ALCÂNTARA,SAUDADES,SCHROEDER,SEARA,SERRA ALTA,SIDERÓPOLIS,SOMBRIO,SUL BRASIL,TAIÓ,TANGARÁ,TIGRINHOS,TIJUCAS,TIMBÉ DO SUL,TIMBÓ,TIMBÓ GRANDE,TRÊS BARRAS,TREVISO,TREZE DE MAIO,TREZE TÍLIAS,TROMBUDO CENTRAL,TUBARÃO,TUNÁPOLIS,TURVO,UNIÃO DO OESTE,URUBICI,URUPEMA,URUSSANGA,VARGEÃO,VARGEM,VARGEM BONITA,VIDAL RAMOS,VIDEIRA,VITOR MEIRELES,WITMARSUM,XANXERÊ,XAVANTINA,XAXIM,ZORTÉA,BALNEÁRIO RINCÃO,semana
16.625,-0.56,5.6875,-27.625,-6.002500000000001,22.44,-8.625,-16.872500000000002,0.5,-11.255,-5.879999999999999,16.6225,-4.13,-17.939999999999998,-20.814999999999998,-31.814999999999998,-5.125,-106.875,-14.689999999999998,-76.06,-32.19,1.875,-27.0,-1.1824999999999974,-33.005,-11.185000000000002,-113.0,-35.63,4.125,12.5,-56.315,-8.745000000000001,-2.0,-31.875,-27.252499999999998,26.315,23.497500000000002,20.875,-7.630000000000001,-0.129999999999999,-2.995,-0.9400000000000004,-68.815,-5.625,-12.754999999999999,31.1275,-11.620000000000001,-10.934999999999999,-10.122499999999999,-51.3775,-20.939999999999998,-23.8125,-1.38,-3.0599999999999987,24.625,23.814999999999998,-3.4399999999999995,-9.754999999999999,-87.815,-6.25,18.685,14.565,-3.875,-14.25,38.565,-111.25,-10.25,31.744999999999997,5.880000000000001,-6.505,2.1849999999999987,11.625,-48.245000000000005,-40.005,5.745000000000001,11.809999999999999,1.75,-20.875,-71.0,-44.315,-3.0599999999999996,-56.620000000000005,7.692499999999999,-9.120000000000001,-20.25,-16.0,1.745,-56.69,-26.0,-26.314999999999998,-15.559999999999999,-81.375,-85.25,33.63,-4.682499999999997,-80.6275,-73.995,20.880000000000003,-0.3099999999999987,-105.875,-20.875,32.065,-16.375,-10.057500000000001,-24.497500000000002,-37.94,-80.06,20.3125,-97.935,-88.94,-9.625,1.0600000000000023,-32.19,-17.75,-0.375,-8.255,-6.75,-26.75,-1.6850000000000005,2.0,7.497499999999999,1.3099999999999996,-32.685,23.005000000000003,-27.255000000000003,11.625,-96.755,-16.0625,-13.129999999999999,-32.565,-45.5,10.505000000000003,-14.004999999999999,-10.125,-57.625,-43.94,-19.185,-5.870000000000001,8.247499999999999,-121.435,-5.380000000000001,-32.995,6.372499999999999,-14.752499999999998,-10.25,-0.875,-45.315,-1.625,-5.315000000000001,-10.252500000000001,-32.505,17.689999999999998,-10.245000000000001,-40.875,-31.630000000000003,-5.380000000000001,-16.869999999999997,-1.3800000000000008,-105.5025,-29.494999999999997,-2.75,-2.130000000000001,-22.869999999999997,-21.935000000000002,-112.375,-55.25,-0.6850000000000023,20.369999999999997,8.565,9.309999999999999,-32.9325,-13.565,-28.125,22.1875,-17.505,-7.125,6.4350000000000005,17.064999999999998,-37.315,-20.69,17.505,-2.9400000000000013,-32.245,14.69,-27.682500000000005,-8.19,-93.25,-90.375,-0.6850000000000023,-13.125,-87.815,-3.370000000000001,-55.375,-10.630000000000003,-25.064999999999998,-16.56,13.625,-32.13,-2.9349999999999987,9.814999999999998,-9.0,-11.190000000000001,-33.1925,-20.432499999999997,-13.434999999999999,-40.81,-19.995,-6.065000000000001,-2.0599999999999996,0.567499999999999,-19.310000000000002,-31.9375,-33.62,-15.5625,-40.37,-75.495,-14.935000000000002,7.9975000000000005,-19.494999999999997,-31.875,-3.504999999999999,-53.75,-1.25,-10.252500000000001,-124.815,-17.502499999999998,-0.1850000000000005,-75.495,-30.3125,-41.435,-10.0,-1.745,-42.995000000000005,-7.245000000000001,-19.810000000000002,-92.75,22.44,-14.189999999999998,-6.935,-10.685000000000002,4.44,12.25,-106.815,-24.689999999999998,28.75,-76.255,-4.370000000000001,10.747499999999999,-8.245,-74.255,-61.565,-5.995000000000001,6.625,-59.06,-10.630000000000003,-34.435,3.0,-0.875,-6.8125,-36.065,2.0,-36.19,-14.940000000000001,-5.995000000000001,21.810000000000002,-37.495,-31.189999999999998,-6.252500000000001,-23.87,2.1300000000000026,-111.5,-10.5625,-8.3125,-70.81,-0.1850000000000005,-56.620000000000005,-14.004999999999999,4.4399999999999995,11.9325,-94.005,-12.315,-4.184999999999999,-14.625,-11.190000000000001,-17.81,-47.505,-71.0,-4.75,1.3099999999999996,15.0,3.869999999999999,-33.06,2024-01-07
176.87,19.6875,102.12,101.1275,83.4375,79.315,88.815,51.6275,32.685,97.375,29.932499999999997,37.0025,161.3775,15.4375,33.375,74.5025,128.125,52.0025,20.255000000000003,49.6875,152.495,148.6275,38.25,90.1275,90.19,22.3125,66.3125,6.3125,77.495,29.9425,7.057500000000001,49.1275,95.5,42.38,39.0575,8.247499999999999,88.8075,38.75,84.0575,46.8075,19.435,21.8125,38.875,104.875,147.185,-18.619999999999997,46.065,90.745,31.13,37.432500000000005,102.8175,29.685,116.9325,24.994999999999997,135.6925,-10.310000000000002,48.3125,109.9975,15.19,110.62,40.6275,159.56,141.31,54.6875,82.37,72.1925,153.56,69.2475,66.2475,45.6875,35.3125,136.375,39.379999999999995,107.375,90.5,86.87,77.875,68.63,76.255,48.63,64.1275,33.5625,125.685,167.9375,63.5,36.3125,56.31,34.8775,79.125,65.935,24.502499999999998,29.619999999999997,9.684999999999999,38.685,11.7475,14.747500000000002,35.31,-3.754999999999999,78.3175,77.2525,68.63,69.1275,165.1275,157.4425,169.1825,51.185,62.75,5.502499999999998,39.625,31.567500000000003,51.375,12.690000000000001,152.495,166.815,100.0675,64.9425,116.565,81.5575,172.1225,46.935,93.2525,144.875,42.745,25.8725,40.3125,112.25,-1.3774999999999977,57.505,153.315,38.245,69.315,35.125,79.0575,126.625,33.44,56.565,14.255,150.565,73.3125,15.6225,60.685,93.1275,32.504999999999995,41.692499999999995,59.7475,125.3775,108.6275,22.182499999999997,101.065,61.375,32.6275,21.88,46.3175,30.38,88.995,60.685,33.3125,18.5625,37.0,85.625,61.4325,99.5675,82.2525,36.2525,76.745,21.377499999999998,37.125,77.69,79.875,8.375,26.0025,28.1875,20.12,113.6825,159.1275,106.2525,140.3075,64.565,56.3125,44.755,143.685,81.25,38.5025,66.8075,29.935,123.5025,32.185,45.3725,37.125,145.7475,15.19,81.37,-9.439999999999998,87.255,134.815,114.44,68.625,12.439999999999998,155.8775,90.6875,155.435,80.56,108.5025,54.245,163.505,61.625,109.685,89.0625,62.815,39.1875,79.69,44.81,134.935,33.1275,93.94,16.0625,44.38,49.94,98.25,42.38,31.807499999999997,69.1825,39.5575,61.375,83.3125,53.6225,99.1925,16.0625,9.940000000000001,31.122500000000002,15.0625,66.75,70.8075,25.625,39.9375,33.0,79.315,140.75,47.435,-1.807500000000001,98.9375,9.87,65.005,30.375,50.315,61.4375,72.37,153.3725,23.06,29.1875,55.25,35.0,61.625,58.7475,87.255,40.31,142.0,56.875,31.8125,17.7525,46.935,74.375,76.3775,35.0,35.7525,32.435,29.682499999999997,39.817499999999995,17.3125,31.1225,68.0625,109.19,106.7525,20.6875,99.1925,33.5625,79.0575,29.877499999999998,46.745,48.81,112.315,150.69,119.5575,74.1225,75.0625,53.315,76.255,92.94,136.3725,109.3725,96.87,44.8725,2024-01-14
12.5,-1.1875,33.25,35.75,7.627500000000001,1.0025000000000004,20.69,32.7525,9.690000000000001,7.875,15.065000000000001,16.4975,7.875,38.3775,40.6275,34.1875,-18.69,181.0,51.3775,100.5625,32.3075,0.8700000000000001,19.439999999999998,18.935000000000002,29.064999999999998,48.5025,176.81,49.755,12.190000000000001,6.62,99.6275,13.125,15.370000000000001,26.939999999999998,44.6275,21.372500000000002,3.1875,5.38,9.625,21.625,-12.125,6.2475000000000005,110.3075,34.63,26.185,-1.2474999999999987,1.4349999999999987,10.0625,-2.317499999999999,70.4375,31.9975,33.12,6.755,1.8725000000000005,10.0,-5.557500000000001,8.557500000000001,8.995,97.0675,-36.0,-8.8125,7.8125,5.88,-7.690000000000001,-1.5675,159.75,-6.0,-0.6850000000000005,-2.5649999999999995,1.875,21.4975,13.81,81.005,60.565,18.315,20.7475,9.0,5.5,76.38,44.8075,1.3725,74.435,9.625,13.065,38.38,51.0,-2.6849999999999996,84.9375,25.44,20.2475,8.442499999999999,113.0,115.12,49.815,23.814999999999998,143.0575,90.125,-7.625,14.682500000000001,183.0,5.5,-3.9375,24.630000000000003,4.625,18.5025,33.4975,123.3725,56.81,124.5625,124.6875,9.19,32.8775,32.3075,9.190000000000001,2.25,9.625,-24.619999999999997,46.0,-15.877500000000001,10.440000000000001,28.4975,-6.8725000000000005,37.8125,55.315,39.125,-2.5,153.995,8.190000000000001,-9.435000000000002,50.1875,98.87,26.314999999999998,25.255,-16.060000000000002,110.31,50.1275,11.2525,-3.254999999999999,15.6875,134.0625,-2.8149999999999995,37.245,26.2475,23.497500000000002,7.5,-14.75,40.3775,28.31,-25.432499999999997,-1.8724999999999987,29.314999999999998,6.6825,14.245000000000001,76.87,50.625,-2.8149999999999995,44.315,-9.184999999999999,123.6275,16.315,21.56,1.755,18.505,23.252499999999998,171.75,68.38,57.8125,2.3150000000000004,4.3725000000000005,3.4975,57.125,0.5675000000000008,73.88,3.5599999999999987,1.6849999999999987,8.87,-11.2525,5.3125,73.4975,-6.432499999999997,-14.685000000000002,9.9375,28.435000000000002,9.8725,64.375,-10.3125,127.75,130.75,57.8125,6.0,97.0675,-3.9349999999999987,93.38,30.375,18.0575,10.7525,-1.9399999999999995,50.995,10.0625,18.8725,-11.190000000000001,3.6274999999999995,36.625,46.815,1.692499999999999,44.0025,21.125,13.067499999999999,-0.2474999999999996,22.125,12.0625,28.75,45.625,25.38,41.005,138.245,29.0025,4.8075,33.625,26.939999999999998,20.755,53.31,10.12,-1.8724999999999987,187.0675,27.6875,10.3125,138.245,61.37,33.1225,18.31,0.685,62.245000000000005,0.6849999999999987,38.6825,130.25,1.0025000000000004,23.997500000000002,4.4325,54.0625,2.0025000000000004,5.87,197.1875,63.2475,15.44,94.935,6.0649999999999995,14.9375,-3.5650000000000013,118.125,97.3175,29.685,6.0,76.3725,30.375,94.0025,-7.369999999999999,19.88,30.0,58.3775,10.440000000000001,31.627499999999998,-1.932500000000001,29.685,18.9975,50.745,26.307499999999997,19.067500000000003,14.435,28.125,166.31,-2.5,39.13,85.6925,10.3125,74.435,25.255,3.9325,11.815,138.625,9.4975,16.5025,-22.810000000000002,7.9975000000000005,2.182500000000001,52.185,76.38,5.25,-10.8125,0.8700000000000001,4.9350000000000005,64.5025,2024-01-21
-49.685,-2.0,-93.565,-65.1275,25.75,-13.9375,-48.2475,-28.247500000000002,-28.002499999999998,-56.31,-34.125,-20.9975,-49.3775,-23.130000000000003,-17.5,-48.1875,-16.56,-38.7475,15.875,-10.629999999999999,-10.375,-31.4375,-41.13,-83.4975,-47.6275,17.94,-46.5,7.3100000000000005,-39.935,-26.935,1.3150000000000013,-42.9975,-40.12,-51.565,-17.005,-3.1224999999999987,-44.435,-19.869999999999997,-78.505,-33.565,-31.432499999999997,-22.0,-24.560000000000002,-97.94,-53.1825,16.875,-8.6875,-22.245,-16.255000000000003,-6.625,-10.125,-21.0025,-46.004999999999995,-34.685,-63.685,2.8125,-32.94,-57.1225,-14.747499999999999,1.9350000000000023,-33.5575,-80.0625,-40.1225,-53.06,-39.375,-42.125,-42.8725,-39.1925,-50.2525,-93.87,-23.5,-44.19,-10.434999999999999,-13.379999999999999,-12.88,-30.814999999999998,-37.81,-57.565,-26.625,-37.815,-95.9975,-3.25,-18.1825,-24.810000000000002,-26.939999999999998,-17.0,-86.6925,-6.807500000000001,-4.25,-6.002500000000001,-62.317499999999995,-11.934999999999999,-10.432499999999997,-11.432499999999997,-20.8725,-20.182499999999997,-10.3125,1.754999999999999,-40.685,-25.4375,-57.565,-36.4975,-15.627500000000001,-18.565,-11.625,-41.0025,-35.25,7.182499999999997,-31.810000000000002,-10.254999999999999,-27.060000000000002,-29.997500000000002,-10.375,-39.0575,-35.375,-99.685,-7.747499999999999,-20.875,-10.682500000000001,-43.1225,-41.7475,-27.75,-8.685,-28.0625,-4.0,-38.0,-4.8125,-58.625,0.19250000000000256,-13.745000000000001,-32.6275,-12.620000000000001,-45.625,2.0600000000000023,-19.6875,-46.8175,-42.125,-15.817499999999999,-12.629999999999999,-24.752499999999998,-50.1225,-60.317499999999995,-20.375,-6.065000000000001,-22.622500000000002,-21.7475,-50.6275,-27.185000000000002,6.002500000000001,-11.689999999999998,-7.247499999999999,-11.875,-33.185,-0.9349999999999987,-20.185,-50.1225,-20.31,-12.879999999999999,-6.309999999999999,-31.619999999999997,-26.935,-33.815,-18.3775,-23.567500000000003,-46.745,-22.9975,-18.5,-43.1875,-56.75,-5.8100000000000005,-18.127499999999998,-58.25,-25.314999999999998,-91.815,-8.497500000000002,-48.3775,-47.185,-44.8075,-23.119999999999997,-59.185,-80.3725,-16.44,-22.2475,-38.815,-0.002500000000001279,-23.377499999999998,-35.8125,-37.1225,-18.5,-52.8125,-14.747499999999999,-74.685,10.377500000000001,-20.815,-9.3175,-42.5675,-34.81,-28.1875,-82.3775,-24.06,-21.432499999999997,-41.8125,-56.8175,-23.875,-13.375,-41.5,-51.1225,-44.38,-88.0575,-13.25,-15.627500000000001,-21.6225,-53.3725,-33.0575,-49.6275,-20.189999999999998,-4.994999999999999,-30.4375,-18.06,-51.565,-30.814999999999998,-22.505000000000003,-34.125,-11.689999999999998,-49.81,-27.0025,-38.565,-20.189999999999998,6.5625,-14.372499999999999,-32.0,-110.69,-33.625,-34.75,-17.5,-38.69,-13.9375,-39.06,-87.4325,-27.564999999999998,-37.87,-3.505000000000001,-40.565,-4.0,-33.1875,-35.5,-48.125,-71.7525,-36.7525,-29.560000000000002,-11.809999999999999,-33.0,-34.94,-31.372500000000002,-20.815,-14.442500000000003,-18.5,-36.44,-22.630000000000003,2.8125,-43.1225,-28.560000000000002,-20.7475,-33.0,-33.6275,-28.252499999999998,-45.125,-13.625,-48.13,-23.8125,-43.38,-2.1275000000000013,-89.1875,-16.63,-38.565,-3.25,-45.625,-18.997500000000002,-27.435000000000002,-37.1925,-36.0575,-45.3775,-5.185000000000002,-27.432499999999997,-21.75,-25.317500000000003,-26.625,-55.0675,-16.8125,-33.1825,-50.685,-18.8125,2024-01-28
-1.81,1.19,-12.5,-11.0,-20.377499999999998,-68.6875,-11.1875,-23.127499999999998,-19.6875,5.06,-13.807500000000001,-30.8125,-0.25,-31.557499999999997,-11.3175,-13.81,21.2475,-62.44,-3.1275000000000004,-43.19,6.255,-1.6850000000000005,4.5025,-0.8125,-5.4375,-3.8175,-85.5625,5.375,-12.6875,-25.745,-50.2475,-3.5,-12.125,-0.8774999999999995,-11.247499999999999,-13.0625,-43.5,-30.185000000000002,-11.63,-6.75,6.5,-12.0025,-24.625,-17.375,0.4974999999999996,-7.6875,2.7474999999999987,-13.129999999999999,2.3150000000000013,-29.0,-0.37250000000000005,3.3149999999999995,-0.255,-2.692499999999999,-3.8099999999999996,-11.315000000000001,-0.125,9.875,-41.565,2.3100000000000023,-19.0,-0.81,0.125,8.4375,-8.745,-22.87,16.88,-9.6875,-8.432500000000001,-11.440000000000001,-16.0625,-14.5625,-5.5649999999999995,-7.1875,-49.9375,-2.0625,-11.620000000000001,-17.25,-14.495000000000001,-4.875,-21.4425,-1.3724999999999996,11.19,-22.5575,-10.995,-14.870000000000001,-9.057500000000001,-5.380000000000001,13.0625,9.9975,-10.815000000000001,-52.31,-36.625,-21.5675,-3.2474999999999987,-24.875,-21.81,-4.25,-27.005,-78.5,-17.25,-6.130000000000001,11.375,13.69,10.1925,6.2475,-14.1825,-15.1925,-79.25,-62.0,-29.567500000000003,-9.6275,6.255,14.752500000000001,-9.75,-17.5,28.125,-9.0,7.877500000000001,-4.557499999999999,-6.3125,7.0625,-48.37,-28.3075,-21.439999999999998,-11.5,-29.314999999999998,-5.247499999999999,24.252499999999998,-0.1200000000000001,-11.065,-10.747499999999999,-1.875,0.5024999999999977,-40.8725,-5.6875,-10.807500000000001,14.935,-21.31,-31.689999999999998,-13.692499999999999,-18.505,-24.3725,-18.5625,-42.25,4.75,-3.2475000000000005,-19.3725,-1.875,-8.247500000000002,-24.747500000000002,-14.684999999999999,-7.505000000000001,-4.505000000000001,-2.25,-13.692499999999999,-21.4375,9.8125,-9.1275,4.432499999999999,-2.3125,-6.875,19.505,-3.307499999999999,-26.37,-10.435,-48.37,-20.5575,-1.4324999999999992,-9.5625,-13.38,-4.495000000000001,-22.314999999999998,-0.0625,20.567500000000003,-9.505,0.8175000000000008,-51.75,-13.002500000000001,1.745000000000001,-1.9375,-31.380000000000003,-12.692499999999999,-17.0625,2.75,4.119999999999999,-40.06,-25.87,-48.37,9.5,-41.565,15.8125,-63.495000000000005,-18.62,16.375,8.0025,-25.8125,-10.875,-14.440000000000001,8.0575,3.557500000000001,1.8125,-26.939999999999998,-0.9974999999999996,22.435,-14.817499999999999,-25.12,-31.125,-16.3175,-32.88,18.5,-10.129999999999999,-25.060000000000002,-7.1850000000000005,-7.875,-27.314999999999998,-23.6875,-28.375,-18.75,-0.8774999999999995,-17.875,-26.8125,0.125,-8.247500000000002,-32.875,-0.8800000000000008,-14.620000000000001,-27.314999999999998,3.625,-20.192500000000003,-13.1925,-10.9425,-11.125,-0.182500000000001,-4.244999999999999,-37.69,-68.6875,-0.4324999999999992,-14.125,-31.369999999999997,-13.807500000000001,-3.745,-75.0,2.8075,-22.6275,-22.3725,-22.817500000000003,-3.37,-1.0625,-17.63,-46.685,-11.5625,-13.0,-17.8725,-18.62,-31.6875,6.0649999999999995,-5.495,-13.690000000000001,2.8725,-4.557499999999999,-10.1875,21.375,-11.5625,-23.122500000000002,-5.565,0.375,-20.495,0.4975000000000005,-18.81,-27.5625,-10.810000000000002,-20.685,-25.435,-14.620000000000001,-1.3724999999999996,-1.875,-21.935,-29.4375,-23.94,-10.4425,0.7525,3.2524999999999977,-45.8725,22.995,-17.8125,-14.495000000000001,-7.5,10.059999999999999,-7.125,8.317499999999999,-6.067500000000001,2024-02-04
34.8725,-11.69,53.7475,46.1875,-29.560000000000002,-20.630000000000003,-2.9375,-24.877499999999998,-8.372500000000002,11.442500000000003,-8.939999999999998,-39.4375,6.877499999999998,-17.685000000000002,-8.369999999999997,12.060000000000002,-90.5675,-49.9375,-15.059999999999999,-5.184999999999999,-37.13,-99.75,3.4949999999999974,51.8725,37.1275,-14.057500000000001,-56.19,-21.252499999999998,-18.497500000000002,-20.377499999999998,-12.747500000000002,35.432500000000005,3.0050000000000026,17.6875,-3.4349999999999987,-24.817500000000003,23.8725,15.184999999999999,39.935,-13.8125,3.0649999999999977,-6.309999999999999,8.682499999999997,64.7475,11.375,-29.630000000000003,-31.75,-2.625,-12.814999999999998,-27.0,-5.369999999999997,1.3775000000000013,16.314999999999998,-31.317499999999995,11.872500000000002,-20.0,7.9375,12.5625,-6.127500000000001,-27.0625,-2.4949999999999974,35.62,6.5625,22.252499999999998,-1.0600000000000023,6.75,-35.2475,11.875,20.557499999999997,3.6850000000000023,-31.189999999999998,-13.002499999999998,-14.557499999999997,-28.435000000000002,-25.005000000000003,8.4375,0.5024999999999977,-4.192500000000003,15.629999999999999,-1.5625,37.8125,-4.0,-27.064999999999998,-39.567499999999995,-9.002499999999998,-6.689999999999998,0.9950000000000045,-8.564999999999998,-12.879999999999999,-10.682499999999997,-22.745000000000005,3.192499999999999,20.565,-13.125,2.7525000000000013,25.744999999999997,-6.940000000000001,-27.125,-35.567499999999995,-111.44,-4.192500000000003,3.0024999999999977,-35.6225,-43.2525,-33.12,6.497500000000002,-0.9399999999999977,2.6850000000000023,15.122499999999999,1.754999999999999,-14.1875,9.122500000000002,-37.13,-4.125,14.940000000000001,37.432500000000005,-86.9375,-15.0,-66.935,-31.997500000000002,-24.377499999999998,-89.38,-25.1875,25.87,-23.060000000000002,16.69,-98.56,49.37,-28.625,11.505,-5.002499999999998,-58.754999999999995,-12.75,-28.622500000000002,-21.0,16.125,-37.19,-23.185000000000002,-1.504999999999999,2.2475000000000023,22.502499999999998,40.875,9.119999999999997,-30.8125,-17.6875,-64.8775,14.627499999999998,11.752500000000001,-29.377499999999998,-32.5625,-7.627500000000001,-45.19,23.8125,-13.317500000000003,-16.557499999999997,22.502499999999998,9.252500000000001,-7.314999999999998,-5.4375,32.435,-11.6875,14.747499999999999,-16.752499999999998,15.315000000000001,5.685000000000002,0.7525000000000013,1.6899999999999977,4.380000000000003,17.810000000000002,-26.807499999999997,-1.0625,-53.75,24.5675,36.6875,-12.1875,22.067500000000003,-30.057500000000005,24.875,-22.314999999999998,-7.0674999999999955,14.5625,-18.872500000000002,2.3125,-41.432500000000005,-69.6925,-13.192500000000003,22.75,9.502499999999998,1.6899999999999977,-7.5,-6.127500000000001,32.1825,2.3724999999999987,-29.872500000000002,-31.185000000000002,-9.564999999999998,-2.2475000000000023,14.880000000000003,20.9375,13.0625,-34.995000000000005,-5.189999999999998,39.435,17.87,-9.119999999999997,26.12,4.252499999999998,-20.245000000000005,33.565,-44.879999999999995,-14.252499999999998,10.182500000000001,38.0025,-3.875,28.8775,27.1275,-27.755000000000003,8.440000000000001,-13.747500000000002,17.6875,-3.7524999999999977,16.125,-38.879999999999995,-32.5625,7.502499999999998,10.627500000000001,8.377500000000001,27.1275,-56.870000000000005,-11.627499999999998,11.75,32.7475,-21.560000000000002,-52.19,-18.630000000000003,25.1275,-20.630000000000003,12.5625,10.685000000000002,-155.2525,13.745000000000001,-20.935000000000002,-82.8125,-49.56,25.75,-18.620000000000005,-14.0,42.1875,-64.8725,10.8125,-2.1875,1.5600000000000023,-16.752499999999998,-19.1875,-29.872500000000002,-47.125,-96.5,-39.442499999999995,-0.18500000000000227,-19.189999999999998,-31.997500000000002,22.622500000000002,-17.557499999999997,1.5600000000000023,12.247500000000002,10.1875,13.119999999999997,-13.560000000000002,37.375,7.130000000000003,5.935000000000002,-42.0625,58.25,-8.505000000000003,8.377500000000001,-4.0,-12.75,6.0625,12.252500000000001,15.814999999999998,13.435000000000002,2.4375,-22.057499999999997,-5.435000000000002,-18.810000000000002,6.255000000000003,15.629999999999999,17.564999999999998,-93.5,-42.254999999999995,9.0625,-14.869999999999997,2024-02-11
-51.1875,-4.1275,-42.0,-39.06,-38.6225,42.94,-25.630000000000003,-48.682500000000005,-32.38,-58.8725,-26.935000000000002,-25.689999999999998,-49.5,-22.494999999999997,-19.244999999999997,-42.0675,-55.2525,20.377499999999998,-38.3125,-10.432499999999997,-23.495,-36.6875,-32.9975,-45.06,-39.56,-39.125,31.0,-31.439999999999998,-38.75,-11.494999999999997,11.3125,-20.25,-26.189999999999998,-16.3725,-11.877500000000001,-18.810000000000002,-46.81,-23.497500000000002,-37.435,-22.69,-37.87,-75.5025,-34.75,-38.12,-52.5625,-48.0,-20.0625,-5.565000000000001,-42.4375,-63.56,-62.4375,-57.1875,-55.875,-26.625,-44.6875,-34.7525,-46.81,-83.88,14.877500000000001,5.747500000000002,-6.619999999999997,-57.2475,-64.12,-42.31,-24.255000000000003,-104.065,-50.815,-36.5,-34.565,-32.1825,-8.559999999999999,-26.869999999999997,-86.5625,-3.380000000000001,28.69,-20.87,-22.994999999999997,-38.25,-17.375,-29.810000000000002,-19.564999999999998,-23.8175,-20.2475,-5.434999999999999,-14.684999999999999,-34.435,-25.755000000000003,-60.745000000000005,-28.5,-34.6825,-32.6825,20.9325,10.060000000000002,-71.435,-52.4975,-49.06,-3.1875,-34.75,-58.004999999999995,20.119999999999997,-38.25,-26.185000000000002,-28.13,-28.9375,-20.435,-35.4325,-105.065,-48.315,29.810000000000002,40.19,-34.504999999999995,-17.752499999999998,-23.495,-56.6875,-19.189999999999998,-54.44,-55.88,-11.059999999999999,-37.7475,-25.314999999999998,-81.69,-47.06,1.3149999999999977,-73.755,-38.8125,-9.809999999999999,-5.622500000000002,-48.1275,-54.057500000000005,-22.185,-94.5025,-1.8775000000000013,-32.44,-17.127499999999998,2.2524999999999977,-30.619999999999997,-39.935,-39.3125,-36.3075,1.1875,-28.505000000000003,-12.244999999999997,-30.127499999999998,-41.44,-12.0,-37.0,-19.9375,-27.4375,11.380000000000003,-16.1875,-34.567499999999995,-18.057499999999997,-20.625,-50.375,-13.620000000000001,-28.505000000000003,-8.559999999999999,-44.0,-28.8125,13.125,-19.56,-22.0,-60.875,-18.375,-112.375,-16.5575,6.435000000000002,-18.625,-43.815,-25.130000000000003,-25.935000000000002,-29.375,-38.3725,-56.56,-50.625,-19.565,-2.755000000000001,-42.629999999999995,-71.1225,-34.065,-39.629999999999995,15.375,-26.625,-43.63,-67.75,-25.814999999999998,-26.9375,-54.065,6.435000000000002,-64.81,14.877500000000001,-43.37,17.435000000000002,-2.6849999999999987,-24.38,-71.5575,-8.939999999999998,-15.869999999999997,-28.372500000000002,-14.625,-19.625,-50.0,-10.372500000000002,-24.8775,-43.8125,-14.005000000000003,-27.935000000000002,-54.0,-21.564999999999998,-24.005000000000003,-47.75,-8.684999999999999,-1.1875,-11.127500000000001,-15.440000000000001,-47.3125,-33.25,-26.060000000000002,-0.5,-16.3725,-20.380000000000003,8.5,-24.369999999999997,-16.1875,-122.94,-5.315000000000001,-14.875,-47.3125,-53.63,-18.125,-28.875,-31.314999999999998,-78.62,-25.935000000000002,-40.565,-35.432500000000005,42.94,-24.814999999999998,-38.56,-18.625,-13.184999999999999,-8.065,22.689999999999998,-66.625,-17.8125,-49.8775,-45.435,-45.755,-26.689999999999998,-43.935,-26.567499999999995,-18.44,-25.25,-49.3775,-2.6849999999999987,-6.130000000000003,-47.4975,-26.375,-46.692499999999995,-31.372500000000002,-25.314999999999998,9.75,-53.63,-18.44,-67.6275,-19.3125,-22.880000000000003,-44.125,-38.6925,-32.6875,-96.06,-0.6875,-28.627499999999998,-15.377499999999998,-14.875,-23.8175,-32.44,-17.377499999999998,-21.380000000000003,-70.0025,-28.625,-45.4975,-5.747500000000002,4.002499999999998,-60.315,-19.619999999999997,-17.375,-26.880000000000003,-41.5625,-30.810000000000002,-55.125,-103.005,2024-02-18
28.0675,12.6275,43.6875,39.75,54.8125,5.065000000000001,16.0,59.6875,43.8125,42.125,34.7475,64.94,43.6825,46.5625,32.125,52.6875,72.255,90.0,31.8125,16.942500000000003,45.565,112.37,37.995,44.6875,43.8125,31.125,90.8075,34.6875,41.5625,37.3175,23.5625,22.255,18.625,34.5,19.0025,30.995,26.9375,26.4975,30.627499999999998,27.56,32.8125,28.8725,25.995,37.4375,41.81,56.875,49.5,-0.75,46.0675,54.62,30.815,24.5625,46.2525,54.254999999999995,54.0575,54.12,36.44,32.370000000000005,24.9375,34.75,19.625,47.625,57.37,49.1925,35.5025,40.0,53.4425,-6.119999999999997,-10.125,81.3775,56.8175,59.1875,41.065,35.6925,14.754999999999999,24.87,20.0625,43.375,25.745,48.5,53.87,26.5,41.9375,53.995000000000005,27.4375,29.627499999999998,69.995,33.6275,26.995,32.245,75.685,16.625,18.8725,53.81,26.1825,30.625,18.4375,53.0,57.435,166.0575,43.375,22.502499999999998,47.6225,58.8175,41.815,38.4375,43.4375,27.1875,22.567500000000003,13.375,58.88,31.1275,45.565,18.69,-3.1875,55.565,47.75,26.5,48.0625,50.6225,68.6875,97.185,40.13,13.995,60.4325,9.8125,140.0025,48.435,22.869999999999997,15.625,41.0675,81.125,30.81,28.252499999999998,61.44,38.13,64.6875,19.9425,21.935,31.6875,-8.9375,25.62,34.255,51.5,55.13,45.1875,43.4425,20.3125,39.557500000000005,54.88,26.1875,56.1275,20.88,37.375,27.245,-8.9375,18.9325,36.6275,33.75,3.5675,25.44,-8.872499999999999,40.8175,17.3125,51.4375,29.6925,29.502499999999998,8.064999999999998,0.9975000000000023,38.185,36.69,91.06,27.875,60.0,16.130000000000003,22.244999999999997,75.815,26.13,61.8775,50.315,68.5,10.502500000000001,25.5,66.375,95.875,36.815,23.62,25.622500000000002,29.502499999999998,43.129999999999995,24.9375,45.755,9.4375,33.2525,39.3125,36.4375,10.622499999999999,45.065,60.0,13.0,56.315,59.0675,23.9375,21.125,8.314999999999998,20.125,54.4425,42.875,41.8125,66.565,32.6275,16.755,19.3125,47.0,26.6825,28.0025,40.755,26.6825,12.502500000000001,34.5,25.1275,16.5,54.754999999999995,54.88,53.0625,17.0625,10.0625,28.0025,79.125,32.9375,18.87,69.3075,65.1225,67.8175,36.995,23.6825,5.065000000000001,28.5,73.3175,196.1875,6.184999999999999,35.9325,127.38,81.6825,19.06,56.565,44.44,30.69,76.7525,28.44,20.5,25.1875,36.817499999999995,54.38,33.2525,80.19,99.12,46.685,42.3725,38.6875,50.6225,11.8175,38.065,25.1875,43.4375,24.0,39.125,39.9325,15.62,38.565,39.4975,53.69,34.13,22.994999999999997,10.0625,26.5,30.81,24.12,21.5025,29.6225,24.1875,43.94,39.935,45.5025,41.4325,32.125,25.745,27.2525,90.94,57.565,38.56,41.125,2024-02-25
31.13,4.3775,18.630000000000003,24.3125,-2.7475000000000023,-36.6275,-16.314999999999998,44.185,49.875,1.7524999999999977,-35.9975,47.8175,18.94,43.625,11.875,44.315,-6.372500000000002,26.5025,37.75,43.375,-11.875,-36.129999999999995,35.8725,25.8125,30.4325,39.44,25.38,26.6275,-10.810000000000002,2.1850000000000023,37.19,4.870000000000001,-24.932500000000005,22.3125,10.997499999999999,32.4425,58.7525,24.372500000000002,14.0625,-47.1225,39.565,84.6275,50.44,19.685000000000002,14.810000000000002,72.12,3.3800000000000026,-49.8125,40.56,97.1825,34.56,59.75,29.25,-16.939999999999998,16.5,44.8775,8.192500000000003,47.625,-22.9375,-29.622500000000002,-4.314999999999998,28.6225,38.625,38.3725,14.254999999999999,90.0675,-53.0625,-14.810000000000002,-15.692499999999995,-41.935,23.3725,1.9350000000000023,70.19,-24.935000000000002,-37.9975,-11.064999999999998,-20.994999999999997,-10.689999999999998,20.25,30.8125,6.377499999999998,13.435,-12.247500000000002,-23.6875,-20.567500000000003,37.5025,-36.935,42.065,2.1899999999999977,-2.8149999999999977,-36.565,21.125,23.877499999999998,94.0625,59.7525,70.3125,8.5,49.63,3.7549999999999955,47.255,-10.689999999999998,9.3125,-10.685000000000002,-1.5600000000000023,-11.877499999999998,36.745,91.5675,60.1275,43.8075,14.122499999999999,52.065,24.6875,-11.875,-0.13000000000000256,-54.682500000000005,38.7475,8.185000000000002,-26.877499999999998,-26.6875,-51.8725,44.4375,-18.497500000000002,27.8125,96.685,71.62,-62.8775,20.1225,40.8775,-4.314999999999998,5.002500000000001,28.247500000000002,19.4975,-33.6225,-10.182500000000005,33.192499999999995,30.745,-20.627499999999998,5.630000000000003,23.814999999999998,-27.939999999999998,-18.375,15.184999999999999,26.067500000000003,22.807499999999997,41.94,-18.120000000000005,21.75,37.63,-34.685,-19.370000000000005,61.125,27.625,11.190000000000001,35.81,-31.494999999999997,-18.375,22.0625,39.75,25.939999999999998,-20.75,-42.817499999999995,-52.44,22.880000000000003,12.0,95.88,5.245000000000001,36.1275,-3.75,2.9375,25.625,9.192499999999999,-43.120000000000005,48.5625,42.8125,-3.4399999999999977,-21.442500000000003,5.6850000000000005,54.255,49.2525,-30.3125,44.125,-46.879999999999995,29.06,-30.004999999999995,60.94,-30.932500000000005,42.120000000000005,46.9375,36.1275,-6.747500000000002,-22.9375,28.875,43.6875,-38.1275,-6.375,29.935000000000002,-5.692500000000003,22.064999999999998,8.442500000000003,-7.940000000000001,-45.0,46.44,19.3725,10.497499999999999,-31.379999999999995,18.375,40.7525,8.810000000000002,-9.872500000000002,47.315,19.130000000000003,13.752500000000001,12.809999999999999,18.1275,15.1275,69.81,49.19,18.932499999999997,-30.689999999999998,22.3125,-20.744999999999997,10.5,-38.375,-19.370000000000005,96.8175,-11.5625,-50.75,69.81,46.495,28.0,-38.75,-61.3125,63.315,-22.247500000000002,46.3075,47.375,-36.6275,13.9375,-23.6875,18.869999999999997,-65.2475,-8.432500000000001,31.0625,57.19,7.560000000000002,-11.002499999999998,3.6924999999999955,29.755,-44.0625,44.5625,66.255,-39.3125,-7.689999999999998,3.3774999999999977,-38.1275,39.495,-19.4375,-47.0,31.064999999999998,20.872500000000002,-51.8725,-0.75,22.255000000000003,-39.3125,75.8775,6.129999999999999,27.875,36.19,30.565,18.060000000000002,83.5625,-24.939999999999998,16.317500000000003,-5.872500000000002,-50.75,13.435,-33.6225,21.2475,9.435000000000002,65.5675,2.9399999999999977,13.002499999999998,-29.1875,31.1825,24.997500000000002,22.875,20.25,-30.064999999999998,-21.689999999999998,-44.7475,23.369999999999997,85.185,2024-03-03
-2.495,0.3125,-12.12,-18.12,7.25,29.4325,35.37,-0.75,-0.5,2.12,18.0675,-1.1875,6.755,-0.3799999999999999,2.38,-33.62,44.005,10.379999999999999,-5.0,4.125,3.6925,25.875,-20.875,-14.12,-20.37,-6.75,15.625,-15.0,19.75,10.745,9.25,-0.255,21.0,-18.38,3.4325,20.125,-21.38,-18.8125,12.5625,25.0675,-3.5,-2.1825,-3.744999999999999,-13.75,-4.0625,0.75,1.37,23.62,0.5049999999999999,0.2549999999999999,-8.6875,-0.13,-7.567500000000001,20.625,-2.245,-0.2450000000000001,1.6925,10.754999999999999,-4.0,28.5,14.379999999999999,0.5,-4.005,-16.375,3.8125,-16.75,28.875,38.375,47.25,15.5625,-2.375,-28.13,-2.1875,9.245000000000001,23.375,-4.245,18.0,20.0,-15.245000000000001,-8.88,9.495000000000001,-10.25,-0.25,18.995,12.5,4.6925,20.375,-3.9375,-1.005,-0.875,20.8175,-3.119999999999999,-3.0625,-2.1825,-0.7450000000000001,-16.13,3.25,-0.8700000000000001,22.4375,-8.375,20.0,9.692499999999999,-0.4424999999999999,0.875,3.8125,-20.0,-10.0,2.12,-0.875,-1.75,-1.995,0.4325000000000001,3.6925,29.0625,18.63,9.5625,56.75,11.25,46.38,26.4375,9.13,30.3075,-0.9950000000000001,5.875,1.755,4.12,-2.5575,-24.0625,37.375,-11.12,-16.875,-4.5,27.4375,31.1825,-4.5575,-13.875,25.5,26.875,-6.8125,-9.87,46.0,-21.245,-16.255,-2.619999999999999,0.375,46.12,-21.995,1.25,16.255,10.625,0.37,-0.5575000000000001,-0.375,-3.38,13.125,46.0,-1.745,2.3125,-3.75,0.0050000000000000044,14.442499999999999,23.9425,-1.625,-0.5,-31.12,-7.255000000000001,2.3125,31.0625,38.8075,-0.6825000000000001,-8.9375,26.8175,-15.75,-11.38,28.505,10.255,1.6925,-20.755,-1.6875,19.0625,-11.87,23.1925,1.37,17.25,-29.25,6.9425,-5.005000000000001,-7.8125,2.3125,17.245,-4.0,-10.625,14.629999999999999,18.5625,0.6299999999999999,16.62,25.8175,-1.0575,-8.38,0.0,13.192499999999999,1.125,-20.88,-13.75,35.3125,-15.629999999999999,-11.495,25.25,17.87,-0.0674999999999999,-0.6875,-9.255,-17.87,-8.0,-20.875,-14.1875,0.245,-7.744999999999999,18.4425,-18.38,15.8125,-8.5,23.505,10.625,-42.0,-1.13,17.75,-14.1875,-27.0,-0.8700000000000001,16.625,13.254999999999999,-2.442500000000001,24.625,0.875,-5.005000000000001,29.4325,0.25,11.875,-1.3699999999999992,12.4375,-1.505,3.245,-28.125,-8.6825,4.9425,20.0625,-14.817499999999999,27.1925,-10.9375,-0.3800000000000008,17.25,17.125,4.005,18.5625,-4.8075,31.625,29.9375,-8.0625,-17.0,26.4375,-6.625,-0.6875,17.25,-0.25,-6.87,-7.5,0.9950000000000001,0.255,-11.1875,-16.6825,13.8125,-14.755,2.375,17.75,-10.25,27.4375,-7.375,-13.1875,-10.0625,5.75,-2.6875,20.3075,0.5625,-0.625,-12.0,-15.245000000000001,18.8125,34.8125,30.6925,1.4375,-14.88,2024-03-10
22.125,0.1925,34.625,31.5,75.5625,67.6275,55.5675,22.2475,-5.880000000000001,56.6225,72.6825,-4.5649999999999995,28.8725,3.6899999999999995,-28.060000000000002,11.3125,67.7525,-1.057500000000001,2.13,4.37,41.25,80.755,2.6275,28.81,25.255,1.0625,8.434999999999999,4.6825,63.0625,35.9975,1.1225,19.685,64.315,3.12,-35.5025,2.3150000000000004,39.7525,5.627500000000001,34.81,67.5025,-1.5574999999999992,-20.0575,-3.807500000000001,29.127499999999998,42.7475,-22.065,31.685,81.0,14.997499999999999,-20.685000000000002,21.627499999999998,-0.1900000000000004,25.88,51.8775,33.75,-6.627500000000001,34.625,36.75,41.19,58.2525,38.4975,30.5675,25.12,14.0675,22.375,27.564999999999998,105.12,69.8125,71.375,89.5025,2.3075,38.2475,20.3725,29.5625,61.3125,38.5675,60.625,82.6875,-0.19000000000000128,-11.0,37.5625,8.817499999999999,35.8125,43.44,41.435,4.8725000000000005,73.1925,20.8125,32.3125,46.9375,85.7475,-6.809999999999999,7.3725,-17.81,-34.9375,-21.880000000000003,9.809999999999999,-12.495000000000001,83.065,0.1850000000000005,82.6875,29.19,42.0625,33.3125,43.4375,2.495,19.685000000000002,-9.1875,-5.505000000000001,-3.1225000000000005,12.9325,2.62,41.25,60.185,90.005,33.9375,51.8075,41.5675,73.31,74.0625,33.69,72.2525,5.25,-13.872499999999999,-12.685,90.4375,5.307500000000001,31.1925,64.6275,10.8125,67.1875,1.9974999999999996,62.6825,53.005,11.745000000000001,-3.244999999999999,78.3075,46.245,30.6225,45.9975,73.06,15.497499999999999,-0.625,45.995,17.1825,61.875,7.75,-7.125,55.0625,62.935,2.0600000000000005,-5.9399999999999995,19.6225,16.6875,39.875,73.06,-6.130000000000001,0.6199999999999992,10.252500000000001,20.12,53.565,88.1875,43.125,13.809999999999999,28.505000000000003,15.254999999999999,-9.1875,49.0,49.31,-1.8699999999999992,11.934999999999999,87.125,-5.870000000000001,17.44,59.2475,48.185,4.7475000000000005,46.625,30.6925,91.5,-6.0,73.315,12.2475,88.755,2.8125,72.625,4.065000000000001,23.689999999999998,-9.1875,73.2525,41.19,14.87,-0.3099999999999996,53.4975,32.37,44.4375,47.875,5.2525,32.505,29.8175,88.31,7.2524999999999995,15.8775,7.567500000000001,80.755,4.9399999999999995,11.1225,80.4975,52.7525,1.3125,33.505,10.5625,13.7475,4.8125,10.0025,-21.432499999999997,-5.567499999999999,40.435,53.8175,3.12,53.005,4.5,59.38,62.935,44.375,25.37,82.25,-21.432499999999997,5.8149999999999995,3.8099999999999987,66.81,104.94,27.3725,58.1925,-1.9349999999999996,4.629999999999999,67.6275,19.88,78.63,19.875,96.8725,-2.5650000000000013,0.9400000000000013,3.5625,18.4375,42.6875,72.505,20.375,84.12,3.4400000000000013,-0.4949999999999992,60.81,51.3075,26.502499999999998,53.4975,-0.3149999999999995,74.75,66.06,6.3125,8.127500000000001,74.0625,12.44,34.375,60.81,6.752500000000001,12.315,2.44,32.1225,14.5625,3.5574999999999974,28.369999999999997,55.7475,28.875,39.5625,82.25,8.817499999999999,62.6825,18.3175,42.4375,6.434999999999999,38.9425,33.3125,62.19,15.375,38.9375,-7.809999999999999,-0.19000000000000128,64.7475,69.2475,89.0625,33.375,18.9975,2024-03-17
-9.625,-20.19,-6.754999999999999,0.125,-8.37,-54.435,-59.315,-18.38,-6.75,-26.245,-57.565,-12.44,-13.495,-8.065,-41.125,16.745,-33.685,-54.185,-63.620000000000005,-30.060000000000002,-5.315,-44.06,20.56,-4.995000000000001,4.125,-59.5,-69.06,-25.560000000000002,-60.06,-13.185,-20.06,-4.375,-63.69,14.684999999999999,-34.005,-26.25,6.125,13.440000000000001,-17.87,-56.125,-16.75,-7.9350000000000005,-51.185,-5.5,-3.119999999999999,-28.81,-0.004999999999999893,-62.125,-6.3149999999999995,-51.755,-9.940000000000001,-18.875,-2.744999999999999,-65.69,-8.755,-28.685,-20.375,-17.815,-46.5,-33.0,-47.565,-13.37,-8.934999999999999,-3.120000000000001,-40.44,-63.129999999999995,-27.31,-41.81,-48.63,-55.5,-20.0,18.625,-68.25,-64.125,-55.87,4.4350000000000005,-53.0,-90.81,10.004999999999999,6.1850000000000005,-43.935,-3.9399999999999995,-7.3100000000000005,-25.565,-63.75,-51.065,-64.56,-61.620000000000005,-0.375,1.25,-42.495,-22.935,-8.81,-17.935,-53.755,-47.315,-45.75,-16.375,-75.94,-41.13,-90.81,-44.495,-5.875,-7.9399999999999995,-7.5,14.25,-63.06,-22.745,-64.62,-36.94,-4.755000000000001,-13.875,-5.315,-25.81,-71.375,-25.81,-32.31,-60.94,-24.185,-57.44,-15.255,-38.685,-12.375,-54.12,-44.995,-68.565,-36.685,4.809999999999999,-24.62,6.745,-40.25,-26.25,-57.19,-29.565,-14.754999999999999,10.75,-36.19,-15.629999999999999,-9.5,-43.065,-37.37,8.185,-0.3150000000000013,7.875,-5.5600000000000005,-30.065,11.245,-32.44,-26.495,-4.12,-10.745,-11.815,-5.62,-65.565,-65.69,-37.37,-36.375,-10.19,-41.31,-2.065,-60.185,-73.685,-0.6299999999999999,-4.63,-60.065,-17.815,-13.879999999999999,-55.06,-54.185,-14.184999999999999,-23.439999999999998,-36.875,-27.25,-5.815000000000001,-22.315,-25.565,-41.495,7.255000000000001,-55.69,-102.25,-3.875,-55.315,-7.625,-69.88,-42.0,-11.565000000000001,-23.814999999999998,-56.06,-13.879999999999999,-29.125,-46.5,-7.870000000000001,-24.435,-60.88,-2.6849999999999996,-21.185,-49.625,-13.934999999999999,-2.125,0.81,-19.815,-19.38,1.875,-13.059999999999999,-22.31,8.495,3.505000000000001,-76.25,-54.875,-11.625,-2.25,4.995,6.4350000000000005,-13.25,10.75,-43.25,-9.125,3.745,-64.995,14.684999999999999,-48.62,3.0599999999999996,-58.565,-4.12,-49.75,-0.7450000000000001,-61.69,-43.25,-31.380000000000003,-5.9350000000000005,-75.5,-67.995,-44.935,-56.62,-9.19,-24.064999999999998,-54.435,0.0,-48.69,-37.315,-64.5,-43.185,-59.565,-39.31,-0.2550000000000008,-54.935,-76.12,4.9350000000000005,-39.125,-51.629999999999995,-13.625,-57.94,-45.25,-46.255,-60.88,-20.935,-40.75,-57.0,-15.309999999999999,-16.060000000000002,-57.44,-1.0,0.5,-57.94,-41.94,-10.815000000000001,-0.0600000000000005,-1.6849999999999996,-9.315,-3.5,-59.375,-15.25,-2.745000000000001,-48.31,-61.69,-3.9399999999999995,-57.19,2.25,10.440000000000001,-62.879999999999995,-14.129999999999999,-5.119999999999999,-37.185,-7.119999999999999,-0.75,6.81,10.004999999999999,-30.13,-40.75,-41.935,-13.809999999999999,-51.125,2024-03-24
-48.5,-37.375,-62.0,-47.37,-44.75,-61.6875,-36.065,-60.3725,-28.935000000000002,-54.6225,-76.565,-47.4325,-71.3125,-26.307499999999997,-108.8075,-34.19,-57.8775,-42.495,-26.875,-33.375,-50.94,-42.755,-51.8175,-51.4425,-41.495,-25.56,-64.4325,-49.685,-75.88,-74.1825,-29.942500000000003,-46.9325,-94.3775,-42.935,-111.3725,-39.7475,-54.4375,-9.307499999999997,-7.2524999999999995,-50.9975,-19.685,-29.935000000000002,-34.755,-48.4975,-64.0625,-129.3125,-75.6225,-56.25,-78.5025,-149.6275,-46.3775,-51.1925,-63.495000000000005,-72.8775,-54.31,-127.2525,-61.120000000000005,-120.0,-21.1275,-23.747500000000002,-39.1825,-62.185,-73.245,-33.935,-24.37,-27.627499999999998,-62.315,-23.69,-24.62,-49.5575,-35.125,-59.3125,-26.432499999999997,-48.5,-57.75,-42.685,-92.69,-72.13,-21.182499999999997,-17.189999999999998,-17.56,-8.125,-73.0,-15.6875,-46.1825,-150.5625,-31.185000000000002,-23.75,-66.25,-61.31,-68.4425,-16.747500000000002,-35.7525,-50.2475,-169.87,-36.315,-32.9325,-76.815,-73.4375,-54.8125,-72.13,-26.1875,-46.5,-54.31,-43.94,-38.245,-20.5025,-39.87,-28.005000000000003,-30.567500000000003,-33.065,-49.505,-50.94,-64.7525,-64.815,-13.88,-41.875,-51.685,-3.182499999999999,-38.37,-67.9975,-55.5575,-15.439999999999998,-71.6275,-133.7475,-54.0,-108.875,-45.565,-39.6275,3.5,-15.879999999999999,-41.8725,-40.375,-30.314999999999998,-37.935,-30.435000000000002,-76.565,-60.005,-55.6925,-21.182499999999997,-17.2525,-30.872500000000002,-5.189999999999998,-82.375,-28.435000000000002,-48.75,-25.75,-41.75,-21.5,-48.7525,-41.1225,-56.442499999999995,-50.7525,-25.06,-48.75,-17.2525,-44.875,-53.315,-18.3775,-44.125,-49.1275,-65.37,-57.25,-57.1225,-23.564999999999998,-0.6850000000000005,-50.69,-37.12,-27.6925,-64.935,-3.5625,-62.56,-30.435000000000002,-54.7475,-48.8125,-19.8125,-36.8125,-63.88,-283.995,-81.56,-35.629999999999995,-45.5575,-39.5025,-83.375,-63.879999999999995,-31.5,-23.067500000000003,-30.127499999999998,-50.69,-62.7475,-21.1275,-38.435,-37.6875,-41.4425,-34.745,-78.13,-40.0,-15.067499999999999,-48.375,-40.995,-32.0625,-51.1275,-30.877499999999998,-5.875,-52.315,-27.317500000000003,-25.8725,-75.0025,-25.0575,-49.56,-57.565,-46.81,-25.872500000000002,-38.12,-29.6875,-33.685,-32.185,-27.6225,-56.755,-42.935,-64.935,-26.619999999999997,-52.754999999999995,-48.7525,-24.369999999999997,-70.685,-97.69,-33.685,-49.1875,-23.372500000000002,-83.3125,-29.9375,-191.0025,-66.375,-39.4975,-24.125,-61.6875,-43.815,-47.375,-136.12,-77.0025,-98.0625,-48.557500000000005,-52.19,-37.0,-141.44,-78.495,-70.94,-62.185,-31.377499999999998,-26.435000000000002,-66.1825,-83.745,-127.8775,-41.4425,-44.2525,-55.75,-34.5625,-3.25,-25.4975,-38.37,-43.3075,-35.44,-66.1825,-138.8175,1.9325,-36.3175,-65.8725,-25.06,-0.5050000000000026,-26.935000000000002,-36.0025,-48.63,-22.44,-97.69,-8.125,-40.375,-27.875,-37.75,-26.3125,-29.875,-61.44,-26.4375,-30.689999999999998,-43.44,-12.127499999999998,-21.182499999999997,-25.4325,-49.8125,-38.0,-100.12,-17.7525,2024-03-31
8.44,-35.1225,13.184999999999999,10.25,-23.185,2.5024999999999977,23.747500000000002,14.755,2.5599999999999996,12.565000000000001,-9.3125,1.9975000000000005,11.504999999999999,5.4375,22.63,14.565,5.002500000000001,50.4325,66.245,36.2525,-23.8725,6.182499999999997,-2.6224999999999996,11.184999999999999,7.5600000000000005,64.31,64.5025,37.2525,-63.7475,-99.1875,18.5625,1.37,-71.1925,-0.3724999999999996,17.125,17.0,3.5600000000000005,5.6925,-8.125,7.189999999999998,4.120000000000001,6.0625,56.0025,14.0,6.565,23.3125,-13.375,-4.1200000000000045,0.4975000000000005,49.995,16.4375,12.190000000000001,3.875,-7.252499999999998,4.315,19.372500000000002,17.5,16.0575,53.62,9.190000000000001,-1.9324999999999974,12.375,9.192499999999999,6.1850000000000005,-4.182499999999997,79.565,-5.557499999999997,-3.0574999999999974,25.685,-9.25,16.0,9.63,68.38,6.0,1.9350000000000023,-0.3125,-74.25,-35.9975,-0.2549999999999999,-2.1224999999999996,-2.4375,7.7475,-1.9375,-7.682499999999997,0.4399999999999977,47.9975,17.942500000000003,62.685,-2.75,-3.5,-27.995000000000005,29.6225,11.3125,17.6225,31.495,54.1875,51.81,12.809999999999999,-126.0025,45.875,-35.9975,1.6850000000000023,-21.369999999999997,3.6274999999999995,-20.189999999999998,0.6900000000000004,71.1225,21.315,74.005,47.4375,-2.625,16.0,-23.8725,12.6225,3.8100000000000023,-1.317499999999999,10.942499999999999,-0.7524999999999977,17.6225,7.247500000000002,9.495000000000001,6.682499999999997,13.19,56.685,38.745,27.997500000000002,28.1225,7.4975000000000005,9.065000000000001,-7.125,54.87,27.88,15.4375,11.127500000000001,16.315,-0.3700000000000001,-35.7525,4.375,15.06,53.9975,-3.2550000000000026,8.247499999999999,15.3775,-3.25,-5.067500000000001,0.8775000000000013,6.435,28.6875,3.8150000000000013,-20.625,8.565,0.3175000000000008,2.505,65.9975,7.057499999999997,-3.2550000000000026,37.38,2.4375,41.1225,-1.9325,16.002499999999998,7.752499999999998,-0.8150000000000004,0.6849999999999996,85.6875,24.4375,15.125,18.502499999999998,36.0025,7.5625,31.2475,-45.120000000000005,36.37,13.6275,9.877500000000001,-14.872500000000002,0.625,0.3149999999999995,44.1275,10.75,14.19,-8.3125,5.0600000000000005,-68.815,62.0,-11.0625,24.497500000000002,69.0625,15.125,9.309999999999999,53.62,8.245,22.6825,16.935000000000002,-13.877500000000001,8.7525,8.369999999999997,14.442499999999999,12.19,-3.5625,-14.872500000000002,11.754999999999999,12.5,4.622499999999999,10.0625,4.755,4.375,-102.25,12.439999999999998,6.31,-1.63,-1.5650000000000004,6.6275,18.5,7.3100000000000005,47.31,-0.75,0.375,-3.375,-0.3724999999999996,-15.375,-4.6225000000000005,2.1274999999999977,-20.625,87.56,-0.18500000000000005,-43.0025,47.31,47.875,4.6225000000000005,11.689999999999998,18.875,35.6225,-21.435000000000002,-1.7524999999999995,23.127499999999998,2.5024999999999977,-2.75,-12.502499999999998,35.2475,3.8700000000000045,33.3125,58.0575,55.5625,9.125,43.9425,-89.435,9.057500000000001,-42.0,61.875,18.69,1.5675000000000026,-83.75,34.185,16.935000000000002,19.8725,3.6899999999999977,6.75,22.6225,22.252499999999998,7.247500000000002,0.6299999999999999,-4.81,1.5675000000000026,22.3775,10.817499999999999,6.3725000000000005,0.8724999999999996,9.6275,14.0,77.5,-7.870000000000001,12.065000000000001,54.1225,-43.0025,7.7475,15.4375,0.6199999999999992,0.8725,72.815,-8.565000000000001,6.625,1.0024999999999977,-4.5649999999999995,-2.9400000000000004,-0.3125,-0.2549999999999999,-13.185000000000002,3.0,-12.4375,11.3125,65.56,2024-04-07
-139.75,-55.5,-1.75,-14.495000000000005,-57.5,-61.25,-85.5625,32.0625,-5.4375,-159.1875,19.1875,12.744999999999997,-103.87,-7.125,124.125,-49.5625,-51.192499999999995,-50.375,-153.25,-14.630000000000003,-57.932500000000005,-105.875,-46.625,-10.125,-17.255000000000003,-145.4375,-41.754999999999995,-36.317499999999995,-2.375,34.125,-79.125,-45.495000000000005,-7.4325000000000045,-57.9375,136.5625,-5.1875,-45.379999999999995,-117.125,-89.6925,-22.307500000000005,-25.807499999999997,8.942500000000003,-12.745000000000005,-17.307500000000005,-70.25,118.63,-11.817499999999995,-67.62,-29.442499999999995,116.3075,-125.9325,-11.125,-96.995,7.9375,-222.1875,111.0675,-14.625,-173.5,-32.5625,-89.3075,-81.495,-134.9375,-111.125,-20.057500000000005,-78.255,-94.6925,-90.3125,-90.9425,-105.875,-66.755,-46.5,-28.0,-128.255,-54.129999999999995,-57.629999999999995,-81.4375,3.0674999999999955,-43.375,-75.995,-71.0625,-87.5575,-166.37,-178.5,-80.75,-57.875,130.75,-81.9375,-158.0,-37.75,-36.567499999999995,-56.375,-0.5675000000000026,9.817499999999999,-49.307500000000005,157.375,-0.3125,-25.754999999999995,61.3175,-11.379999999999995,-51.370000000000005,-43.375,-82.87,-110.88,-172.3075,-78.3125,-47.754999999999995,-121.8125,-40.495000000000005,-4.505000000000003,-1.5050000000000026,-19.182499999999997,-18.625,-57.932500000000005,-154.3125,-49.682500000000005,-88.875,-72.37,-50.1875,-94.875,-48.754999999999995,-33.057500000000005,-45.754999999999995,11.6875,10.807500000000005,72.3125,-84.5,60.370000000000005,-19.192499999999995,-151.3125,-210.88,-78.245,-39.567499999999995,-56.0,-122.6825,2.0625,-74.3175,-53.8125,-159.875,-104.375,-25.875,-103.5625,-33.6875,-104.5625,-10.0,-27.6875,-93.25,-45.379999999999995,-54.5,-94.0,-44.8125,-6.307499999999997,13.625,-32.182500000000005,-153.4375,-50.620000000000005,-103.5625,-55.75,-68.0625,-179.0625,-35.0,-9.5625,-44.375,-55.75,-10.1875,-113.6925,-146.3075,-2.1825000000000045,-92.755,-116.625,36.5625,-128.25,-54.057500000000005,-29.317499999999995,-28.307500000000005,-160.87,-85.5,-77.0,-55.745000000000005,273.375,-35.067499999999995,-16.625,-87.495,-24.692499999999995,11.0,-137.505,-93.62,-4.744999999999997,-63.192499999999995,-2.1825000000000045,-125.6875,-32.5625,-14.1875,-92.88,-51.004999999999995,-83.125,-172.375,-80.75,-48.625,23.619999999999997,-66.995,-140.25,-115.8125,-25.932500000000005,-290.12,-172.8125,-66.005,-20.557499999999997,-17.182500000000005,-89.255,13.5625,-72.9325,-19.057500000000005,-40.9375,-50.375,-48.379999999999995,-0.06749999999999545,-28.317499999999995,-55.557500000000005,-64.375,-57.9375,2.6825000000000045,-60.754999999999995,-17.875,-44.8125,-113.875,10.442500000000003,-25.692499999999995,-0.06749999999999545,-63.870000000000005,-27.057500000000005,29.5,-83.38,173.4375,-17.379999999999995,-28.307500000000005,-4.75,-61.25,-50.3125,-70.0,111.745,-53.8125,80.75,-77.755,-199.5625,-148.13,148.8175,-15.625,-38.3125,-47.057500000000005,-25.692499999999995,-16.557499999999997,-0.625,14.745000000000005,134.9375,-51.004999999999995,-2.4425000000000026,-77.5,-49.25,-120.13,-117.8075,-48.754999999999995,-32.375,-104.5625,-0.625,113.755,-174.375,-66.005,-20.1875,-13.6875,-117.375,-95.3075,-77.6925,-12.504999999999995,-35.8125,-25.692499999999995,-166.37,-56.0,-51.620000000000005,-85.63,-67.12,-54.379999999999995,-140.6825,-118.87,-22.432499999999997,-92.3125,-82.1925,-75.995,-78.495,-94.12,-81.0,-191.255,-117.9425,2024-04-14
-5.2475000000000005,56.0625,-3.8725000000000005,-2.8100000000000005,25.5625,31.0625,10.497499999999999,-2.1850000000000005,-9.252500000000001,-9.1875,50.69,0.2475000000000005,-13.565000000000001,-11.75,14.745000000000001,-6.307499999999999,8.932500000000001,1.6849999999999996,-74.005,-26.2475,20.252499999999998,14.684999999999999,3.6925,-3.8125,-1.8125,-91.9425,4.4325,-49.1275,99.6925,94.31,-2.62,2.625,119.435,4.3125,13.0,0.5600000000000005,-10.622499999999999,-32.315,21.19,34.5625,-3.504999999999999,-4.380000000000001,-23.6875,-8.25,-5.9975000000000005,0.6299999999999999,12.309999999999999,47.185,5.7475000000000005,1.255,-18.88,4.3125,-6.75,57.7475,-0.05750000000000011,3.1875,-0.25,-1.625,-30.185,15.0625,26.505,-6.8100000000000005,-16.495,-4.3125,25.565,-47.1275,16.315,22.505,-1.432500000000001,59.25,4.5,-8.935,-50.125,49.81,36.067499999999995,-0.31000000000000005,110.25,101.9325,-10.745000000000001,-0.0674999999999999,43.31,-71.6825,4.4399999999999995,24.625,58.6225,-1.0024999999999995,38.125,-55.6225,2.25,5.4399999999999995,58.185,-11.5625,1.25,-4.3125,16.125,-20.560000000000002,-21.8725,-0.1924999999999999,183.7475,-0.1200000000000001,101.9325,22.6875,23.685000000000002,-0.4375,21.067500000000003,2.6825,-42.8125,2.1224999999999996,-31.495,-13.81,-3.25,-0.3700000000000001,20.252499999999998,1.5675000000000008,48.2475,23.875,5.245000000000001,56.8775,-1.7524999999999995,34.317499999999995,5.875,9.934999999999999,-0.8075000000000001,-4.9425,-1.625,15.877499999999998,12.1875,0.8774999999999995,5.1225000000000005,-65.62,-51.005,1.005,20.31,8.6225,0.0625,-0.875,55.3775,3.8100000000000005,-17.7525,-13.8125,30.375,-2.2525000000000004,-33.1275,2.19,-1.5050000000000008,16.502499999999998,0.1875,1.38,15.5025,18.63,-0.3174999999999999,0.1850000000000005,2.125,-57.8725,50.435,30.375,0.125,6.12,-63.1225,1.125,27.6925,46.8125,-6.192500000000001,1.9975,-48.69,-64.25,1.8099999999999996,10.122499999999999,-14.557499999999997,-0.75,-51.8125,69.245,-22.125,-19.0575,3.5024999999999995,34.8125,29.189999999999998,-5.807500000000001,9.8725,69.38,-18.4975,40.75,-1.9425,107.1875,-42.19,23.56,-3.5625,-36.75,1.8099999999999996,5.627500000000001,-30.185,-7.125,3.315,27.5575,3.9375,-2.7474999999999987,17.685,-3.375,-2.7474999999999996,-0.3799999999999999,31.5025,7.625,-11.190000000000001,-69.2525,0.8100000000000005,-8.375,-6.3100000000000005,151.06,37.0025,-9.252500000000001,-9.505,2.8175,-2.3175,1.13,-1.4325,-19.752499999999998,8.370000000000001,-14.559999999999999,55.120000000000005,4.3125,52.12,3.6925,40.1225,18.63,-50.5625,1.7525,87.6875,-19.752499999999998,-51.5,-0.8125,44.442499999999995,48.44,9.2475,62.5025,9.6875,-3.6875,31.0625,-5.880000000000001,54.9975,6.3774999999999995,40.995000000000005,8.75,2.875,-57.629999999999995,-41.37,8.934999999999999,138.4425,-6.125,67.56,-25.939999999999998,-25.1875,43.685,107.75,11.4375,27.5575,2.0675,13.5625,31.12,-42.5025,-62.9975,34.317499999999995,-0.4350000000000005,-7.557499999999999,43.685,11.0025,-75.685,0.9375,3.0675,-15.6875,-35.81,-44.62,17.375,-5.3774999999999995,-32.5025,87.6875,-71.6825,20.31,-17.375,-14.502500000000001,-36.4975,24.6275,-10.75,24.682499999999997,-0.5625,-8.6225,-2.25,-10.745000000000001,34.0025,15.190000000000001,34.81,-3.1899999999999995,-37.5625,2024-04-21
139.25,63.75,39.870000000000005,17.505000000000003,56.62,90.25,86.75,-5.880000000000003,5.630000000000003,165.37,42.75,-13.505000000000003,127.375,-11.5,-7.619999999999997,0.25,78.375,41.379999999999995,-0.6299999999999955,4.625,76.125,102.25,44.5,29.5,5.625,-6.1200000000000045,64.995,3.2549999999999955,63.870000000000005,21.5,67.75,60.375,83.005,52.37,-6.25,22.37,64.995,58.75,83.125,61.004999999999995,33.004999999999995,-33.754999999999995,12.505000000000003,51.004999999999995,107.5,-19.875,47.375,98.875,78.495,6.494999999999997,103.005,29.119999999999997,109.625,43.75,219.0,-36.754999999999995,59.25,244.62,7.25,72.875,103.745,179.63,117.87,28.375,95.625,-4.2450000000000045,115.12,87.495,95.5,82.255,58.0,78.63,-1.5049999999999955,83.755,86.995,95.87,72.505,89.25,47.004999999999995,53.5,74.875,9.125,209.88,74.25,87.88,-56.620000000000005,81.87,20.379999999999995,61.12,55.125,90.25,9.754999999999999,1.875,39.745000000000005,-21.25,15.619999999999997,19.755000000000003,-25.125,57.495000000000005,45.875,89.25,100.745,120.995,186.005,83.37,37.255,-2.1299999999999955,52.245,-13.005000000000003,11.625,3.2449999999999974,21.25,76.125,165.63,85.005,79.63,84.005,85.62,53.88,70.755,84.745,68.995,-8.120000000000001,5.375,15.0,106.25,24.125,15.875,140.13,43.375,-4.125,50.625,74.0,109.375,0.25,53.125,97.5,164.5,100.5,4.119999999999997,90.88,21.25,46.25,47.63,-1.25,105.37,10.125,62.12,82.87,60.63,35.745000000000005,-34.0,49.505,13.629999999999995,83.005,90.88,66.25,102.75,22.25,79.88,45.379999999999995,83.12,78.0,27.5,11.754999999999995,-10.754999999999995,37.125,96.125,102.5,-30.5,7.0,87.125,20.995000000000005,74.505,156.125,81.75,95.25,78.875,-18.5,87.625,68.5,109.125,41.995000000000005,52.75,85.995,86.245,13.625,27.875,37.125,143.0,7.25,34.120000000000005,108.625,72.375,83.0,197.63,95.87,46.0,33.625,72.125,133.12,132.88,51.245000000000005,99.875,171.37,41.755,-11.255000000000003,66.505,79.625,-22.0,94.005,21.375,29.619999999999997,62.620000000000005,17.375,12.494999999999997,49.995000000000005,42.745,96.5,52.37,46.995000000000005,45.375,55.129999999999995,60.63,11.379999999999995,15.744999999999997,98.625,12.494999999999997,15.745000000000005,31.505000000000003,41.5,79.495,-7.25,60.125,45.004999999999995,12.25,90.25,62.25,83.12,14.625,99.25,1.25,67.755,96.12,148.495,-8.255000000000003,68.0,83.12,81.745,18.994999999999997,-4.755000000000003,55.0,54.625,4.130000000000003,72.375,8.375,91.0,69.0,24.995000000000005,4.375,70.755,51.379999999999995,99.5,55.0,-29.995000000000005,0.8700000000000045,59.995,47.38,25.0,45.370000000000005,19.875,81.875,36.255,11.25,98.625,9.125,74.0,33.005,81.375,36.004999999999995,45.995,160.745,105.505,-1.2550000000000026,97.12,54.254999999999995,47.004999999999995,81.125,102.745,81.88,251.125,-4.375,2024-04-28
-38.0575,-74.87,-56.6875,-84.8175,-99.5,-31.869999999999997,-38.3125,-82.9375,-63.942499999999995,-53.25,-39.4375,-120.4425,-18.432499999999997,-56.370000000000005,-94.745,-129.255,-31.744999999999997,-76.1925,45.754999999999995,-16.317500000000003,-79.9375,-44.3125,-99.375,-78.5,-109.5,65.755,-72.005,29.9375,-43.254999999999995,-47.682500000000005,-70.125,-115.13,-14.942499999999999,-98.13,-99.25,-36.6825,-56.6875,-33.5625,-15.057500000000001,-35.75,-36.875,-124.005,-19.5,-57.379999999999995,-61.1875,-75.125,-57.6825,-24.182499999999997,-113.0625,-99.755,-15.005000000000003,-87.63,-28.880000000000003,-44.9325,-61.254999999999995,-101.13,-93.75,-62.879999999999995,-6.9375,-60.879999999999995,1.745000000000001,-57.817499999999995,-22.625,-71.75,1.942499999999999,6.557499999999997,-42.0675,-28.875,-37.875,-42.62,-89.75,-63.317499999999995,18.630000000000003,-51.4325,-37.995,-59.0675,-28.369999999999997,-30.875,-122.375,-103.375,-28.682499999999997,44.125,-74.0675,-41.0,-58.0625,-95.4325,-41.75,19.182499999999997,-81.5,-87.5575,-48.4425,-32.75,-61.0,-82.5,-106.37,-37.9375,-9.307500000000001,-71.005,-40.9325,-92.995,-30.875,5.25,-73.4425,-70.5,-71.125,-83.875,15.0,-45.4325,-22.125,-37.3075,-101.0,-79.625,-79.9375,-61.254999999999995,-0.0625,-36.88,-35.375,-59.1875,-61.5625,-39.495,-117.75,-32.5625,-95.875,-74.245,-74.62,18.942500000000003,-44.12,-110.4375,-58.0625,44.125,8.494999999999997,-80.125,-38.1825,-56.432500000000005,-75.12,-110.62,-48.807500000000005,-66.8125,-41.1825,-23.119999999999997,-45.5,-99.5625,-34.942499999999995,-110.9375,-103.245,-49.5575,-94.63,-77.755,-54.9375,-77.625,-112.375,-132.9425,-102.25,21.8125,-45.8125,-45.5,-90.88,-151.745,25.682499999999997,1.25,-31.494999999999997,-13.369999999999997,-65.875,-96.0625,4.807499999999997,22.380000000000003,-50.6825,-27.0625,-29.255000000000003,-123.38,2.3699999999999974,-43.375,-29.619999999999997,-61.625,-59.6875,-36.0,-9.6875,-58.625,-74.8125,-41.255,-65.4375,-18.119999999999997,-59.745000000000005,-35.620000000000005,24.3175,-78.1925,-33.75,-5.130000000000003,-50.6825,-49.9375,-6.9375,-54.879999999999995,-63.317499999999995,-39.375,-81.75,-58.4375,-11.0625,-24.12,-69.5575,-58.505,-74.6875,-137.5,-35.6925,53.4375,-56.0625,-124.88,-108.5575,-21.682499999999997,-33.3075,-90.8125,-68.125,-106.995,-105.375,-79.995,-115.625,-38.192499999999995,-108.125,-51.557500000000005,-40.005,-98.13,-43.745,-122.995,-41.9425,-77.625,7.0,-88.0575,-12.619999999999997,-38.192499999999995,38.5,-83.75,-39.625,-35.1875,-79.5625,-45.3175,-109.0,-29.380000000000003,-31.869999999999997,-78.375,-45.3125,-31.4375,1.254999999999999,-107.25,-85.25,36.495,-28.375,-111.1925,-30.255000000000003,-40.5,-46.3125,-17.942500000000003,-22.380000000000003,-34.4425,-38.63,-106.5,-39.375,-65.625,-42.75,-42.505,-18.0625,46.0625,-39.495,-60.4375,-78.875,-34.4425,-108.3175,39.8125,-84.75,-120.625,-40.0,-30.317499999999995,-0.125,-71.87,-57.5625,-6.192500000000003,-12.619999999999997,44.125,-38.1825,-31.369999999999997,-51.0625,-9.9375,-68.4375,-53.5,-73.875,-98.87,-74.8075,-110.75,-122.375,-24.1875,-39.9375,-40.3125,-65.4325,19.12,2024-05-05
31.38,25.25,-1.745000000000001,20.005,38.255,27.5,32.25,27.875,21.125,39.875,19.5,40.625,34.87,35.629999999999995,22.005,78.0,24.12,23.244999999999997,169.375,32.0,20.25,37.75,39.0,9.5,30.37,164.245,14.375,72.505,13.495000000000001,16.88,8.0,5.25,16.005,29.995,12.620000000000001,0.125,22.875,81.5,5.5,18.005,0.125,57.375,35.875,-6.125,9.75,35.0,28.619999999999997,20.0,18.995,24.375,62.505,15.875,35.379999999999995,24.13,39.629999999999995,50.125,-2.5,36.495,30.62,46.75,16.255,4.505000000000001,49.754999999999995,9.129999999999999,8.0,116.375,30.255000000000003,21.375,27.119999999999997,26.744999999999997,-0.25,-5.254999999999999,140.125,19.375,24.755,9.375,13.745000000000001,24.5,38.375,32.620000000000005,23.37,155.12,29.375,27.5,16.745,49.375,29.255,146.375,28.755000000000003,27.25,26.25,13.245,-10.130000000000003,50.875,41.62,40.875,26.005,38.870000000000005,22.875,21.25,24.5,9.625,26.755000000000003,24.245,30.875,31.875,132.995,16.125,34.754999999999995,9.25,34.754999999999995,30.75,20.25,42.505,23.245,13.875,26.125,15.875,41.125,21.375,3.375,24.625,-4.625,46.75,33.5,27.0,6.75,26.88,43.625,156.12,91.5,4.25,24.5,45.75,10.5,41.25,24.630000000000003,45.75,47.370000000000005,27.375,21.875,21.13,82.87,29.625,36.5,35.875,36.75,9.494999999999997,39.875,26.875,-11.505000000000003,68.75,11.004999999999999,149.625,18.745,21.875,8.630000000000003,9.75,155.87,0.505,18.625,20.995,19.619999999999997,18.75,119.875,143.875,1.6199999999999974,29.13,36.75,51.120000000000005,124.5,22.880000000000003,51.755,1.375,44.5,17.130000000000003,21.0,27.630000000000003,17.0,24.869999999999997,-1.5,19.62,7.995000000000001,17.25,93.625,33.625,18.88,57.120000000000005,1.6199999999999974,35.12,30.62,2.125,-7.0,21.62,18.87,42.505,21.375,-1.5,-15.25,22.380000000000003,35.625,19.125,-7.875,187.75,42.625,33.875,40.254999999999995,21.625,28.13,45.0,18.745,24.25,16.875,-2.504999999999999,36.379999999999995,41.995000000000005,-9.505000000000003,30.875,19.75,29.995,17.995,24.38,22.005,26.875,121.245,28.755,20.25,41.995000000000005,87.125,8.504999999999999,21.38,26.995,16.37,23.369999999999997,1.625,21.0,27.5,16.25,26.625,-6.25,26.0,18.37,31.125,135.875,42.125,19.755,22.25,13.375,21.875,39.875,38.875,16.87,12.870000000000001,12.375,21.62,19.25,34.25,22.25,108.625,129.25,21.375,8.375,21.5,16.87,48.125,161.375,25.125,25.745,4.25,90.995,94.13,32.5,0.504999999999999,33.75,20.25,155.12,24.5,37.245,34.0,66.375,31.125,21.625,42.625,34.495000000000005,20.255,37.745000000000005,38.375,16.25,33.875,29.744999999999997,28.130000000000003,127.63,2024-05-12
47.125,75.125,65.0,93.625,105.75,53.125,64.25,91.63,78.375,78.5,56.75,131.995,34.625,69.625,99.125,137.255,52.625,81.625,26.875,41.255,91.38,67.5,99.25,89.0,119.13,24.505,76.375,21.88,67.375,66.625,77.13,115.755,30.375,97.625,104.0,48.125,77.75,59.62,20.125,50.75,56.75,131.995,46.12,64.995,71.75,81.75,62.375,46.625,115.75,102.495,37.375,90.375,45.625,60.125,68.875,108.375,97.0,71.495,35.75,69.875,23.875,67.375,46.75,88.88,19.505,39.995,61.875,52.0,64.0,50.125,89.5,72.125,27.125,62.625,57.125,61.875,46.625,55.75,134.88,107.25,36.625,25.0,82.625,50.0,66.0,100.245,52.25,31.995,86.13,89.375,62.375,43.25,62.5,91.37,113.625,63.5,31.125,75.625,59.125,97.625,55.75,17.38,81.995,79.0,82.75,82.87,25.13,49.745,49.37,48.005,116.0,81.75,91.38,74.875,24.5,41.375,51.75,67.5,70.0,55.625,117.75,55.5,96.88,80.625,84.505,13.125,47.745,121.5,70.5,18.880000000000003,41.875,78.0,60.125,68.125,75.005,113.625,65.505,78.38,58.505,34.745,58.0,103.38,62.875,113.75,117.875,62.625,96.125,84.255,65.25,84.63,115.13,147.495,103.63,32.25,57.25,58.0,93.875,153.625,32.625,1.75,49.625,36.625,77.87,98.37,44.875,35.245,56.505,54.5,63.375,132.875,43.995,56.75,53.505,83.87,72.75,41.75,20.75,76.0,83.0,63.375,86.13,44.125,64.005,67.125,24.245,81.875,41.38,44.125,56.505,67.0,35.75,71.995,65.875,56.75,97.38,77.0,36.25,29.125,73.625,63.375,79.0,137.5,41.755,31.13,70.5,133.375,119.005,49.125,43.125,104.5,83.62,109.005,108.63,81.625,118.37,63.625,110.0,70.505,56.875,97.625,57.625,126.375,58.375,84.63,44.5,89.375,33.125,63.625,21.62,87.38,59.75,37.5,86.88,60.875,110.25,38.495,53.125,88.75,53.75,34.37,24.125,110.5,91.25,29.625,68.62,117.495,57.375,49.0,60.0,47.255,47.125,48.875,59.875,110.5,56.75,64.13,66.5,61.875,54.88,22.75,55.625,64.12,93.88,48.875,117.255,33.62,85.25,122.25,55.88,60.375,46.13,81.005,63.62,38.255,33.125,25.0,60.125,53.505,67.12,48.25,71.75,68.75,85.75,113.005,89.875,114.5,134.88,33.75,62.75,60.0,75.375,13.754999999999999,2024-05-19
17.625,4.0,29.505,28.125,11.125,5.5,6.75,23.0,19.75,9.5,5.5,22.5,14.625,19.005,21.125,7.25,7.375,45.875,15.5,18.75,12.75,9.25,14.75,28.5,24.755,17.375,48.0,11.125,5.375,4.125,37.25,29.0,6.125,18.625,22.375,28.75,14.5,14.75,9.25,5.625,24.0,21.0,18.75,32.0,17.25,23.62,13.875,5.75,17.875,34.5,15.005,23.38,16.125,7.125,18.125,27.75,26.0,12.375,24.375,8.5,3.625,13.125,16.375,26.625,2.25,20.75,11.125,7.0,8.875,8.875,26.0,18.375,21.75,7.75,6.125,21.0,5.375,7.0,28.75,22.375,7.875,16.875,12.25,5.0,7.375,38.37,7.625,22.25,14.125,15.5,10.25,11.375,39.375,29.5,35.875,16.75,20.125,18.995,6.0,53.38,7.0,2.25,9.625,16.375,8.0,15.629999999999999,20.375,25.25,22.125,22.0,23.125,20.88,12.75,12.625,6.375,9.75,5.5,7.5,12.0,6.75,25.5,8.75,35.0,28.87,28.5,5.75,34.0,24.505,12.5,17.875,19.75,28.0,7.25,9.5,28.12,21.0,10.125,12.5,16.375,29.0,9.25,28.375,13.754999999999999,17.0,25.25,9.0,24.25,41.375,6.5,11.25,30.495,21.0,25.625,21.5,7.375,9.25,40.625,24.25,24.375,0.245,7.0,6.375,15.375,26.75,20.25,21.38,30.755,5.625,6.25,21.375,19.25,10.625,13.625,28.25,12.5,7.375,1.0,13.125,30.0,8.875,24.0,5.375,22.875,5.5,27.25,4.37,16.125,19.875,30.755,11.875,24.375,28.75,33.37,6.875,16.375,11.125,4.5,24.0,22.0,15.625,3.75,24.5,25.63,18.75,12.25,27.75,19.375,6.0,7.625,25.25,17.875,27.5,29.25,31.125,26.125,15.625,30.125,11.5,7.0,18.625,5.375,30.125,6.125,11.25,20.375,18.125,6.0,15.625,13.25,29.625,5.625,7.875,26.875,8.375,26.12,16.75,5.5,21.75,8.75,30.38,5.75,23.875,49.0,26.25,9.63,29.505,6.5,13.38,10.5,19.0,18.0,4.875,4.875,23.25,6.875,23.87,8.75,7.0,16.87,14.0,6.75,19.25,19.25,4.875,33.0,18.38,18.87,17.375,12.25,14.875,20.125,8.0,31.125,20.5,6.0,16.875,7.25,14.125,8.0,17.75,0.1299999999999999,19.75,9.5,23.995,18.625,27.375,28.75,9.25,9.0,8.875,12.125,19.625,2024-05-26
-104.88,-69.12,-51.37,-41.37,-102.75,-67.5,-103.0,-38.375,-32.12,-144.75,-69.62,-37.375,-72.12,-36.62,-12.5,-1.375,-112.0,0.25,-106.37,-46.875,-74.625,-137.88,-3.5,-49.63,-40.125,-119.125,-0.38,-163.755,-63.38,-63.75,-1.755,-23.255,-61.25,-6.13,-10.5,-4.25,-61.0,-64.125,-109.5,-56.12,-45.75,-21.005,-53.005,-46.005,-89.25,-6.38,-59.0,-93.62,-45.38,-2.745,-67.0,-2.0,-71.25,-81.12,-127.62,-13.88,-15.5,-99.375,-50.63,-102.5,-64.5,-85.5,-70.38,-47.375,-53.375,-126.005,-140.0,-86.62,-101.25,-108.62,0.25,-76.25,-138.12,-66.25,-72.38,-61.75,-63.75,-91.88,-13.995000000000001,-8.38,-102.88,-178.62,-103.87,-91.25,-66.62,-11.125,-103.5,-136.505,-60.125,-62.75,-108.12,-40.62,0.12,-4.375,-9.12,-63.620000000000005,-52.5,-8.0,-73.12,0.0,-91.88,-54.625,-96.125,-115.5,-85.62,-6.125,-136.255,-1.875,-40.245,-39.875,-41.13,-4.0,-74.625,-149.75,-74.75,-115.12,-100.75,-71.5,-134.38,-63.88,-19.38,-120.0,-7.255,-2.75,-4.495,-70.25,0.375,-45.87,-142.25,-204.755,-112.12,2.13,-86.62,-108.38,2.005,-7.880000000000001,-110.375,-127.755,-73.375,-46.125,-91.38,-26.255,-65.62,-40.62,-40.63,-143.0,-22.25,-3.875,-89.25,-89.625,-14.875,-30.625,-24.875,-133.13,-63.75,-91.38,-2.75,-43.0,-162.63,-44.62,-59.25,-82.12,-66.375,-21.245,-138.25,-158.005,-5.255,-96.62,-129.75,-20.62,-119.745,-102.62,-57.625,-71.875,-144.5,-82.88,-83.0,-67.0,-23.5,-117.12,-73.375,-103.0,-9.755,-70.25,-217.005,-42.62,-41.255,-79.13,-5.255,-143.75,-50.63,-55.005,-2.0,-69.88,-72.255,-138.88,-76.38,-4.75,-69.88,-52.38,-68.5,-48.62,-27.255000000000003,-229.375,-161.12,-22.88,-16.995,-84.38,-105.38,-43.87,-68.625,-16.875,-21.995,-4.38,-27.875,-62.129999999999995,-7.25,-58.875,-82.0,-6.13,-64.88,-16.13,-59.62,-89.625,-141.13,-36.37,-63.62,-62.129999999999995,-211.505,-8.255,-73.25,-108.88,-28.495,-87.38,-1.75,-40.875,-67.5,-59.62,-110.75,0.495,-67.88,-17.13,-0.25,-188.75,-87.745,-20.125,-86.88,-71.12,-99.12,-56.875,-43.75,-58.0,-64.62,-17.5,-69.88,3.505,-128.75,-57.5,-94.125,-195.0,-63.88,-18.245,-85.875,-58.0,-12.495,-211.005,-4.0,-31.62,-12.375,-74.0,-112.875,-81.125,-39.375,-56.995,-63.62,-178.62,-86.62,-49.495,-59.005,-89.13,-14.75,-107.38,-122.25,-39.375,-77.75,-9.88,-13.995000000000001,-104.62,-129.62,-111.38,-94.37,-135.875,2024-06-02
-92.81,-55.88,-58.935,-53.81,-41.81,-47.19,-39.0,-77.31,-45.19,-50.19,-34.56,-64.5,-58.44,-64.125,-48.19,-9.69,-36.25,-54.94,-48.56,-67.25,-46.25,-48.69,-21.94,-58.0,-51.935,-47.69,-26.69,-52.06,-23.62,-21.75,-43.19,-90.0,-24.31,-40.63,-42.38,-55.44,-60.38,-84.75,-28.62,-29.81,-54.81,-53.19,-69.25,-56.06,-57.94,-51.065,-49.56,-37.75,-69.81,-45.25,-95.255,-46.375,-66.12,-38.19,-103.56,-59.5,-72.62,-68.75,-72.75,-65.0,-23.06,-69.44,-67.0,-60.56,-14.75,-84.81,-38.62,-30.69,-35.5,-35.69,-39.13,-62.0,-82.75,-19.25,-42.5,-48.0,-22.81,-28.44,-44.25,-51.88,-30.31,-70.44,-72.19,-18.06,-22.06,-72.065,-37.81,-84.19,-26.62,-20.94,-34.69,-61.56,-83.75,-62.75,-42.0,-60.69,-73.88,-49.815,-25.0,-60.625,-28.44,-16.44,-63.38,-70.88,-57.19,-21.435,-78.19,-36.0,-57.0,-58.19,-51.62,-42.125,-46.25,-63.19,-30.62,-24.25,-34.12,-20.38,-61.25,-33.0,-62.25,-39.56,-53.37,-66.505,-43.75,-25.62,-55.5,-62.625,-64.38,-72.94,-79.38,-35.06,-34.0,-61.25,-41.005,-45.25,-42.31,-71.94,-92.56,-69.25,-32.81,-37.75,-80.565,-44.06,-51.56,-21.69,-26.0,-39.5,-54.81,-43.69,-48.505,-55.38,-75.81,-80.38,-19.62,-32.81,-40.75,-88.44,-92.69,-47.505,-22.44,-33.69,-29.62,-51.88,-81.75,-91.125,-43.375,-36.56,-38.5,-57.25,-86.31,-31.06,-67.88,-68.06,-64.5,-21.13,-17.94,-63.81,-75.75,-32.81,-67.19,-40.06,-40.0,-23.44,-54.0,-19.625,-66.56,-84.56,-43.375,-48.69,-72.75,-64.38,-38.185,-33.94,-43.31,-61.56,-30.88,-39.0,-62.56,-58.12,-19.56,-118.75,-36.935,-77.75,-63.12,-42.88,-23.06,-27.38,-33.69,-79.25,-35.44,-36.94,-38.75,-37.0,-32.5,-58.37,-43.75,-60.94,-30.5,-40.63,-28.44,-37.69,-33.62,-43.69,-81.62,-35.69,-25.0,-58.37,-65.5,-44.31,-45.69,-39.88,-77.06,-36.44,-36.875,-66.94,-47.19,-57.75,-34.56,-32.375,-26.69,-66.38,-58.25,-55.81,-120.435,-75.315,-26.75,-58.565,-31.25,-75.94,-67.69,-32.38,-22.25,-65.19,-33.94,-39.745,-45.81,-34.56,-85.005,-68.12,-33.0,-34.69,-41.69,-32.38,-41.75,-86.625,-28.505,-51.62,-26.5,-84.06,-85.0,-42.06,-51.56,-81.44,-25.0,-70.44,-34.0,-61.0,-64.94,-85.56,4.6850000000000005,-80.44,-50.81,-49.625,-38.25,-43.81,-44.25,-32.06,-43.38,-41.0,-67.44,-73.62,2024-06-09
