Semana,casos,focos,tmin,tmed,tmax,prec
2014-01-05,0.0,0,18.194286346435547,23.02383858816964,28.99951035635812,16.25
2014-01-12,0.0,11,17.75777953011649,22.026946476527623,28.08219337463379,35.625
2014-01-19,0.0,1,18.69668960571289,24.313796179635183,31.31688499450684,1.375
2014-01-26,0.0,6,19.449023383004324,24.744403294154576,31.68967628479004,1.5
2014-02-02,0.0,3,20.35790525163923,25.905249459402903,33.37031718662807,12.875
2014-02-09,0.0,0,19.02192388262068,23.925149372645787,30.432645525251115,25.0
2014-02-16,0.0,1,17.685449872698104,21.431046622140062,26.528674806867325,18.875
2014-02-23,0.0,0,18.559208188738143,22.518410273960654,28.66646957397461,38.375
2014-03-02,0.0,11,17.520099912370956,21.562334333147323,26.94345092773437,23.5
2014-03-09,0.0,2,18.053234917776926,22.02287483215332,27.686627524239675,54.0
2014-03-16,0.0,6,18.428040095738,22.799848284040177,28.36706869942801,51.3125
2014-03-23,0.0,10,15.861709594726562,20.440663746425084,26.657822472708567,0.875
2014-03-30,0.0,6,18.34061895098005,21.450178963797438,26.66897092546736,40.375
2014-04-06,0.0,3,17.821360451834543,21.199995858328684,26.45551953996931,4.8125
2014-04-13,0.0,11,16.150048800877162,19.178878375462123,23.914739881243023,6.25
2014-04-20,0.0,6,15.764341899326867,18.684831074305944,23.330191203526088,13.375
2014-04-27,0.0,5,13.440335954938616,17.62497956412179,23.468164443969727,6.875
2014-05-04,0.0,1,14.81703131539481,19.108068193708142,24.86150932312012,2.5
2014-05-11,0.0,12,14.097168513706752,18.22811753409249,23.503522600446427,3.875
2014-05-18,0.0,3,14.510668618338448,17.134678840637207,21.39024911608015,17.75
2014-05-25,0.0,3,11.238928658621653,13.85502324785505,18.4817168372018,23.75
2014-06-01,0.0,9,9.367038113730294,13.35133947644915,19.946456909179688,29.5
2014-06-08,0.0,1,14.626649584089009,17.53154672895159,21.497342245919363,31.125
2014-06-15,0.0,3,12.962402752467565,14.308992658342634,18.125736509050643,17.6875
2014-06-22,0.0,3,14.033115114484517,17.292562893458776,21.729304722377236,7.125
2014-06-29,0.0,7,11.383510044642858,15.131198610578265,20.922793252127512,0.25
2014-07-06,0.0,0,12.635006632123677,14.546615600585938,17.603519439697266,5.125
2014-07-13,0.0,2,11.608247212001256,14.703762599400113,19.39170455932617,7.375
2014-07-20,0.0,1,9.273556402751378,12.656643867492676,19.181950569152832,4.625
2014-07-27,0.0,4,11.526434625898087,14.367802483694891,19.48294394356864,2.875
2014-08-03,0.0,0,11.365615436008998,15.477121353149414,21.600005422319686,2.875
2014-08-10,0.0,1,10.703256062098912,13.609933853149414,18.77648067474365,27.5
2014-08-17,0.0,1,12.548590115138463,15.973545755658831,22.98811939784459,2.0
2014-08-24,0.0,1,10.33897808619908,14.732516833714076,21.099048614501957,2.375
2014-08-31,0.0,7,12.545739446367536,15.748074667794365,20.338932309831893,59.875
2014-09-07,0.0,1,15.065127917698453,18.319000244140625,23.82059097290039,3.375
2014-09-14,0.0,0,13.957104137965612,17.556084360395158,22.675122942243306,36.375
2014-09-21,0.0,3,14.02696691240583,17.364296231951034,21.178412573678152,29.25
2014-09-28,0.0,11,13.801203863961357,16.79222038814,20.407120295933314,29.375
2014-10-05,0.0,2,14.204235076904297,18.64113998413086,24.674265725272043,2.625
2014-10-12,0.0,0,17.425594602312362,21.01192501613072,26.642904009137837,13.75
2014-10-19,0.0,6,14.799443653651648,18.26052679334368,23.512766701834543,6.625
2014-10-26,0.0,2,16.58412184034075,21.026010513305664,27.31673104422433,9.0
2014-11-02,0.0,9,17.294857842581614,19.88226182120187,23.569562639508927,50.0
2014-11-09,0.0,5,15.15511349269322,19.898529597691127,25.52245821271624,3.125
2014-11-16,0.0,2,14.692798342023575,18.81167084830148,25.20974867684501,19.0
2014-11-23,0.0,0,17.504153660365514,21.14111927577428,25.514467784336635,32.5
2014-11-30,0.0,2,17.18720463344029,21.274880817958287,26.481156757899694,5.375
2014-12-07,0.0,0,19.234130859375,22.880789620535715,28.622006825038365,37.6875
2014-12-14,0.0,62,17.143442153930664,20.832589285714285,26.355806350708008,13.625
2014-12-21,0.0,2,18.230763299124582,20.424461364746094,24.03737367902483,67.1875
2014-12-28,0.0,3,19.74803216116769,23.300742558070592,28.830556324550084,33.8125
2015-01-04,0.0,0,19.93946729387556,23.255386080060685,29.27969115121024,17.8125
2015-01-11,0.0,24,19.963488715035574,24.415104184831893,31.51954841613769,19.0
2015-01-18,0.0,35,18.501290730067662,22.362155641828263,28.353613989693777,33.6875
2015-01-25,0.0,10,18.808512006487167,22.15368434361049,27.550382341657365,35.25
2015-02-01,0.0,3,18.10786873953683,21.141186577933176,26.72857747759138,22.625
2015-02-08,0.0,0,19.903905868530277,23.36760493687221,28.977687290736608,24.25
2015-02-15,0.0,14,18.565118517194477,21.163638523646764,25.659233365740096,37.9375
2015-02-22,0.0,19,18.75641141619001,22.493655341012136,28.365965162004745,26.5625
2015-03-01,1.0,10,18.316579273768838,21.72175407409668,26.82591302054269,23.5625
2015-03-08,0.0,1,18.870845249720983,21.967254093715123,27.76628793988909,12.9375
2015-03-15,0.0,4,18.23715128217425,21.181922912597656,26.16375078473772,4.0
2015-03-22,0.0,3,16.785877091544016,19.735210963657924,24.459138325282503,30.0
2015-03-29,0.0,7,15.454822404044014,19.49850055149623,25.36460522242955,61.25
2015-04-05,1.0,0,14.276907512119838,18.362695966448104,24.2936954498291,3.75
2015-04-12,0.0,0,16.300421851021902,19.754242215837756,25.316267286028182,13.625
2015-04-19,1.0,0,17.308773721967423,19.49592072623117,22.873396192278182,40.125
2015-04-26,2.0,6,13.744792665754046,16.716640744890487,22.0318786076137,3.3125
2015-05-03,1.0,2,13.069934981209892,16.177097184317454,21.228280748639783,19.375
2015-05-10,2.0,0,13.212516103472028,15.560855320521764,19.744317327226916,23.4375
2015-05-17,0.0,0,15.350593839372907,17.74730682373047,22.23658125741141,8.25
2015-05-24,1.0,4,14.883106367928642,17.01349081311907,20.49928651537214,45.25
2015-05-31,1.0,13,10.547514915466309,14.313607488359724,20.87324115208217,0.0
2015-06-07,0.0,0,12.66653837476458,16.770238603864396,23.10035378592355,35.25
2015-06-14,0.0,3,8.45586017199925,11.642512593950544,16.1676082611084,41.875
2015-06-21,0.0,0,11.071113177708217,13.918354034423828,18.636518478393555,1.6875
2015-06-28,0.0,3,11.433575630187988,14.232523100716728,18.95828737531389,3.375
2015-07-05,0.0,0,10.734317370823453,13.387596539088658,17.505893843514578,45.0
2015-07-12,1.0,1,14.240868977137977,16.4783445085798,20.102977752685547,68.375
2015-07-19,0.0,0,12.194343566894531,14.718739100864957,18.83032444545201,26.25
2015-07-26,0.0,2,9.413195882524764,14.5561831338065,22.489334651402064,0.0
2015-08-02,0.0,1,13.171492304120743,17.74769251687186,24.383459908621653,0.0
2015-08-09,0.0,1,15.257448060171944,18.246606281825475,23.79738998413086,0.0
2015-08-16,0.0,3,12.532485144478937,16.699369021824428,21.879061017717635,1.25
2015-08-23,0.0,1,11.657143592834473,14.946079526628766,19.70906244005476,17.375
2015-08-30,0.0,2,11.73703738621303,15.779455866132464,21.646881103515625,24.0
2015-09-06,0.0,2,11.663443429129464,15.127722603934153,19.278005055018838,30.4375
2015-09-13,0.0,2,13.218609946114675,17.91781507219587,25.63049643380301,32.375
2015-09-20,0.0,1,16.781312942504883,20.370501382010325,26.46048300606864,12.25
2015-09-27,0.0,17,15.621078354971749,17.808698381696427,21.894836153302872,36.0
2015-10-04,0.0,0,14.693925312587194,17.390153067452566,21.730995450701037,40.9375
2015-10-11,0.0,2,15.843497140066964,18.385129519871303,22.015684127807617,72.25
2015-10-18,0.0,0,14.63423660823277,17.23074381692069,20.797900199890137,68.5
2015-10-25,0.0,0,16.125254767281668,17.899445125034877,20.722960335867747,16.125
2015-11-01,0.0,2,15.345363753182548,16.998881340026855,19.297591618129186,68.625
2015-11-08,0.0,2,17.413302966526576,20.451539720807755,25.51711709158761,24.75
2015-11-15,0.0,1,16.953000613621303,19.8585627419608,24.41551944187709,55.25
2015-11-22,0.0,1,17.208856310163224,19.43779127938407,22.692412512643,29.375
2015-11-29,0.0,8,16.48207405635289,18.64146409715925,22.30240658351353,27.75
2015-12-06,0.0,1,18.09507397242955,20.85010528564453,24.99101366315569,34.1875
2015-12-13,0.0,6,19.255742481776647,22.78523962838309,28.78292383466448,13.0
2015-12-20,0.0,2,19.807606833321707,22.358904429844447,26.518877574375697,38.125
2015-12-27,0.0,0,20.86353955950056,23.14963585989816,27.258908680507115,52.4375
2016-01-03,0.0,4,19.025042125156947,21.789404460362025,26.169037682669504,6.625
2016-01-10,0.0,6,19.499089104788645,22.454551151820592,27.298185076032365,88.0
2016-01-17,0.0,4,15.728922162737163,20.672574724469865,27.37960706438337,4.625
2016-01-24,0.0,5,18.6776065826416,22.360369546072825,28.19147709437779,9.3125
2016-01-31,0.0,10,19.95576340811593,22.875026157924108,27.400005068097794,50.625
2016-02-07,0.0,1,19.725479670933314,23.09394563947405,28.303218296595983,11.625
2016-02-14,0.0,2,20.849088396344865,24.19519260951451,29.74792807442801,21.125
2016-02-21,0.0,4,20.24643325805664,22.869243349347794,27.57171549115862,54.125
2016-02-28,0.0,0,17.21455410548619,20.45815086364746,24.54870932442801,87.0625
2016-03-06,0.0,0,18.27867576054164,21.88936642238072,27.37844685145787,51.5
2016-03-13,0.0,7,17.549972125462123,20.96816607883998,26.74269131251744,3.875
2016-03-20,0.0,16,18.284176145281112,20.497759137834823,24.982576370239254,21.0625
2016-03-27,1.0,6,16.91082763671875,20.892999376569477,27.70726122174944,13.5
2016-04-03,0.0,1,19.434008189610072,23.1508058820452,29.488906042916437,3.5
2016-04-10,0.0,4,20.135648727416992,22.63301467895508,27.423170362200057,30.875
2016-04-17,0.0,3,18.908477238246373,22.926510674612864,29.261669431413925,0.5
2016-04-24,0.0,7,11.544494356427874,15.173232895987374,21.274058750697545,30.625
2016-05-01,0.0,3,10.497270822525024,14.719404901776995,21.19154930114746,4.75
2016-05-08,1.0,5,14.855886459350586,16.795094081333705,19.901913234165736,17.0
2016-05-15,0.0,5,11.541051864624023,14.709721292768206,19.636662210736954,87.0625
2016-05-22,0.0,1,11.897653715951105,14.107380049569269,17.38705267224993,62.1875
2016-05-29,0.0,4,12.454641342163086,14.531260762895856,18.11940561022077,21.0
2016-06-05,0.0,1,5.07380029133388,9.144010543823242,14.955198696681432,8.625
2016-06-12,0.0,3,5.411357828548977,10.276538848876951,17.876207487923757,19.625
2016-06-19,0.0,0,9.00954818725586,11.03748607635498,14.758251326424736,41.25
2016-06-26,0.0,1,9.467129026140483,12.856648581368583,18.35336303710937,0.0
2016-07-03,0.0,3,8.619658367974418,13.231502532958984,19.658336639404297,2.375
2016-07-10,0.0,0,12.881925991603309,15.954332079206194,20.94664982386998,85.125
2016-07-17,0.0,0,6.310728073120117,9.683947154453822,15.496211051940918,6.125
2016-07-24,0.0,0,8.941182953970772,12.793458938598633,19.08255236489432,1.875
2016-07-31,0.0,4,11.796266828264509,15.072522708347863,21.150071825299943,14.125
2016-08-07,0.0,0,7.154452357973371,11.33893312726702,17.320199966430664,22.5
2016-08-14,0.0,0,10.79952689579555,14.077158382960729,19.183587891714915,88.4375
2016-08-21,0.0,0,7.967908178056989,12.526341710771831,19.45002474103655,59.375
2016-08-28,0.0,1,12.442013331821986,16.025543894086564,20.76060540335519,11.0
2016-09-04,0.0,3,10.66661548614502,14.704391070774625,20.659594127110072,41.125
2016-09-11,0.0,2,12.720147405351913,17.176851272583008,24.104745047433035,1.625
2016-09-18,0.0,0,11.517409597124372,15.356375694274902,21.29463713509696,3.875
2016-09-25,0.0,2,11.101164954049247,14.525239399501256,20.14624391283308,8.125
2016-10-02,0.0,7,12.408583504813055,15.045609201703751,19.445416041782924,46.75
2016-10-09,0.0,1,14.072958401271276,16.985985619681223,20.87374142238072,31.5
2016-10-16,0.0,4,16.810629435947963,19.94191673823765,25.265273230416437,49.5
2016-10-23,0.0,1,14.479277747017996,17.56053897312709,22.09426525660924,23.75
2016-10-30,0.0,3,14.50004495893206,18.0906275340489,23.068568093436102,1.0
2016-11-06,0.0,0,15.200416837419782,19.312013626098636,24.73842348371233,30.1875
2016-11-13,0.0,2,14.598630496433804,17.983033861432755,22.555060522896905,6.875
2016-11-20,0.0,1,14.471596581595284,18.19419983455113,23.59941346304757,6.625
2016-11-27,0.0,6,16.43699496132987,19.25151675088065,23.05769947596959,19.125
2016-12-04,0.0,1,16.020845685686385,19.90030070713588,25.10901859828404,43.5
2016-12-11,0.0,6,16.452649797712052,19.45805549621582,23.494408743722097,10.8125
2016-12-18,0.0,2,18.456590379987443,22.15383965628488,27.350479670933314,21.9375
2016-12-25,0.0,1,20.449407849993023,24.20445442199707,29.733286993844168,6.875
2017-01-01,0.0,4,20.06909043448312,23.42386954171317,28.919063295636857,51.875
2017-01-08,0.0,1,18.962938036237443,23.34183229718889,29.93275451660156,33.125
2017-01-15,0.0,8,18.82986640930176,22.802962166922438,28.65548951285226,18.8125
2017-01-22,0.0,3,18.447051729474747,21.30629294259208,26.375593185424805,74.25
2017-01-29,0.0,12,18.72987937927246,21.899531773158483,26.637184143066406,38.1875
2017-02-05,0.0,5,19.49000331333705,22.64521380833217,27.66282980782645,1.75
2017-02-12,0.0,4,19.703423363821848,23.43234688895089,29.346428189958846,63.5
2017-02-19,0.0,8,19.067671367100303,23.44411277770996,29.845997401646205,13.0625
2017-02-26,0.0,5,19.07324491228376,22.776616505214147,29.129303250994003,32.75
2017-03-05,0.0,3,20.058634894234796,22.793230329241077,27.43021174839565,13.1875
2017-03-12,0.0,11,17.85676315852574,20.56627709524972,24.928301674979075,34.4375
2017-03-19,0.0,8,15.848227500915527,18.769375119890487,23.948175157819477,15.5625
2017-03-26,0.0,9,15.645448139735633,18.52390207563128,23.232471193586075,23.125
2017-04-02,0.0,8,17.018586567470006,19.411926542009628,23.529749189104358,32.875
2017-04-09,0.0,6,16.826762744358607,19.97334017072405,25.093434742518838,8.125
2017-04-16,0.0,7,15.668376650129046,18.50735855102539,22.91604505266462,34.0
2017-04-23,0.0,6,11.58206503731864,15.827421460832868,21.80169187273298,16.625
2017-04-30,0.0,5,13.90888214111328,16.820911816188268,22.077585220336918,14.5
2017-05-07,0.0,2,14.06828498840332,17.18543897356306,22.28661046709333,0.875
2017-05-14,0.0,6,13.248752049037387,16.41284111567906,20.56338964189802,96.25
2017-05-21,0.0,8,14.939557211739675,17.41475405011858,21.478933334350582,21.75
2017-05-28,0.0,16,13.601893561226982,15.822917665754046,19.50797380719866,91.5
2017-06-04,0.0,5,13.332561254501345,15.983957835606166,19.784672328404017,63.875
2017-06-11,0.0,4,8.637295041765485,12.75882966177804,20.05490820748465,0.375
2017-06-18,0.0,1,11.075496128627233,14.126719338553292,18.526918275015696,16.0
2017-06-25,0.0,6,10.541335650852748,14.546565328325544,21.235307965959823,0.125
2017-07-02,0.0,10,8.982410839625768,12.214703696114675,17.65724972316197,2.375
2017-07-09,0.0,2,11.523453848702568,14.941042355128696,21.616536821637837,0.0
2017-07-16,0.0,3,6.72336254801069,10.735382897513253,18.266653742109025,10.75
2017-07-23,0.0,0,9.387521743774414,14.0533082144601,22.272715977260045,0.0
2017-07-30,0.0,9,11.054856300354004,14.881596429007391,21.29541233607701,24.375
2017-08-06,0.0,3,10.94973073686872,14.402504784720284,20.71130916050502,8.0
2017-08-13,0.0,0,12.183805874415809,14.843702725001744,18.96361473628453,18.875
2017-08-20,0.0,2,10.3884368624006,13.9080228805542,19.24075984954834,45.4375
2017-08-27,0.0,13,13.483331680297852,16.87286744798933,22.0619318825858,0.5
2017-09-03,0.0,2,13.3134001323155,17.653870718819753,24.739950725010463,0.125
2017-09-10,0.0,1,15.286926814488002,19.76688139779227,26.43732752118792,0.5
2017-09-17,0.0,1,15.866190910339355,19.170412608555385,24.95298658098493,0.625
2017-09-24,0.0,0,14.720566204616002,17.419474329267228,21.63311985560826,41.5
2017-10-01,0.0,8,12.665385110037668,17.996108600071498,24.219267436436244,45.625
2017-10-08,0.0,5,15.80959142957415,19.14051137651716,24.592065811157227,55.25
2017-10-15,0.0,3,15.441099848066058,18.078395707266672,21.74184717450823,10.875
2017-10-22,0.0,5,14.687096868242536,17.902988978794642,22.38498088291713,32.125
2017-10-29,0.0,5,13.650588853018624,17.52097511291504,22.186419350760325,8.3125
2017-11-05,0.0,8,14.775718144008092,17.57007394518171,22.033213479178293,47.25
2017-11-12,0.0,6,13.388753754752022,19.473761694771905,26.99669919695173,37.4375
2017-11-19,0.0,4,15.856087957109724,18.93832806178502,23.45710018702916,18.5
2017-11-26,0.0,14,15.740364483424596,19.78531347002302,25.151216779436385,9.25
2017-12-03,0.0,1,17.20047296796526,21.052839006696427,26.48303249904088,12.5
2017-12-10,0.0,9,17.390459878104075,21.233354023524694,27.254919052124023,4.375
2017-12-17,0.0,10,18.73319407871791,22.10312843322754,26.80215753827776,24.4375
2017-12-24,0.0,7,18.558823449271067,20.69133050101144,24.098781040736608,112.0625
2017-12-31,0.0,8,17.74997956412179,22.277649470738,28.774561200823104,9.0625
2018-01-07,0.0,7,17.71346037728446,20.42692674909319,24.654035023280557,72.1875
2018-01-14,0.0,28,19.81790324619838,22.63351740155901,27.972143173217773,99.1875
2018-01-21,0.0,23,18.17122977120536,21.54889978681292,27.03664207458496,53.875
2018-01-28,0.0,14,17.114829472133092,20.843346459524973,26.584076745169504,40.875
2018-02-04,0.0,32,17.271800177437918,21.41142681666783,27.342567716326037,15.25
2018-02-11,0.0,16,16.96197727748326,19.31712750026158,22.571626935686385,48.3125
2018-02-18,0.0,18,17.810775211879186,21.29766627720424,26.630238941737584,19.5
2018-02-25,0.0,14,18.185265949794225,21.87557683672224,27.98739133562361,18.625
2018-03-04,0.0,24,18.228913170950754,21.2997316632952,26.398068836757115,14.4375
2018-03-11,0.0,19,18.45474624633789,22.068510055541992,27.822615759713308,32.125
2018-03-18,0.0,21,18.57021468026297,21.5198792048863,26.55103737967355,40.25
2018-03-25,0.0,20,18.244633265904017,20.63785661969866,24.59639494759696,48.4375
2018-04-01,0.0,12,17.343495232718332,20.780049187796457,26.384966169084823,4.5
2018-04-08,0.0,19,16.003033774239675,20.141279765537806,26.214170728410995,2.3125
2018-04-15,0.0,23,13.846881321498326,17.68047550746373,23.700502123151505,11.875
2018-04-22,0.0,19,15.664616993495397,19.77001680646624,26.28287124633789,0.0
2018-04-29,0.0,25,17.561024529593332,20.526994432721818,25.89273234776088,1.4375
2018-05-06,0.0,11,15.334559576851982,18.407708849225724,22.85513414655413,6.75
2018-05-13,0.0,29,14.143763950892858,17.228725569588796,22.41836983816964,22.375
2018-05-20,0.0,17,8.793967519487653,12.971329144069127,19.22058650425502,0.125
2018-05-27,0.0,12,11.887903213500977,15.68074403490339,21.7568291255406,0.25
2018-06-03,0.0,2,7.500911576407296,11.192597934177943,16.00960377284459,21.125
2018-06-10,0.0,14,10.17619160243443,12.907616206577844,16.78758226122175,27.5
2018-06-17,0.0,2,9.88230378287179,13.33707959311349,19.004127638680597,2.0
2018-06-24,0.0,5,12.366727147783552,15.76771068572998,20.48911448887416,42.25
2018-07-01,0.0,9,11.847237314496722,14.784949030194964,19.853205680847168,3.625
2018-07-08,0.0,18,6.039729833602905,11.192552294049944,18.64248493739537,2.8125
2018-07-15,0.0,5,11.489364215305873,16.392968722752162,23.327784946986608,0.25
2018-07-22,0.0,10,12.402891567775182,14.80538695199149,19.30950219290597,15.0
2018-07-29,0.0,15,11.03324168069022,13.40496758052281,16.929649080548966,18.3125
2018-08-05,0.0,16,8.647279058183942,12.823911666870115,19.33300999232701,1.125
2018-08-12,0.0,6,8.746472903660365,12.713737624032158,18.670926639011928,0.0625
2018-08-19,0.0,4,11.908957072666713,14.852131979806083,19.56542914254325,58.5
2018-08-26,0.0,4,9.84089057786124,14.047466823032924,21.011193684169225,0.5
2018-09-02,0.0,17,10.507264001028878,14.016886029924663,19.804253714425226,68.0
2018-09-09,0.0,7,12.491664477757045,15.02500547681536,18.902089255196707,14.375
2018-09-16,0.0,5,14.0148834500994,17.477330344063894,23.27660914829799,10.5
2018-09-23,0.0,10,16.3732727595738,19.42773383004325,24.347123554774694,15.375
2018-09-30,0.0,18,15.629446302141462,18.088011605399,21.515581812177384,83.25
2018-10-07,0.0,16,14.884910038539342,17.688336508614675,21.36120115007673,88.75
2018-10-14,0.0,18,14.795291083199638,17.360402379717147,20.55237579345703,87.5
2018-10-21,0.0,6,14.7628356388637,17.651217733110702,21.832603999546595,35.8125
2018-10-28,0.0,6,14.401203972952706,18.068690027509412,22.826082502092635,15.0
2018-11-04,0.0,11,14.83937168121338,17.69321550641741,21.701341356549943,37.75
2018-11-11,0.0,19,17.715290750776017,21.66210801260812,26.914404460362025,3.125
2018-11-18,0.0,27,16.131193161010742,19.68036106654576,23.22120475769043,8.75
2018-11-25,0.0,30,17.281099455697195,20.721207482474192,24.571425574166437,37.8125
2018-12-02,0.0,18,15.646494729178292,19.382144383021764,24.35843767438616,9.0625
2018-12-09,0.0,30,18.065460205078125,23.139763150896343,29.325137274605886,5.4375
2018-12-16,0.0,32,20.435449872698104,24.42099952697754,30.536685398646764,85.125
2018-12-23,0.0,15,18.771636962890625,22.25200653076172,26.485767092023572,37.9375
2018-12-30,0.0,70,21.04001126970564,24.81394168308803,29.50670269557408,31.375
2019-01-06,0.0,39,20.819029671805247,24.251075744628903,29.91935212271554,14.9375
2019-01-13,0.0,48,20.50380298069545,24.321171079363143,30.91991370064872,53.5625
2019-01-20,0.0,73,20.81303650992257,23.86353438241141,28.336094992501398,31.75
2019-01-27,0.0,70,20.953033174787247,25.814995901925226,32.265068599155974,49.25
2019-02-03,0.0,55,17.685185841151647,20.90621784755162,25.46982410975865,54.875
2019-02-10,0.0,69,18.90673446655273,21.282217843191965,25.07765551975795,53.4375
2019-02-17,0.0,110,18.565561839512416,22.04044669015067,27.415567670549667,66.75
2019-02-24,2.0,73,18.52454158238002,21.255424771990096,25.92407172066825,28.4375
2019-03-03,0.0,82,19.00291987827846,22.96714265005929,28.809946605137416,29.25
2019-03-10,0.0,86,18.32798412867955,20.750728879656112,24.880950655256,63.8125
2019-03-17,0.0,74,17.43138817378453,20.170228958129883,24.16182327270508,34.4375
2019-03-24,0.0,90,16.50761263711112,19.74515696934291,24.284600121634348,25.0
2019-03-31,1.0,60,17.111530303955078,21.37438256399972,26.81545066833496,5.1875
2019-04-07,0.0,94,15.393391745431083,18.739091873168945,23.64990724836077,95.75
2019-04-14,0.0,99,15.427519389561244,20.04899733407157,26.454578399658203,4.875
2019-04-21,0.0,104,18.079435348510746,20.25746481759208,23.828779765537806,48.0
2019-04-28,0.0,72,16.899866785321915,19.617673328944612,23.95907075064523,27.125
2019-05-05,0.0,57,17.47146224975586,19.777159554617747,23.619671412876677,11.5
2019-05-12,0.0,110,15.080721582685198,16.91655022757394,19.701399666922438,57.0
2019-05-19,0.0,71,14.249800273350306,17.098383358546666,21.429724557059156,18.25
2019-05-26,0.0,65,13.622385161263605,16.082259723118373,19.949650355747767,71.25
2019-06-02,0.0,75,10.765721457345146,14.52076802934919,19.81825256347656,17.3125
2019-06-09,0.0,88,11.968013763427734,15.935740062168666,22.744868687220983,0.0
2019-06-16,0.0,54,12.724046570914131,16.312073843819753,22.038458142961776,0.0
2019-06-23,0.0,72,11.556528908865792,15.542066301618304,21.97335433959961,33.0
2019-06-30,0.0,74,10.412697281156268,13.836540494646345,18.542851856776647,12.0625
2019-07-07,0.0,22,4.347716791289193,10.368732452392578,19.78413268498012,0.125
2019-07-14,0.0,20,9.425665072032384,13.036131995064872,17.879623004368373,6.25
2019-07-21,0.0,31,12.503921645028251,16.298840522766113,22.308800833565847,0.375
2019-07-28,0.0,63,10.978500945227486,14.24084758758545,19.429472514561244,3.25
2019-08-04,0.0,57,9.508655411856514,14.139183180672784,21.068731716700963,0.25
2019-08-11,0.0,43,10.358578545706612,14.192083358764648,19.733360290527344,2.625
2019-08-18,0.0,20,9.40677888052804,12.3219975062779,16.626516887119838,8.875
2019-08-25,0.0,15,11.878251348223005,15.560263225010464,21.424298967633927,0.125
2019-09-01,0.0,60,10.542012350899832,12.703095027378629,15.70402376992362,29.0
2019-09-08,0.0,51,14.498459543500628,18.8941068649292,24.45463180541992,10.5
2019-09-15,0.0,25,15.070264407566617,17.753320830208914,21.85499736240932,35.75
2019-09-22,0.0,31,11.564617429460798,14.603139741080147,19.233598709106445,4.5
2019-09-29,0.0,61,15.319555691310338,18.94788033621652,25.0823176247733,1.125
2019-10-06,0.0,53,14.1734162739345,18.03678703308105,23.72900118146624,17.0625
2019-10-13,0.0,6,16.752925191606796,19.52924360547747,23.876723425728933,25.625
2019-10-20,0.0,25,14.860785484313965,17.922478675842285,22.65524591718401,6.0625
2019-10-27,0.0,33,17.392459188188827,21.48344039916992,27.683617455618723,10.0
2019-11-03,0.0,38,17.519737924848283,20.33310808454241,24.659832000732425,13.5
2019-11-10,0.0,122,16.64232349395752,19.36519595554897,22.851823261805944,37.6875
2019-11-17,0.0,92,16.21464306967599,20.444608415876115,26.00229862758092,1.875
2019-11-24,0.0,129,14.26745959690639,18.126071657453263,22.67806598118373,22.625
2019-12-01,0.0,70,15.660045896257673,19.451425552368164,24.858788354056223,10.375
2019-12-08,0.0,81,16.747942515781947,20.69040843418666,25.62266976492745,9.0
2019-12-15,1.0,146,17.738942282540457,20.37529482160296,24.048117773873464,31.9375
2019-12-22,0.0,0,18.1411794934954,22.53186471121652,28.50870759146554,0.875
2019-12-29,0.0,3,18.97899436950684,22.65168571472168,27.556241171700613,20.3125
2020-01-05,0.0,96,19.611691883632115,23.445555550711497,29.34850992475237,14.25
2020-01-12,0.0,274,17.716784068516322,21.580685479300364,26.76933860778809,8.6875
2020-01-19,1.0,235,16.95199748447963,20.11007853916713,24.971709932599747,10.375
2020-01-26,4.0,174,19.073361260550364,23.159971237182617,29.162885393415177,20.0
2020-02-02,4.0,85,19.260008675711497,21.679953166416716,25.284102303641184,119.5
2020-02-09,11.0,244,16.808674131120956,20.23439679827009,25.60647991725377,25.0625
2020-02-16,42.0,197,19.913612910679408,23.508126667567662,28.52748680114746,8.0625
2020-02-23,57.0,288,14.916929517473491,18.91809872218541,24.23659324645996,85.25
2020-03-01,66.0,144,15.031678608485633,18.7893248966762,24.116515840802872,28.875
2020-03-08,195.0,131,15.927457128252302,21.064273016793383,28.6223634992327,0.125
2020-03-15,222.0,14,18.678612572806223,22.35925374712263,28.36016927446638,8.875
2020-03-22,206.0,3,15.192741121564593,19.347456523350303,25.92217227390834,3.5
2020-03-29,337.0,103,17.14994321550642,20.697575569152832,26.625683103288925,1.8125
2020-04-05,490.0,95,13.932748522077288,17.40509605407715,24.60351426260812,10.625
2020-04-12,724.0,112,11.245335442679268,15.59163897378104,23.25784138270787,7.0625
2020-04-19,799.0,3,13.67265088217599,17.122421945844376,24.774687358311244,4.625
2020-04-26,830.0,69,16.143109457833425,19.0914546421596,25.20622307913644,8.125
2020-05-03,783.0,116,9.801311084202355,13.929160799298968,21.411885125296457,2.75
2020-05-10,849.0,215,12.54104014805385,15.883028984069824,22.09944180079869,10.25
2020-05-17,685.0,194,12.373212678091866,16.23319067273821,23.23586845397949,2.75
2020-05-24,645.0,151,8.179198810032435,12.617891584123884,21.293995448521205,0.125
2020-05-31,544.0,137,11.905939102172852,14.537794930594307,18.65517384665353,37.6875
2020-06-07,338.0,99,13.352679116385325,16.448440551757812,22.093135833740234,53.6875
2020-06-14,225.0,209,12.773703166416713,15.595735686165948,20.823831421988352,6.75
2020-06-21,228.0,173,11.899594579424177,15.416982650756836,21.5355965750558,13.6875
2020-06-28,175.0,94,7.950523512704032,10.908783776419504,16.73027583530971,26.5625
2020-07-05,126.0,126,9.479917015348162,13.35191890171596,19.70053209577288,17.5
2020-07-12,51.0,267,10.836117335728236,14.18802274976458,20.08043234688895,31.4375
2020-07-19,19.0,173,11.721851485116142,15.921914509364536,23.255150386265345,0.5
2020-07-26,15.0,102,10.149912561689105,12.83796841757638,17.983665466308594,38.4375
2020-08-02,7.0,81,10.614133153642928,14.353433200291224,22.09009552001953,0.3125
2020-08-09,4.0,136,12.259808540344238,15.857739312308174,22.30705533708845,78.75
2020-08-16,1.0,89,10.19589012009757,12.147132056100029,14.905799729483467,49.875
2020-08-23,3.0,60,7.811689751488822,12.847896030970984,22.087905202593124,0.5
2020-08-30,3.0,16,13.90854263305664,16.768460954938615,21.94816289629255,10.125
2020-09-06,1.0,235,14.861518723624092,18.27639307294573,24.75885990687779,2.6875
2020-09-13,1.0,72,13.664636884416852,17.72528157915388,24.118169920785085,4.75
2020-09-20,0.0,151,11.888635499136788,15.141590118408203,20.406367438180105,0.625
2020-09-27,2.0,156,16.53685964856829,20.419024876185823,26.731121063232425,25.875
2020-10-04,2.0,93,15.146824428013392,17.747990335736954,22.090410232543945,38.875
2020-10-11,1.0,216,13.220369338989258,17.172495705740793,22.77301624843053,3.1875
2020-10-18,2.0,176,15.569747379847936,19.21466554914202,23.96178000313895,6.75
2020-10-25,1.0,332,14.890646389552526,19.004046303885325,24.48163740975516,21.1875
2020-11-01,1.0,93,10.140006610325404,15.302167892456056,21.84472928728376,6.6875
2020-11-08,0.0,176,16.70939568110875,19.669057846069336,24.952403477260045,39.6875
2020-11-15,1.0,249,15.57158429282052,18.778019632611954,23.66155869620187,26.4375
2020-11-22,1.0,324,17.075145312717982,20.993683133806503,26.617928096226283,20.625
2020-11-29,0.0,198,17.50202969142369,20.764716829572404,25.304432460239955,45.9375
2020-12-06,0.0,41,17.161614554268972,20.56172016688756,25.774431501116077,48.1875
2020-12-13,2.0,394,18.623062133789062,22.044329507010325,27.032015664236887,76.6875
2020-12-20,2.0,192,17.390842165265763,20.781810760498047,25.684721537998744,23.0
2020-12-27,0.0,107,18.314640590122767,21.458872386387416,26.583174024309432,53.3125
2021-01-03,1.0,333,18.308025360107425,21.953373227800643,27.753416061401367,50.1875
2021-01-10,8.0,324,19.92905044555664,22.40342167445592,26.95205170767648,35.625
2021-01-17,19.0,543,18.795065471104213,20.48792893545968,23.424049377441406,145.625
2021-01-24,23.0,451,19.54589353288923,21.75744955880301,26.594445637294225,44.4375
2021-01-31,28.0,315,19.50729642595564,23.337859289986746,29.13284601484026,18.5
2021-02-07,32.0,109,16.299014500209264,20.11571502685547,26.2393068586077,24.0
2021-02-14,40.0,560,17.11288915361677,21.7098206111363,28.631452832903182,23.25
2021-02-21,90.0,387,18.30218178885324,21.408390045166016,26.227267946515763,35.6875
2021-02-28,137.0,302,18.18016515459333,20.6190858568464,25.143627439226425,101.5
2021-03-07,252.0,60,17.24638775416783,20.66363525390625,26.49422400338309,12.5625
2021-03-14,429.0,158,18.458173206874303,21.933154787336075,27.05488967895508,12.0
2021-03-21,558.0,110,19.450746536254883,22.192396436418807,28.057245799473357,69.75
2021-03-28,1023.0,377,15.510259219578334,19.21346528189523,25.01405933925084,18.75
2021-04-04,1219.0,117,15.61238043648856,18.93165751865932,24.46589469909668,20.1875
2021-04-11,1251.0,403,15.66288961683001,19.019398553030832,23.978197370256694,3.25
2021-04-18,1866.0,439,14.063578060695104,16.998572622026717,22.13178035191127,19.125
2021-04-25,1830.0,413,12.837295668465751,16.686350549970353,22.22131729125977,1.875
2021-05-02,1713.0,244,13.483373641967772,16.803330966404506,22.38098471505301,21.75
2021-05-09,1546.0,224,11.764254433768135,14.47969777243478,19.432104791913712,42.125
2021-05-16,1158.0,309,12.089285578046526,15.683183670043944,22.177245003836497,11.5
2021-05-23,1200.0,285,9.764122145516533,14.359247888837542,21.443332399640763,18.125
2021-05-30,671.0,229,13.167606898716516,15.776761054992676,20.71342604500907,4.4375
2021-06-06,576.0,143,12.513004575456891,15.185812268938337,19.065089770725795,36.25
2021-06-13,387.0,235,8.657082966395787,11.487976482936316,16.393657275608607,7.6875
2021-06-20,188.0,140,11.991744586399625,14.204066140311104,18.434513092041016,37.875
2021-06-27,103.0,105,6.384883914675031,10.68620000566755,16.98703602382115,37.0625
2021-07-04,43.0,264,9.436726025172645,12.143755912780762,17.490201950073242,1.0
2021-07-11,33.0,184,10.379988534109932,14.31167425428118,20.93704264504569,18.75
2021-07-18,14.0,74,4.946520226342337,10.399980000087194,18.845482553754533,0.375
2021-07-25,9.0,39,5.106313671384539,10.151784079415458,17.25930254799979,13.375
2021-08-01,11.0,267,10.21879073551723,12.711287770952495,17.557982172284806,1.4375
2021-08-08,8.0,190,10.709702219281878,13.58070809500558,17.9981233051845,42.25
2021-08-15,9.0,65,13.144096783229283,17.0466126033238,24.00934437343053,1.625
2021-08-22,5.0,106,14.01507214137486,17.313993181501115,22.548451559884207,4.25
2021-08-29,7.0,221,12.762232507978169,15.883752277919225,21.143758501325333,6.6875
2021-09-05,3.0,174,13.776277542114258,17.093595096043178,22.1818414415632,16.3125
2021-09-12,4.0,186,14.27204431806292,16.686667578560964,21.06443432399205,63.375
2021-09-19,0.0,142,13.91037654876709,17.045389039175852,22.317271096365797,11.75
2021-09-26,2.0,203,15.012720652988978,18.2000857761928,22.603903361729213,35.5
2021-10-03,0.0,242,14.05643926348005,15.36131749834333,17.554114205496653,31.5625
2021-10-10,1.0,171,15.538484982081822,17.583920615059988,20.735700334821427,49.625
2021-10-17,3.0,105,12.335060664585658,15.20076492854527,19.07177584511893,10.625
2021-10-24,4.0,90,14.91802992139544,17.97446605137416,22.140713010515487,17.875
2021-10-31,3.0,373,17.084776197160995,19.443454469953263,23.36678750174386,59.5
2021-11-07,1.0,43,14.769205229622978,16.76040472303118,19.77850314549037,20.5
2021-11-14,0.0,57,15.457682609558104,18.662150519234796,22.910724094935823,33.25
2021-11-21,1.0,221,15.86820125579834,20.442766462053573,26.48239435468401,11.625
2021-11-28,2.0,394,17.17392839704241,20.828673226492747,25.456993103027344,2.6875
2021-12-05,3.0,94,15.885475976126534,19.1805956704276,23.769927161080496,27.4375
2021-12-12,0.0,347,20.025449207850865,22.747425079345703,26.296535764421737,14.1875
2021-12-19,1.0,167,16.32223919459752,20.500495638166157,25.80163655962263,21.8125
2021-12-26,0.0,0,17.809113366263254,21.261165073939733,26.369819368634904,33.4375
2022-01-02,0.0,281,19.19399615696498,22.05721010480608,25.822893687656947,44.25
2022-01-09,3.0,313,18.062773840768,20.72095353262765,24.607758113316127,50.75
2022-01-16,3.0,480,20.640501839774,24.47828265598842,29.909428460257395,44.0625
2022-01-23,2.0,390,19.57957295009068,22.85118239266532,26.9663143157959,59.375
2022-01-30,4.0,616,19.27889006478446,22.34530803135463,27.308071408952987,18.8125
2022-02-06,12.0,153,18.367231096540177,21.87775421142578,26.50259699140276,10.5
2022-02-13,17.0,424,17.315387998308456,21.164575031825475,27.040748596191406,18.875
2022-02-20,32.0,560,20.12066514151437,23.352189200265062,28.26117515563965,21.4375
2022-02-27,91.0,446,20.33735547746931,23.436594826834543,28.4862243107387,41.5625
2022-03-06,143.0,147,20.69961248125349,23.59788976396833,28.22503525870187,47.1875
2022-03-13,371.0,729,18.919019426618306,20.873339789254324,24.358142852783203,77.0
2022-03-20,621.0,568,17.601315089634486,19.8450072152274,23.73753193446568,62.5
2022-03-27,800.0,613,16.408390045166016,18.984035628182543,22.60553346361433,53.5625
2022-04-03,1110.0,421,17.57591015951974,19.77493912833077,24.06729371207101,25.75
2022-04-10,1704.0,339,15.623191561017718,18.320345742361887,22.10291372026716,31.125
2022-04-17,2013.0,421,14.018776076180597,17.12632233755929,22.146586554391043,26.5
2022-04-24,1965.0,535,16.915267126900808,19.659322329929896,24.21052496773856,5.8125
2022-05-01,2575.0,284,14.992777143205917,17.144023759024485,20.770800726754324,99.75
2022-05-08,2381.0,214,13.630274908883232,16.548804419381277,21.027845655168807,4.5
2022-05-15,2178.0,303,8.90052740914481,13.453719820295062,19.12113394056048,0.1875
2022-05-22,1708.0,159,11.184900965009415,15.3067992074149,21.778070994785853,0.25
2022-05-29,1240.0,308,11.48514883858817,13.517095157078334,15.778034346444269,118.9375
2022-06-05,614.0,152,12.128906658717565,14.56775460924421,17.646321024213517,45.875
2022-06-12,449.0,264,6.624149322509766,12.135081699916295,18.68106515066964,4.0
2022-06-19,464.0,168,11.759603227887837,15.283330644880024,20.22636181967599,1.875
2022-06-26,300.0,375,9.652935028076172,13.653887612479071,18.74257401057652,0.0625
2022-07-03,158.0,215,11.344518116542272,15.86736992427281,22.31851032802037,0.25
2022-07-10,116.0,283,13.139778818402972,16.00906208583287,20.47887625013079,12.25
2022-07-17,88.0,270,12.894441059657506,15.75862339564732,20.358316557747976,2.5
2022-07-24,72.0,221,11.0935275214059,15.230375698634557,21.03513499668666,2.625
2022-07-31,54.0,342,11.099121638706752,14.925842693873816,20.70736871446882,1.0
2022-08-07,27.0,184,11.34913580758231,13.39166613987514,16.33487061091832,122.0
2022-08-14,20.0,163,10.64097659928458,13.84336485181536,18.20654964447021,37.125
2022-08-21,15.0,101,11.1910640171596,14.475845200674874,19.757134165082658,0.0
2022-08-28,20.0,247,9.844768796648298,13.360834530421666,18.04412174224853,34.125
2022-09-04,10.0,239,12.206908770969935,15.373375756399971,20.2677367074149,45.375
2022-09-11,14.0,288,11.470152446201867,13.56920978001186,16.588727133614675,49.125
2022-09-18,7.0,105,11.028537477765765,14.702952112470356,19.88150950840541,11.625
2022-09-25,3.0,210,12.06870174407959,14.3435457774571,17.448836054120743,30.875
2022-10-02,3.0,423,13.69627571105957,16.60616820199149,20.876335961478095,14.125
2022-10-09,8.0,152,14.430123192923409,16.36009120941162,19.29055363791329,43.0
2022-10-16,5.0,245,15.764218875340053,18.23399244035993,22.196121760777064,74.4375
2022-10-23,2.0,263,16.388643537248885,19.68561799185617,25.090307780674525,2.3125
2022-10-30,1.0,520,11.714737483433314,15.032577242170062,20.020123754228862,33.5
2022-11-06,0.0,136,12.101788657052175,16.244760377066477,22.33070972987584,12.125
2022-11-13,0.0,416,13.3998932157244,18.87148884364537,25.491941452026367,13.75
2022-11-20,0.0,325,16.66560540880476,19.43028450012207,23.66758237566267,11.375
2022-11-27,1.0,449,18.103356497628347,20.035790307181223,23.55965096609933,309.75
2022-12-04,1.0,293,19.610536302839005,22.65861701965332,28.297039031982425,72.5
2022-12-11,0.0,404,17.387605122157506,20.50739097595215,25.591410773141043,41.9375
2022-12-18,2.0,252,15.998429707118444,18.006395612444198,21.404433386666437,48.75
2022-12-25,0.0,0,17.24909019470215,21.22980226789202,26.852122170584543,35.5625
2023-01-01,6.0,276,16.713205065046036,20.07475825718471,24.758603504725865,32.0
2023-01-08,5.0,159,17.869575228009904,20.75023596627372,26.39838899884905,8.125
2023-01-15,10.0,312,20.04671505519322,21.990773064749582,26.892611367361887,64.5
2023-01-22,13.0,365,17.73523167201451,22.43018204825265,29.06908798217773,12.625
2023-01-29,31.0,392,19.614788600376677,22.304227011544363,27.20582635062081,115.875
2023-02-05,53.0,257,17.839959008353098,22.05129078456334,28.43223680768694,18.4375
2023-02-12,96.0,419,18.63908086504255,21.64877918788365,26.857385090419225,103.4375
2023-02-19,179.0,210,17.41377122061593,19.682632173810685,24.147836685180664,70.5625
2023-02-26,472.0,482,18.40131105695452,21.127484730311803,26.323126656668528,68.375
2023-03-05,477.0,258,18.473809923444477,21.239452362060547,26.47562735421317,78.125
2023-03-12,858.0,428,17.922927720206125,20.67886734008789,25.118100030081614,65.1875
2023-03-19,1694.0,395,18.90313257489885,22.83097239903041,28.869013922555105,0.875
2023-03-26,2743.0,432,17.546789169311523,21.056062698364254,26.773043496268137,10.5625
2023-04-02,3798.0,246,15.322012083871025,18.275826045445037,22.798171179635183,37.875
2023-04-09,3827.0,290,15.916628292628696,18.84087126595633,23.69555173601423,40.0625
2023-04-16,3951.0,369,13.193188122340612,16.5886013848441,21.39186695643834,69.0
2023-04-23,3704.0,376,14.239749091012138,17.432823181152344,22.26684434073312,9.125
2023-04-30,4037.0,358,16.47984368460519,19.618259157453263,24.575674329485214,2.625
2023-05-07,3827.0,361,14.045962469918388,17.033773286002024,21.54676083156041,3.875
2023-05-14,2904.0,364,8.992256981985909,13.70050471169608,21.674821308680944,0.0
2023-05-21,2058.0,315,12.97874219076974,16.780541828700475,22.873410088675364,0.0
2023-05-28,1884.0,475,11.815655980791364,14.4547335760934,19.113965034484863,23.6875
2023-06-04,1772.0,318,9.412765230451312,14.818547657557897,22.50485066005162,0.125
2023-06-11,1596.0,503,10.139471190316335,12.876221656799316,16.499321801321848,133.75
2023-06-18,976.0,156,9.222295352390834,13.089634895324709,19.014973504202707,4.625
2023-06-25,778.0,242,10.25947788783482,14.97577394757952,21.490642547607425,0.375
2023-07-02,645.0,323,9.978708812168666,14.02809715270996,19.996720995221818,2.5
2023-07-09,483.0,280,11.350154570170812,14.13762651171003,17.655599457877024,73.25
2023-07-16,375.0,164,10.756593704223633,12.97263867514474,16.568901470729283,24.875
2023-07-23,211.0,152,11.898093087332589,15.383984020778112,19.95941230228969,7.5
2023-07-30,125.0,377,9.032289505004885,14.125458717346191,22.050945281982425,0.375
2023-08-06,90.0,188,12.348564965384346,15.272335869925362,19.403689656938827,66.0
2023-08-13,87.0,283,12.149961880275182,15.566095352172852,20.963714463370188,19.875
2023-08-20,68.0,246,13.086400168282646,17.019255229404994,22.90312603541783,19.0
2023-08-27,47.0,283,9.75724070412772,13.078004973275322,18.238536289760045,0.0
2023-09-03,35.0,123,14.80247633797782,17.37664876665388,21.780645506722585,31.4375
2023-09-10,28.0,341,13.540208544049944,17.362276758466447,23.21885544913156,5.8125
2023-09-17,36.0,274,15.923840250287736,20.572924750191824,27.953826359340123,29.5
2023-09-24,40.0,363,15.628037180219378,17.866317885262625,21.88847051348005,46.0
2023-10-01,22.0,386,14.681571279253278,16.744218008858816,20.2145630972726,126.625
2023-10-08,10.0,141,14.602645329066686,16.59288583483015,19.69584369659424,170.625
2023-10-15,5.0,214,14.266933032444545,16.328249386378697,19.268983432224815,27.125
2023-10-22,3.0,254,15.768994876316617,18.41267340523856,22.53830419267927,21.5
2023-10-29,3.0,397,16.41328607286726,18.94833700997489,22.671949659075057,167.75
2023-11-05,12.0,241,14.172313826424736,18.94990539550781,25.66164289202009,3.25
2023-11-12,6.0,510,19.447592326572963,22.667348044259207,27.487260546003068,35.6875
2023-11-19,10.0,533,16.829271180289133,19.42740958077567,22.85457883562361,19.5
2023-11-26,13.0,432,18.262321880885533,21.31487546648298,25.97726113455636,39.0
2023-12-03,9.0,286,19.595903669084823,22.089544568743023,26.07259041922433,34.875
2023-12-10,10.0,422,17.588422230311803,21.365349905831472,26.651761191231863,11.0
2023-12-17,16.0,373,19.871813092912948,23.47747720990862,28.375793184552872,5.125
2023-12-24,11.0,0,18.83242171151297,23.14203589303153,28.69102478027344,15.125
2023-12-31,68.0,0,18.31360626220703,20.31035423278809,23.31857681274414,1.5
