SE,ALTO URUGUAI CATARINENSE,ALTO VALE DO ITAJAÍ,ALTO VALE DO RIO DO PEIXE,CARBONÍFERA,EXTREMO OESTE,EXTREMO SUL CATARINENSE,FOZ DO RIO ITAJAÍ,GRANDE FLORIANÓPOLIS,LAGUNA,MEIO OESTE,MÉDIO VALE DO ITAJAÍ,NORDESTE,OESTE,PLANALTO NORTE,SERRA CATARINENSE,VALE DO ITAPOCU,XANXERÊ
1,22.322919836989396,22.417431429840608,20.559653208173263,23.178352342276348,23.849068795097573,22.99538823568376,24.8227738436596,23.455059743628563,23.470984536710315,21.146378257438222,23.921483773962244,24.18532938707871,23.869179198217207,21.365291142737295,19.852440366292395,24.104087173402196,21.841237366334443
2,22.485147400687865,22.695519178325434,20.764660891149564,23.471066552627654,23.926990398234743,23.36114324041929,25.222865726259638,23.922772839949968,23.792810821869136,21.347699622356984,24.2831431372176,24.455728783106224,24.033116234959785,21.571442940700276,20.162367664393216,24.416228962131207,21.988535404642317
3,22.102338244758517,22.295202575553457,20.319303313274773,22.886541880880085,23.736338890804177,22.813634017050802,24.924447718361726,23.519974400369225,23.367599650754386,20.890352982562895,23.936701993801893,24.154253744963366,23.765675673834608,21.197313650936586,19.622577096327504,24.122831388798247,21.737361180261782
4,21.823857728523638,22.059240653560614,20.01858942145252,22.893418931733994,23.41761136849133,22.81181991518234,24.73169097633473,23.279618657297902,23.216902437639327,20.57875726090507,23.728228244467733,24.069832853641152,23.45632306758041,20.943190331181658,19.388378375803985,23.965488000261338,21.47398740130936
5,22.392457985749115,22.708933484254363,20.605717969435762,23.402392483268464,23.876885849665396,23.222374009140978,25.355016679680386,23.914042376015406,23.778397094890796,21.16882230226583,24.44552772607845,24.70144872346657,24.000547337992312,21.572361295750643,20.011978744492133,24.632192364597508,21.98529652855146
6,22.138188632096103,22.45780596997438,20.35057695331252,23.203302691153116,23.79738930059132,23.132614324955103,25.129021872695613,23.655611076691862,23.596268357502737,20.89494806502077,24.13137297771503,24.338464772566308,23.799582591922125,21.27983594818176,19.796252931380266,24.312325677293156,21.80850230990716
7,21.673710235831358,22.031224553142785,19.935732964885478,22.675783118747532,23.247157295532002,22.69608121422727,24.802123008483353,23.461217533260196,23.21935756242905,20.485125019730006,23.804451069059827,24.10423226482463,23.265625846634503,20.857363214451283,19.29273286787753,24.008192833678365,21.339918435705965
8,21.624194557062292,22.171548366526295,20.037667861319054,22.797479861350283,23.08985454017193,22.8314772109298,24.908754567627312,23.424782384381974,23.256173358812724,20.49493461415792,23.886236902113083,24.325426272471958,23.159564749448915,21.08160097350893,19.37003475126718,24.167301519658935,21.29839220255212
9,21.56551844887752,22.0055998002034,19.83535130621801,22.75679615253494,23.08887980920663,22.752566236007475,24.753929694706777,23.28777058937766,23.27100873488036,20.368319832187133,23.693471346372135,24.194501406163216,23.108625682477324,20.89303927102672,19.168555031580915,24.001659061708096,21.23664010250986
10,21.531794291414045,22.142290203749244,19.86445411693976,22.73188602475893,23.018050463977875,22.7610694044744,24.91222167234727,23.34836679124708,23.32931631129315,20.386053774933444,23.838436229028744,24.514392523958353,23.00118299778824,21.05327985057823,19.241044948111956,24.252211977367065,21.21696273973367
11,21.434600493579605,21.738276873163578,19.612276063832756,22.373756176573888,22.988356787133092,22.39049580135861,24.520155116267524,22.971868498566863,22.910928895618117,20.194089059990624,23.42539344041172,23.881121324040496,22.953451244840288,20.666290180355745,18.904928132353334,23.769416865817256,21.1607804984995
12,20.507541339977365,21.049248034959156,18.77525148882523,21.709532718885512,22.11374811775326,21.74248834136217,23.987067542785113,22.391600801324227,22.342285299805045,19.275886193566166,22.84743942577808,23.369649570084647,22.079215393729193,20.0245040149334,18.12844036674821,23.240638322475608,20.292457167324674
13,19.779153962350108,20.19255060293527,17.89652762877592,20.983715055386224,21.45277679931844,21.017704460507346,23.15970139928879,21.62661805857869,21.71090158425199,18.470769810027562,21.9943703967338,22.545002553122387,21.37641141350205,19.164589665001166,17.29319071389945,22.403664301594176,19.581890806059313
14,19.848565650998854,20.0501626771752,17.88182755203721,20.793937416417258,21.451494471156803,20.870081915346045,22.997974089241584,21.40169191510089,21.451276291961072,18.51639160870701,21.866566024020635,22.533683051754522,21.39676192475102,19.115922555610226,17.185536645587398,22.30917826673056,19.618907183778255
15,19.381606368674888,19.730983015174296,17.475792852298497,20.569698975909322,20.928008520887307,20.565038742104708,22.745285306435633,21.197683706447055,21.229789409264196,18.143771904300653,21.584618758461694,22.18235092399577,20.872480258242046,18.684655473812512,16.955935229593457,21.991544094869536,19.202453369271723
16,17.846754951575242,18.400329184603336,16.065314385161106,19.243399670862015,19.30683476200287,19.29502329533011,21.568286381601943,20.03274562451251,20.029504968378173,16.645956106604284,20.329382839384536,21.03597605903194,19.241556017260756,17.404926028808305,15.540662194493018,20.795572305742777,17.64124685171801
17,17.30247045791901,17.70422225101162,15.415818012181699,18.581253960558346,18.775111544374003,18.444251687063367,20.98357302151338,19.461440645787626,19.394601295362946,16.07139288120248,19.73442852662652,20.42270180391173,18.68997505858138,16.693737947477576,14.895026628973971,20.197503137868445,17.15438446503765
18,16.68978279867381,17.181497235684507,14.972674280909594,18.004357297406308,18.16329321870444,17.905842497272076,20.38700273819637,18.959816312923678,18.868996196847608,15.518619076779238,19.156225713655548,20.080520964928393,18.077883476308877,16.28696687720253,14.38622817876683,19.720970272952563,16.587360155087598
19,15.244251869746618,15.826982247427836,13.52030254516331,16.803333989552087,16.67056112461669,16.868849864871343,19.223349373041714,17.702421143806756,17.624482637580826,14.090831257849093,17.901929147299235,18.70646973314311,16.59404763440828,14.836919113849056,13.006153593892737,18.406142383657556,15.139326604177368
20,14.602736956892173,15.23491797382135,12.933231859528712,15.986934599620954,16.05850156940768,15.997664061955042,18.603072526114328,17.109525088441526,16.98958855403146,13.475853488276323,17.325143871753248,18.196817533590725,15.917496807989467,14.350255636532975,12.452961272138825,17.88557674788682,14.565306136479597
21,14.715657391443829,15.231183090860657,12.953834914890347,16.180623335696403,16.127867987270623,16.16340695568954,18.496586951653395,17.132877669297258,17.02613587246949,13.535950747308634,17.206422280579933,18.108976199466262,16.041903870796144,14.30487344582561,12.459436143028737,17.800037064897573,14.638893732831805
22,13.378878008905065,13.86507646574903,11.640954984522756,14.749415693339847,14.757680113317347,14.754135007269134,17.35487445030546,15.833647294032108,15.726753438419559,12.255113153559552,15.8896569321042,16.790168036463445,14.660574576937554,12.952027801427626,11.047802490426443,16.512795619479363,13.26359966349409
23,13.891171983328565,14.097065323288762,12.005451041786884,15.18485418191978,15.17135655789266,15.131285822523452,17.346833059905915,15.811576020357206,16.05631748295577,12.68800411470025,15.860765042556828,16.95518776497751,15.19189506205813,13.230364000454786,11.443347730287382,16.60135483000843,13.708006043234924
24,14.563191682061941,14.323935872166397,12.413666193106582,15.426471759946573,15.907276232809073,15.317083968232499,17.33340679891603,15.93758090730147,16.195658691549955,13.274784404965969,15.967493901578894,16.95528909189682,15.897858205430758,13.449592630630148,11.957119540538711,16.65797795178139,14.45867991739849
25,14.169210995486344,14.10941542749466,12.225630640264308,14.761855358438833,15.536010620108716,14.715810504383104,17.02388726937875,15.460350452968052,15.542195818951452,12.945268734700232,15.738144300733293,16.718619762893635,15.51000552991182,13.357865707463882,11.45178017524144,16.43103512377655,14.140150382987894
26,14.006201929450802,13.985771385489752,11.991581012096253,15.037956416280498,15.384161551099277,15.02987308566021,17.012866689053638,15.586090311412068,15.751177212328829,12.74102457567865,15.68154967170154,16.6407069599275,15.349668530350025,13.119503395875359,11.458783263156167,16.372244383966855,13.917521444382372
27,14.06197158378984,13.738953036738359,11.876945877024422,14.78082022082238,15.55241775731878,14.68390065534388,16.61335066892663,15.24846570498479,15.49971342323811,12.775238856078536,15.301216398610698,16.27197395954492,15.472133263418574,12.917902678062099,11.356705004060967,16.00216185915027,13.917822104181562
28,13.309798155297337,13.202105565828555,11.33875597294602,14.110537227881807,14.444946673084065,13.961299940800268,16.11299887170597,14.698774881927688,14.790598393573687,12.08649979759523,14.861924605637917,15.990880654018845,14.54386375702486,12.504333687730584,10.653295418450528,15.61264902803529,13.188948042016788
29,12.720837420018023,12.790239858032544,10.848984914227936,13.64348884406544,13.913900551390066,13.524311038229609,15.629550100776962,14.13255240906059,14.30708811717024,11.565184707389506,14.395232715251641,15.391285103337784,13.92644251604338,12.024955134925797,10.189138518854728,15.107549359140565,12.571705388492651
30,14.12074879674531,13.605345950784967,11.896976087078544,14.647300324723833,15.389857256287208,14.556619061822289,16.353087658673612,14.864850589667975,15.203307793844935,12.798480932017949,15.202847592605655,16.074397555631446,15.361355151200387,12.871008138600008,11.344020921883597,15.859090959787837,13.930004847875502
31,14.509772856355173,13.89925451482537,12.211200141462479,14.880590766469638,15.93161574831722,14.71963773394797,16.562376742015427,15.059837884432309,15.401954742607073,13.138764669468756,15.446137847669197,16.25505959701024,15.90298130237918,13.14734085634003,11.598628289783985,16.064677623741314,14.285360419955857
32,14.895589373820535,14.342076664397966,12.612616904215573,15.276638460542474,16.368783331362078,15.095168155390324,16.96967905684046,15.49087378508828,15.820979136720796,13.458053555558315,15.888141711016237,16.78145648598992,16.326062670711384,13.609010170878843,11.86689107057934,16.555956547992803,14.787420365643309
33,15.315773340198216,14.712633852419822,12.951545834177452,15.655416753788788,16.778249040302924,15.450165280743455,17.19755521768731,15.85111429679177,16.198427149983537,13.849757239209787,16.16997301355998,16.92688462200833,16.79624648375861,13.893975249125544,12.353348078425606,16.760761360720878,15.164534759566468
34,16.06947798790312,15.324166385771623,13.838599363494575,16.09222444087267,17.36484819298581,15.785942512902514,17.47612341666708,16.061517583059334,16.47854961423258,14.764365666982696,16.57142280117877,17.33102472703733,17.405685562148516,14.636330558914983,13.050020741881074,17.146719573481906,15.886563562112999
35,15.428413336347582,14.874093447311093,13.225718879500848,15.748971341706458,16.918851200099525,15.622545640839881,17.34352797182934,15.926322838483538,16.210676523617337,14.006399282894199,16.366700085726652,17.159939729711116,16.876923892249472,14.171747635659088,12.465026264496235,16.913890174634304,15.296009027585187
36,16.033361874755897,15.559542343184383,13.976267991087134,16.17271049297991,17.64988311486629,15.979438104322671,17.887533866949052,16.411288201220625,16.59922451437336,14.684312790445858,16.925657337816247,17.700719814660413,17.531151094583933,14.953124618654813,13.062039797929247,17.460233014847667,16.058476715306387
37,17.422367854419054,16.819885064930293,15.369555491529532,17.189160828618775,18.84496860803453,16.97253569353808,18.854495837931733,17.364074570891145,17.49770208110548,16.077233689365023,18.15466593076037,18.672376674359057,18.845110549613775,16.32611290931324,14.314028045890474,18.54559877653178,17.403807426347242
38,17.035523418392145,16.72585918119467,15.01599679169236,17.25802210197562,18.690067431776722,17.10074434032465,19.108002115255193,17.538413845309965,17.587463509901163,15.647238490884563,18.149640183585028,18.791806464953567,18.57684312481678,16.078410505899384,14.034096332822068,18.627056477690395,17.04046100192314
39,16.73079205963449,16.296648598703495,14.57448369243659,16.66352018946693,18.56570700135079,16.616376166840777,18.780323826981704,17.143966809309923,17.17630436977528,15.275466140772817,17.791322113136193,18.34769610572054,18.414814565669616,15.608017095257088,13.476706498581883,18.22052291257974,16.75715589320242
40,18.063686258912547,17.44506781494694,15.972965805388808,17.902084167003633,19.792253312563385,17.82555856766081,19.735245171371773,18.038639576523025,18.22439146389,16.642296266695244,18.778447914024454,19.483732218523873,19.692637160091326,16.952095721659568,14.725264490288845,19.297525268076917,18.0524293824219
41,18.50569810339536,18.092321483656796,16.487996094575898,18.654510823942367,20.039061620501922,18.494501253690192,20.312103558754433,18.673706175965147,18.895388467232543,17.141167519272244,19.404397160253485,20.006324193805376,20.03652334172753,17.4961308474252,15.360283648638633,19.86983961318104,18.387996437735957
42,19.013360513223187,18.332974358052333,16.772200558331548,18.944927110899062,20.702173556815602,18.73963884513197,20.53064126707027,18.954875990909727,19.200220811959582,17.545722329168672,19.624808524887282,20.24388362961638,20.621972192999937,17.672490020181336,15.655921780414623,20.05898249795992,18.890998213863114
43,19.29390415613869,18.770521012511587,17.13749980611725,19.48092276192847,20.75618932767765,19.292487209128595,21.160562358667136,19.529713765171596,19.708264876363796,17.849406778809726,20.206429075100722,20.79224362442757,20.817993196796724,18.14159029646263,16.043669972917137,20.634592379665186,19.073934710597733
44,19.63091952069846,19.22989398874962,17.53763788445819,19.732731476681572,20.98780288487342,19.532365645454046,21.56544593944494,19.834959439830037,20.02295507591531,18.26375609172611,20.63318914454737,21.10677016888025,21.05666933391085,18.481723614486256,16.436245669450166,20.998836866479564,19.355295022131617
45,19.585097186359814,18.8738480936998,17.282110519646118,19.50708738179434,21.20866713754695,19.3934646476834,21.29193496893168,19.645685279192243,19.784416716290078,18.063873031131326,20.305021789253534,20.789150921289487,21.24246760386758,18.185305037081452,16.059497798923353,20.670639601854894,19.338454969077098
46,19.967225299329524,19.650378119259248,17.859795623193722,20.294699262777964,21.377945446406887,20.080039227607166,22.06248781943808,20.380586608926354,20.560861549004184,18.561547571939613,21.09013068409709,21.630799197122414,21.493255177170155,18.95370948959067,16.730240782418615,21.50341432545283,19.678693759512065
47,20.846420232755644,20.32145984011164,18.703608720215847,20.81439848428681,22.197750759618888,20.62666569251965,22.593333560954726,20.889228817332878,21.0132116607024,19.488846235264543,21.63058724714667,22.025458156863316,22.325489178587567,19.544981154897346,17.581688995807035,21.97134637836374,20.46719762871529
48,21.245030900422517,20.6060195669284,19.012993540641155,21.155916084789098,22.729727622709124,20.977743452703017,22.949599213669668,21.2672570716957,21.385286966648586,19.810551334033534,22.010866999011018,22.414995175179126,22.865642736943073,19.86076528657129,17.893523710614314,22.343997715989204,20.871015512692637
49,21.1702935756158,21.013961894923945,19.362009551937643,21.350769239891143,22.606417617967267,21.122128115964518,23.275389246370633,21.750227566092352,21.63707132824713,19.965656623025044,22.491693872096736,22.66618234762927,22.652980825873414,20.25389448015691,18.256143732482165,22.65438359926825,20.82896786939102
50,21.701051705604662,21.332623431850344,19.63168941983525,21.86512417469706,23.29259966186026,21.646194273311657,23.53352206483179,22.10598433392017,22.065576884536593,20.34512377915956,22.755702001497344,22.977174223311184,23.33610410347869,20.444408569290648,18.653121038715803,22.937269971067426,21.34595883323176
51,21.907386069377573,21.763179874908186,20.03627328339571,22.35698062930788,23.363710512772567,22.210916276340168,24.11928696301519,22.65293957713734,22.566258403457077,20.668953694085033,23.238289977234682,23.636383490446764,23.442631592732138,20.863143839019063,19.105134073403107,23.47834495290618,21.478993427271472
52,21.933412838104914,21.89302178563848,20.113483743439126,22.303867555232273,23.47159660198175,22.233504705637728,24.323182320775512,22.69322869211172,22.59264026093156,20.7035489377128,23.404814241087283,23.72995217942806,23.500281546824684,20.94157362717152,19.144336904471995,23.626260335664693,21.546515372551355
53,21.28183531055426,21.606326992577834,19.63732008597654,21.859675326162858,22.774589371981225,21.740980433988142,24.138960246094463,22.62913785723897,22.437147781573632,20.108402867285015,23.174864318979765,23.71728091676923,22.783723275173585,20.70294737447898,18.58459236242202,23.507398163969036,21.069873594691487
